item_id,store_id,ts,demand,price
wireless-earbuds,store_001,2024-03-23 00:00:00,187.57,75.56
smart-watch,store_001,2024-03-23 00:00:00,72.86,258.82
bluetooth-speaker,store_001,2024-03-23 00:00:00,239.46,45.29
noise-cancelling-headphones,store_001,2024-03-23 00:00:00,109.47,200.2
4k-webcam,store_001,2024-03-23 00:00:00,145.0,90.8
mechanical-keyboard,store_001,2024-03-23 00:00:00,128.04,132.31
gaming-mouse,store_001,2024-03-23 00:00:00,154.51,72.76
usb-c-hub,store_001,2024-03-23 00:00:00,256.68,37.23
portable-ssd,store_001,2024-03-23 00:00:00,158.03,82.73
smart-display,store_001,2024-03-23 00:00:00,79.68,153.1
robot-vacuum,store_001,2024-03-23 00:00:00,60.11,328.38
action-camera,store_001,2024-03-23 00:00:00,58.07,181.86
wireless-earbuds,store_001,2024-03-24 00:00:00,161.45,81.23
smart-watch,store_001,2024-03-24 00:00:00,56.43,227.28
bluetooth-speaker,store_001,2024-03-24 00:00:00,219.89,47.32
noise-cancelling-headphones,store_001,2024-03-24 00:00:00,112.06,191.11
4k-webcam,store_001,2024-03-24 00:00:00,116.03,84.76
mechanical-keyboard,store_001,2024-03-24 00:00:00,101.02,141.34
gaming-mouse,store_001,2024-03-24 00:00:00,138.88,73.2
usb-c-hub,store_001,2024-03-24 00:00:00,206.0,39.03
portable-ssd,store_001,2024-03-24 00:00:00,135.16,93.31
smart-display,store_001,2024-03-24 00:00:00,71.67,158.27
robot-vacuum,store_001,2024-03-24 00:00:00,52.08,286.05
action-camera,store_001,2024-03-24 00:00:00,66.64,195.93
wireless-earbuds,store_001,2024-03-25 00:00:00,130.03,78.32
smart-watch,store_001,2024-03-25 00:00:00,45.4,247.93
bluetooth-speaker,store_001,2024-03-25 00:00:00,151.88,47.62
noise-cancelling-headphones,store_001,2024-03-25 00:00:00,78.46,215.9
4k-webcam,store_001,2024-03-25 00:00:00,79.52,90.16
mechanical-keyboard,store_001,2024-03-25 00:00:00,92.96,118.22
gaming-mouse,store_001,2024-03-25 00:00:00,119.17,68.9
usb-c-hub,store_001,2024-03-25 00:00:00,207.41,39.04
portable-ssd,store_001,2024-03-25 00:00:00,93.99,96.48
smart-display,store_001,2024-03-25 00:00:00,65.96,156.61
robot-vacuum,store_001,2024-03-25 00:00:00,38.06,308.45
action-camera,store_001,2024-03-25 00:00:00,44.15,177.64
wireless-earbuds,store_001,2024-03-26 00:00:00,77.95,76.2
smart-watch,store_001,2024-03-26 00:00:00,54.71,233.92
bluetooth-speaker,store_001,2024-03-26 00:00:00,183.79,51.38
noise-cancelling-headphones,store_001,2024-03-26 00:00:00,59.05,186.1
4k-webcam,store_001,2024-03-26 00:00:00,85.45,90.54
mechanical-keyboard,store_001,2024-03-26 00:00:00,72.3,125.42
gaming-mouse,store_001,2024-03-26 00:00:00,124.47,74.63
usb-c-hub,store_001,2024-03-26 00:00:00,174.57,36.45
portable-ssd,store_001,2024-03-26 00:00:00,111.82,89.74
smart-display,store_001,2024-03-26 00:00:00,49.35,157.81
robot-vacuum,store_001,2024-03-26 00:00:00,37.0,302.98
action-camera,store_001,2024-03-26 00:00:00,43.89,193.4
wireless-earbuds,store_001,2024-03-27 00:00:00,122.29,83.67
smart-watch,store_001,2024-03-27 00:00:00,62.59,240.58
bluetooth-speaker,store_001,2024-03-27 00:00:00,196.22,50.17
noise-cancelling-headphones,store_001,2024-03-27 00:00:00,83.44,188.98
4k-webcam,store_001,2024-03-27 00:00:00,97.42,84.95
mechanical-keyboard,store_001,2024-03-27 00:00:00,107.49,133.4
gaming-mouse,store_001,2024-03-27 00:00:00,114.49,63.98
usb-c-hub,store_001,2024-03-27 00:00:00,242.98,41.34
portable-ssd,store_001,2024-03-27 00:00:00,89.18,91.27
smart-display,store_001,2024-03-27 00:00:00,68.59,158.53
robot-vacuum,store_001,2024-03-27 00:00:00,45.84,295.85
action-camera,store_001,2024-03-27 00:00:00,47.49,178.8
wireless-earbuds,store_001,2024-03-28 00:00:00,124.16,73.57
smart-watch,store_001,2024-03-28 00:00:00,50.45,241.96
bluetooth-speaker,store_001,2024-03-28 00:00:00,196.49,49.48
noise-cancelling-headphones,store_001,2024-03-28 00:00:00,78.01,191.13
4k-webcam,store_001,2024-03-28 00:00:00,108.06,96.49
mechanical-keyboard,store_001,2024-03-28 00:00:00,116.15,118.31
gaming-mouse,store_001,2024-03-28 00:00:00,140.48,75.96
usb-c-hub,store_001,2024-03-28 00:00:00,180.47,37.32
portable-ssd,store_001,2024-03-28 00:00:00,95.36,82.05
smart-display,store_001,2024-03-28 00:00:00,70.14,164.55
robot-vacuum,store_001,2024-03-28 00:00:00,43.21,295.37
action-camera,store_001,2024-03-28 00:00:00,58.67,197.82
wireless-earbuds,store_001,2024-03-29 00:00:00,149.93,76.74
smart-watch,store_001,2024-03-29 00:00:00,61.89,253.95
bluetooth-speaker,store_001,2024-03-29 00:00:00,186.57,50.83
noise-cancelling-headphones,store_001,2024-03-29 00:00:00,94.91,214.1
4k-webcam,store_001,2024-03-29 00:00:00,164.14,84.34
mechanical-keyboard,store_001,2024-03-29 00:00:00,137.88,134.55
gaming-mouse,store_001,2024-03-29 00:00:00,142.08,66.44
usb-c-hub,store_001,2024-03-29 00:00:00,245.23,40.94
portable-ssd,store_001,2024-03-29 00:00:00,106.1,97.81
smart-display,store_001,2024-03-29 00:00:00,94.14,156.48
robot-vacuum,store_001,2024-03-29 00:00:00,51.66,287.99
action-camera,store_001,2024-03-29 00:00:00,75.29,189.06
wireless-earbuds,store_001,2024-03-30 00:00:00,187.75,87.93
smart-watch,store_001,2024-03-30 00:00:00,91.51,235.65
bluetooth-speaker,store_001,2024-03-30 00:00:00,207.95,53.78
noise-cancelling-headphones,store_001,2024-03-30 00:00:00,143.21,186.3
4k-webcam,store_001,2024-03-30 00:00:00,151.16,98.76
mechanical-keyboard,store_001,2024-03-30 00:00:00,99.16,117.19
gaming-mouse,store_001,2024-03-30 00:00:00,168.25,76.13
usb-c-hub,store_001,2024-03-30 00:00:00,250.26,36.91
portable-ssd,store_001,2024-03-30 00:00:00,157.86,91.88
smart-display,store_001,2024-03-30 00:00:00,94.18,141.1
robot-vacuum,store_001,2024-03-30 00:00:00,54.33,324.31
action-camera,store_001,2024-03-30 00:00:00,61.16,165.31
wireless-earbuds,store_001,2024-03-31 00:00:00,165.24,84.33
smart-watch,store_001,2024-03-31 00:00:00,71.42,238.09
bluetooth-speaker,store_001,2024-03-31 00:00:00,205.29,45.09
noise-cancelling-headphones,store_001,2024-03-31 00:00:00,88.69,215.31
4k-webcam,store_001,2024-03-31 00:00:00,130.81,91.48
mechanical-keyboard,store_001,2024-03-31 00:00:00,105.43,120.3
gaming-mouse,store_001,2024-03-31 00:00:00,125.9,75.04
usb-c-hub,store_001,2024-03-31 00:00:00,258.73,37.67
portable-ssd,store_001,2024-03-31 00:00:00,112.4,96.9
smart-display,store_001,2024-03-31 00:00:00,85.37,153.61
robot-vacuum,store_001,2024-03-31 00:00:00,54.68,328.56
action-camera,store_001,2024-03-31 00:00:00,71.84,193.72
wireless-earbuds,store_001,2024-04-01 00:00:00,157.15,86.88
smart-watch,store_001,2024-04-01 00:00:00,52.73,268.19
bluetooth-speaker,store_001,2024-04-01 00:00:00,154.3,46.07
noise-cancelling-headphones,store_001,2024-04-01 00:00:00,63.05,214.33
4k-webcam,store_001,2024-04-01 00:00:00,101.11,86.48
mechanical-keyboard,store_001,2024-04-01 00:00:00,95.62,122.91
gaming-mouse,store_001,2024-04-01 00:00:00,127.31,75.09
usb-c-hub,store_001,2024-04-01 00:00:00,161.17,38.22
portable-ssd,store_001,2024-04-01 00:00:00,77.0,90.64
smart-display,store_001,2024-04-01 00:00:00,50.81,138.45
robot-vacuum,store_001,2024-04-01 00:00:00,38.53,285.92
action-camera,store_001,2024-04-01 00:00:00,51.38,177.63
wireless-earbuds,store_001,2024-04-02 00:00:00,116.02,80.17
smart-watch,store_001,2024-04-02 00:00:00,47.16,253.82
bluetooth-speaker,store_001,2024-04-02 00:00:00,163.19,54.24
noise-cancelling-headphones,store_001,2024-04-02 00:00:00,83.11,208.77
4k-webcam,store_001,2024-04-02 00:00:00,92.83,82.25
mechanical-keyboard,store_001,2024-04-02 00:00:00,62.57,125.58
gaming-mouse,store_001,2024-04-02 00:00:00,93.66,67.19
usb-c-hub,store_001,2024-04-02 00:00:00,209.08,39.26
portable-ssd,store_001,2024-04-02 00:00:00,85.86,88.56
smart-display,store_001,2024-04-02 00:00:00,55.99,155.31
robot-vacuum,store_001,2024-04-02 00:00:00,44.07,302.87
action-camera,store_001,2024-04-02 00:00:00,45.38,172.32
wireless-earbuds,store_001,2024-04-03 00:00:00,112.64,79.43
smart-watch,store_001,2024-04-03 00:00:00,62.61,235.68
bluetooth-speaker,store_001,2024-04-03 00:00:00,118.07,46.69
noise-cancelling-headphones,store_001,2024-04-03 00:00:00,89.83,200.61
4k-webcam,store_001,2024-04-03 00:00:00,89.32,94.51
mechanical-keyboard,store_001,2024-04-03 00:00:00,78.89,122.83
gaming-mouse,store_001,2024-04-03 00:00:00,128.86,69.64
usb-c-hub,store_001,2024-04-03 00:00:00,178.37,36.57
portable-ssd,store_001,2024-04-03 00:00:00,89.07,93.52
smart-display,store_001,2024-04-03 00:00:00,71.22,142.31
robot-vacuum,store_001,2024-04-03 00:00:00,39.69,316.19
action-camera,store_001,2024-04-03 00:00:00,54.9,177.3
wireless-earbuds,store_001,2024-04-04 00:00:00,162.42,72.79
smart-watch,store_001,2024-04-04 00:00:00,81.85,267.41
bluetooth-speaker,store_001,2024-04-04 00:00:00,136.43,54.87
noise-cancelling-headphones,store_001,2024-04-04 00:00:00,87.35,217.99
4k-webcam,store_001,2024-04-04 00:00:00,117.47,90.08
mechanical-keyboard,store_001,2024-04-04 00:00:00,78.68,131.23
gaming-mouse,store_001,2024-04-04 00:00:00,149.79,66.62
usb-c-hub,store_001,2024-04-04 00:00:00,183.2,41.09
portable-ssd,store_001,2024-04-04 00:00:00,102.77,85.93
smart-display,store_001,2024-04-04 00:00:00,64.26,143.56
robot-vacuum,store_001,2024-04-04 00:00:00,43.56,278.29
action-camera,store_001,2024-04-04 00:00:00,63.36,186.97
wireless-earbuds,store_001,2024-04-05 00:00:00,175.35,80.67
smart-watch,store_001,2024-04-05 00:00:00,72.56,235.33
bluetooth-speaker,store_001,2024-04-05 00:00:00,164.12,51.94
noise-cancelling-headphones,store_001,2024-04-05 00:00:00,106.72,210.61
4k-webcam,store_001,2024-04-05 00:00:00,134.8,94.55
mechanical-keyboard,store_001,2024-04-05 00:00:00,107.03,141.78
gaming-mouse,store_001,2024-04-05 00:00:00,127.85,71.44
usb-c-hub,store_001,2024-04-05 00:00:00,278.39,37.75
portable-ssd,store_001,2024-04-05 00:00:00,126.81,93.21
smart-display,store_001,2024-04-05 00:00:00,86.7,139.94
robot-vacuum,store_001,2024-04-05 00:00:00,49.51,271.61
action-camera,store_001,2024-04-05 00:00:00,68.35,182.31
wireless-earbuds,store_001,2024-04-06 00:00:00,238.3,79.38
smart-watch,store_001,2024-04-06 00:00:00,91.08,243.95
bluetooth-speaker,store_001,2024-04-06 00:00:00,229.11,48.78
noise-cancelling-headphones,store_001,2024-04-06 00:00:00,116.66,213.27
4k-webcam,store_001,2024-04-06 00:00:00,157.79,90.7
mechanical-keyboard,store_001,2024-04-06 00:00:00,117.52,126.09
gaming-mouse,store_001,2024-04-06 00:00:00,144.81,73.55
usb-c-hub,store_001,2024-04-06 00:00:00,197.97,37.59
portable-ssd,store_001,2024-04-06 00:00:00,157.9,93.04
smart-display,store_001,2024-04-06 00:00:00,91.29,141.53
robot-vacuum,store_001,2024-04-06 00:00:00,58.83,306.42
action-camera,store_001,2024-04-06 00:00:00,55.14,166.11
wireless-earbuds,store_001,2024-04-07 00:00:00,204.33,72.4
smart-watch,store_001,2024-04-07 00:00:00,53.42,258.86
bluetooth-speaker,store_001,2024-04-07 00:00:00,222.23,45.75
noise-cancelling-headphones,store_001,2024-04-07 00:00:00,91.51,205.08
4k-webcam,store_001,2024-04-07 00:00:00,137.78,91.8
mechanical-keyboard,store_001,2024-04-07 00:00:00,132.66,142.57
gaming-mouse,store_001,2024-04-07 00:00:00,155.8,68.18
usb-c-hub,store_001,2024-04-07 00:00:00,205.76,38.72
portable-ssd,store_001,2024-04-07 00:00:00,148.0,98.28
smart-display,store_001,2024-04-07 00:00:00,64.46,159.85
robot-vacuum,store_001,2024-04-07 00:00:00,47.88,327.92
action-camera,store_001,2024-04-07 00:00:00,58.25,191.08
wireless-earbuds,store_001,2024-04-08 00:00:00,113.86,83.69
smart-watch,store_001,2024-04-08 00:00:00,56.17,267.57
bluetooth-speaker,store_001,2024-04-08 00:00:00,152.52,47.43
noise-cancelling-headphones,store_001,2024-04-08 00:00:00,73.21,204.4
4k-webcam,store_001,2024-04-08 00:00:00,89.64,84.26
mechanical-keyboard,store_001,2024-04-08 00:00:00,91.74,137.73
gaming-mouse,store_001,2024-04-08 00:00:00,96.84,66.86
usb-c-hub,store_001,2024-04-08 00:00:00,237.59,43.57
portable-ssd,store_001,2024-04-08 00:00:00,109.71,94.64
smart-display,store_001,2024-04-08 00:00:00,66.19,154.37
robot-vacuum,store_001,2024-04-08 00:00:00,34.3,283.29
action-camera,store_001,2024-04-08 00:00:00,47.93,173.01
wireless-earbuds,store_001,2024-04-09 00:00:00,107.33,78.8
smart-watch,store_001,2024-04-09 00:00:00,46.48,241.53
bluetooth-speaker,store_001,2024-04-09 00:00:00,155.19,46.2
noise-cancelling-headphones,store_001,2024-04-09 00:00:00,69.27,184.77
4k-webcam,store_001,2024-04-09 00:00:00,79.2,84.89
mechanical-keyboard,store_001,2024-04-09 00:00:00,76.85,135.83
gaming-mouse,store_001,2024-04-09 00:00:00,131.18,64.4
usb-c-hub,store_001,2024-04-09 00:00:00,175.47,37.81
portable-ssd,store_001,2024-04-09 00:00:00,88.87,85.93
smart-display,store_001,2024-04-09 00:00:00,54.5,151.59
robot-vacuum,store_001,2024-04-09 00:00:00,34.5,299.44
action-camera,store_001,2024-04-09 00:00:00,40.46,182.66
wireless-earbuds,store_001,2024-04-10 00:00:00,128.24,72.81
smart-watch,store_001,2024-04-10 00:00:00,55.2,248.88
bluetooth-speaker,store_001,2024-04-10 00:00:00,196.03,51.28
noise-cancelling-headphones,store_001,2024-04-10 00:00:00,78.59,185.96
4k-webcam,store_001,2024-04-10 00:00:00,85.56,83.12
mechanical-keyboard,store_001,2024-04-10 00:00:00,82.36,132.75
gaming-mouse,store_001,2024-04-10 00:00:00,125.99,69.3
usb-c-hub,store_001,2024-04-10 00:00:00,176.76,42.87
portable-ssd,store_001,2024-04-10 00:00:00,107.61,91.96
smart-display,store_001,2024-04-10 00:00:00,63.09,163.42
robot-vacuum,store_001,2024-04-10 00:00:00,42.4,279.41
action-camera,store_001,2024-04-10 00:00:00,60.28,164.69
wireless-earbuds,store_001,2024-04-11 00:00:00,162.31,76.65
smart-watch,store_001,2024-04-11 00:00:00,66.03,260.34
bluetooth-speaker,store_001,2024-04-11 00:00:00,168.01,54.23
noise-cancelling-headphones,store_001,2024-04-11 00:00:00,70.58,204.99
4k-webcam,store_001,2024-04-11 00:00:00,95.92,90.79
mechanical-keyboard,store_001,2024-04-11 00:00:00,70.92,140.61
gaming-mouse,store_001,2024-04-11 00:00:00,142.85,67.3
usb-c-hub,store_001,2024-04-11 00:00:00,183.8,40.54
portable-ssd,store_001,2024-04-11 00:00:00,100.37,93.58
smart-display,store_001,2024-04-11 00:00:00,68.2,150.0
robot-vacuum,store_001,2024-04-11 00:00:00,47.12,295.91
action-camera,store_001,2024-04-11 00:00:00,57.54,171.0
wireless-earbuds,store_001,2024-04-12 00:00:00,208.19,81.19
smart-watch,store_001,2024-04-12 00:00:00,80.53,274.97
bluetooth-speaker,store_001,2024-04-12 00:00:00,229.83,52.55
noise-cancelling-headphones,store_001,2024-04-12 00:00:00,95.85,206.05
4k-webcam,store_001,2024-04-12 00:00:00,141.0,92.42
mechanical-keyboard,store_001,2024-04-12 00:00:00,112.01,119.36
gaming-mouse,store_001,2024-04-12 00:00:00,144.1,75.0
usb-c-hub,store_001,2024-04-12 00:00:00,275.42,41.54
portable-ssd,store_001,2024-04-12 00:00:00,112.16,90.89
smart-display,store_001,2024-04-12 00:00:00,110.73,144.43
robot-vacuum,store_001,2024-04-12 00:00:00,48.2,300.87
action-camera,store_001,2024-04-12 00:00:00,78.05,185.67
wireless-earbuds,store_001,2024-04-13 00:00:00,180.91,77.78
smart-watch,store_001,2024-04-13 00:00:00,75.87,256.26
bluetooth-speaker,store_001,2024-04-13 00:00:00,238.91,54.27
noise-cancelling-headphones,store_001,2024-04-13 00:00:00,105.49,207.92
4k-webcam,store_001,2024-04-13 00:00:00,176.98,85.3
mechanical-keyboard,store_001,2024-04-13 00:00:00,165.54,131.31
gaming-mouse,store_001,2024-04-13 00:00:00,148.45,75.77
usb-c-hub,store_001,2024-04-13 00:00:00,264.19,36.93
portable-ssd,store_001,2024-04-13 00:00:00,143.28,90.15
smart-display,store_001,2024-04-13 00:00:00,85.62,160.03
robot-vacuum,store_001,2024-04-13 00:00:00,64.68,293.01
action-camera,store_001,2024-04-13 00:00:00,66.41,180.29
wireless-earbuds,store_001,2024-04-14 00:00:00,209.26,84.63
smart-watch,store_001,2024-04-14 00:00:00,61.96,271.7
bluetooth-speaker,store_001,2024-04-14 00:00:00,171.88,47.98
noise-cancelling-headphones,store_001,2024-04-14 00:00:00,97.2,219.95
4k-webcam,store_001,2024-04-14 00:00:00,119.71,87.2
mechanical-keyboard,store_001,2024-04-14 00:00:00,111.1,131.12
gaming-mouse,store_001,2024-04-14 00:00:00,145.97,72.75
usb-c-hub,store_001,2024-04-14 00:00:00,238.75,37.86
portable-ssd,store_001,2024-04-14 00:00:00,118.17,93.68
smart-display,store_001,2024-04-14 00:00:00,74.5,146.57
robot-vacuum,store_001,2024-04-14 00:00:00,42.36,299.71
action-camera,store_001,2024-04-14 00:00:00,57.23,180.07
wireless-earbuds,store_001,2024-04-15 00:00:00,97.27,79.04
smart-watch,store_001,2024-04-15 00:00:00,48.9,247.84
bluetooth-speaker,store_001,2024-04-15 00:00:00,155.59,46.53
noise-cancelling-headphones,store_001,2024-04-15 00:00:00,68.48,218.76
4k-webcam,store_001,2024-04-15 00:00:00,87.78,96.32
mechanical-keyboard,store_001,2024-04-15 00:00:00,93.08,139.33
gaming-mouse,store_001,2024-04-15 00:00:00,104.66,73.62
usb-c-hub,store_001,2024-04-15 00:00:00,180.79,36.28
portable-ssd,store_001,2024-04-15 00:00:00,101.14,98.94
smart-display,store_001,2024-04-15 00:00:00,64.94,148.01
robot-vacuum,store_001,2024-04-15 00:00:00,43.22,296.61
action-camera,store_001,2024-04-15 00:00:00,52.94,194.51
wireless-earbuds,store_001,2024-04-16 00:00:00,156.49,77.99
smart-watch,store_001,2024-04-16 00:00:00,60.58,251.55
bluetooth-speaker,store_001,2024-04-16 00:00:00,132.86,45.78
noise-cancelling-headphones,store_001,2024-04-16 00:00:00,61.88,204.78
4k-webcam,store_001,2024-04-16 00:00:00,102.89,89.29
mechanical-keyboard,store_001,2024-04-16 00:00:00,108.4,123.63
gaming-mouse,store_001,2024-04-16 00:00:00,125.07,72.48
usb-c-hub,store_001,2024-04-16 00:00:00,186.12,39.52
portable-ssd,store_001,2024-04-16 00:00:00,79.86,88.63
smart-display,store_001,2024-04-16 00:00:00,71.53,160.35
robot-vacuum,store_001,2024-04-16 00:00:00,40.27,284.22
action-camera,store_001,2024-04-16 00:00:00,51.85,182.68
wireless-earbuds,store_001,2024-04-17 00:00:00,139.92,82.52
smart-watch,store_001,2024-04-17 00:00:00,62.55,253.29
bluetooth-speaker,store_001,2024-04-17 00:00:00,175.5,51.05
noise-cancelling-headphones,store_001,2024-04-17 00:00:00,67.44,216.16
4k-webcam,store_001,2024-04-17 00:00:00,99.33,87.33
mechanical-keyboard,store_001,2024-04-17 00:00:00,108.38,133.13
gaming-mouse,store_001,2024-04-17 00:00:00,111.8,74.73
usb-c-hub,store_001,2024-04-17 00:00:00,156.4,43.22
portable-ssd,store_001,2024-04-17 00:00:00,96.6,91.42
smart-display,store_001,2024-04-17 00:00:00,59.42,137.69
robot-vacuum,store_001,2024-04-17 00:00:00,43.88,277.92
action-camera,store_001,2024-04-17 00:00:00,63.03,196.96
wireless-earbuds,store_001,2024-04-18 00:00:00,102.75,76.1
smart-watch,store_001,2024-04-18 00:00:00,56.45,249.08
bluetooth-speaker,store_001,2024-04-18 00:00:00,203.83,46.14
noise-cancelling-headphones,store_001,2024-04-18 00:00:00,64.39,185.62
4k-webcam,store_001,2024-04-18 00:00:00,132.9,98.63
mechanical-keyboard,store_001,2024-04-18 00:00:00,83.98,137.91
gaming-mouse,store_001,2024-04-18 00:00:00,125.71,70.5
usb-c-hub,store_001,2024-04-18 00:00:00,239.9,41.37
portable-ssd,store_001,2024-04-18 00:00:00,93.29,97.91
smart-display,store_001,2024-04-18 00:00:00,66.58,142.01
robot-vacuum,store_001,2024-04-18 00:00:00,56.84,324.9
action-camera,store_001,2024-04-18 00:00:00,61.91,164.27
wireless-earbuds,store_001,2024-04-19 00:00:00,209.77,78.52
smart-watch,store_001,2024-04-19 00:00:00,63.3,272.3
bluetooth-speaker,store_001,2024-04-19 00:00:00,230.86,53.86
noise-cancelling-headphones,store_001,2024-04-19 00:00:00,128.51,198.14
4k-webcam,store_001,2024-04-19 00:00:00,112.92,88.53
mechanical-keyboard,store_001,2024-04-19 00:00:00,93.01,121.01
gaming-mouse,store_001,2024-04-19 00:00:00,154.57,68.7
usb-c-hub,store_001,2024-04-19 00:00:00,232.88,36.25
portable-ssd,store_001,2024-04-19 00:00:00,108.35,96.39
smart-display,store_001,2024-04-19 00:00:00,103.03,155.56
robot-vacuum,store_001,2024-04-19 00:00:00,39.27,293.88
action-camera,store_001,2024-04-19 00:00:00,66.09,166.39
wireless-earbuds,store_001,2024-04-20 00:00:00,204.86,82.26
smart-watch,store_001,2024-04-20 00:00:00,73.58,226.06
bluetooth-speaker,store_001,2024-04-20 00:00:00,267.86,50.64
noise-cancelling-headphones,store_001,2024-04-20 00:00:00,114.33,210.6
4k-webcam,store_001,2024-04-20 00:00:00,141.28,86.9
mechanical-keyboard,store_001,2024-04-20 00:00:00,149.1,140.4
gaming-mouse,store_001,2024-04-20 00:00:00,233.7,64.81
usb-c-hub,store_001,2024-04-20 00:00:00,286.04,37.39
portable-ssd,store_001,2024-04-20 00:00:00,154.0,95.21
smart-display,store_001,2024-04-20 00:00:00,97.62,144.7
robot-vacuum,store_001,2024-04-20 00:00:00,59.15,301.56
action-camera,store_001,2024-04-20 00:00:00,73.44,179.13
wireless-earbuds,store_001,2024-04-21 00:00:00,191.79,80.05
smart-watch,store_001,2024-04-21 00:00:00,58.0,227.16
bluetooth-speaker,store_001,2024-04-21 00:00:00,225.21,49.57
noise-cancelling-headphones,store_001,2024-04-21 00:00:00,70.52,182.42
4k-webcam,store_001,2024-04-21 00:00:00,111.46,89.81
mechanical-keyboard,store_001,2024-04-21 00:00:00,106.04,118.9
gaming-mouse,store_001,2024-04-21 00:00:00,193.36,66.84
usb-c-hub,store_001,2024-04-21 00:00:00,251.6,40.38
portable-ssd,store_001,2024-04-21 00:00:00,102.84,89.16
smart-display,store_001,2024-04-21 00:00:00,110.33,137.97
robot-vacuum,store_001,2024-04-21 00:00:00,48.57,316.13
action-camera,store_001,2024-04-21 00:00:00,48.81,169.73
wireless-earbuds,store_001,2024-04-22 00:00:00,127.29,79.25
smart-watch,store_001,2024-04-22 00:00:00,59.94,229.75
bluetooth-speaker,store_001,2024-04-22 00:00:00,143.84,46.52
noise-cancelling-headphones,store_001,2024-04-22 00:00:00,77.8,182.68
4k-webcam,store_001,2024-04-22 00:00:00,113.06,94.29
mechanical-keyboard,store_001,2024-04-22 00:00:00,78.74,131.46
gaming-mouse,store_001,2024-04-22 00:00:00,108.15,64.7
usb-c-hub,store_001,2024-04-22 00:00:00,175.6,41.31
portable-ssd,store_001,2024-04-22 00:00:00,93.06,98.42
smart-display,store_001,2024-04-22 00:00:00,48.22,145.54
robot-vacuum,store_001,2024-04-22 00:00:00,37.44,283.45
action-camera,store_001,2024-04-22 00:00:00,52.83,192.42
wireless-earbuds,store_001,2024-04-23 00:00:00,107.78,84.9
smart-watch,store_001,2024-04-23 00:00:00,58.06,273.72
bluetooth-speaker,store_001,2024-04-23 00:00:00,163.43,45.25
noise-cancelling-headphones,store_001,2024-04-23 00:00:00,57.72,213.17
4k-webcam,store_001,2024-04-23 00:00:00,91.51,86.55
mechanical-keyboard,store_001,2024-04-23 00:00:00,92.17,117.15
gaming-mouse,store_001,2024-04-23 00:00:00,128.22,64.98
usb-c-hub,store_001,2024-04-23 00:00:00,150.93,36.24
portable-ssd,store_001,2024-04-23 00:00:00,93.09,87.13
smart-display,store_001,2024-04-23 00:00:00,57.55,156.64
robot-vacuum,store_001,2024-04-23 00:00:00,43.72,273.15
action-camera,store_001,2024-04-23 00:00:00,43.51,184.23
wireless-earbuds,store_001,2024-04-24 00:00:00,132.24,79.76
smart-watch,store_001,2024-04-24 00:00:00,56.58,238.65
bluetooth-speaker,store_001,2024-04-24 00:00:00,180.27,47.82
noise-cancelling-headphones,store_001,2024-04-24 00:00:00,76.04,199.46
4k-webcam,store_001,2024-04-24 00:00:00,108.71,91.78
mechanical-keyboard,store_001,2024-04-24 00:00:00,99.62,124.83
gaming-mouse,store_001,2024-04-24 00:00:00,136.54,67.58
usb-c-hub,store_001,2024-04-24 00:00:00,230.31,41.97
portable-ssd,store_001,2024-04-24 00:00:00,104.54,89.99
smart-display,store_001,2024-04-24 00:00:00,71.16,159.18
robot-vacuum,store_001,2024-04-24 00:00:00,58.82,271.12
action-camera,store_001,2024-04-24 00:00:00,54.84,193.03
wireless-earbuds,store_001,2024-04-25 00:00:00,124.73,78.67
smart-watch,store_001,2024-04-25 00:00:00,64.64,226.03
bluetooth-speaker,store_001,2024-04-25 00:00:00,165.4,53.31
noise-cancelling-headphones,store_001,2024-04-25 00:00:00,96.83,183.52
4k-webcam,store_001,2024-04-25 00:00:00,118.34,90.42
mechanical-keyboard,store_001,2024-04-25 00:00:00,93.64,125.06
gaming-mouse,store_001,2024-04-25 00:00:00,136.27,70.14
usb-c-hub,store_001,2024-04-25 00:00:00,245.25,40.07
portable-ssd,store_001,2024-04-25 00:00:00,114.19,95.73
smart-display,store_001,2024-04-25 00:00:00,64.17,142.08
robot-vacuum,store_001,2024-04-25 00:00:00,48.19,315.6
action-camera,store_001,2024-04-25 00:00:00,59.1,168.37
wireless-earbuds,store_001,2024-04-26 00:00:00,177.63,84.15
smart-watch,store_001,2024-04-26 00:00:00,68.26,271.2
bluetooth-speaker,store_001,2024-04-26 00:00:00,187.32,53.63
noise-cancelling-headphones,store_001,2024-04-26 00:00:00,97.78,186.03
4k-webcam,store_001,2024-04-26 00:00:00,161.74,85.93
mechanical-keyboard,store_001,2024-04-26 00:00:00,137.94,130.18
gaming-mouse,store_001,2024-04-26 00:00:00,170.34,74.63
usb-c-hub,store_001,2024-04-26 00:00:00,308.08,42.9
portable-ssd,store_001,2024-04-26 00:00:00,146.19,89.32
smart-display,store_001,2024-04-26 00:00:00,76.15,158.74
robot-vacuum,store_001,2024-04-26 00:00:00,58.97,309.1
action-camera,store_001,2024-04-26 00:00:00,66.32,179.11
wireless-earbuds,store_001,2024-04-27 00:00:00,221.11,86.38
smart-watch,store_001,2024-04-27 00:00:00,91.21,260.71
bluetooth-speaker,store_001,2024-04-27 00:00:00,241.38,49.37
noise-cancelling-headphones,store_001,2024-04-27 00:00:00,118.33,200.9
4k-webcam,store_001,2024-04-27 00:00:00,168.16,88.35
mechanical-keyboard,store_001,2024-04-27 00:00:00,148.34,132.53
gaming-mouse,store_001,2024-04-27 00:00:00,202.99,64.31
usb-c-hub,store_001,2024-04-27 00:00:00,221.16,38.26
portable-ssd,store_001,2024-04-27 00:00:00,129.14,96.71
smart-display,store_001,2024-04-27 00:00:00,82.45,152.47
robot-vacuum,store_001,2024-04-27 00:00:00,60.17,311.9
action-camera,store_001,2024-04-27 00:00:00,84.15,183.41
wireless-earbuds,store_001,2024-04-28 00:00:00,197.86,84.66
smart-watch,store_001,2024-04-28 00:00:00,67.88,258.5
bluetooth-speaker,store_001,2024-04-28 00:00:00,230.44,50.25
noise-cancelling-headphones,store_001,2024-04-28 00:00:00,82.97,196.93
4k-webcam,store_001,2024-04-28 00:00:00,131.79,84.85
mechanical-keyboard,store_001,2024-04-28 00:00:00,114.28,129.63
gaming-mouse,store_001,2024-04-28 00:00:00,173.04,74.81
usb-c-hub,store_001,2024-04-28 00:00:00,279.47,42.16
portable-ssd,store_001,2024-04-28 00:00:00,157.13,87.05
smart-display,store_001,2024-04-28 00:00:00,63.31,138.92
robot-vacuum,store_001,2024-04-28 00:00:00,48.47,316.26
action-camera,store_001,2024-04-28 00:00:00,65.86,167.95
wireless-earbuds,store_001,2024-04-29 00:00:00,116.66,75.79
smart-watch,store_001,2024-04-29 00:00:00,61.8,239.24
bluetooth-speaker,store_001,2024-04-29 00:00:00,168.09,48.09
noise-cancelling-headphones,store_001,2024-04-29 00:00:00,65.24,198.75
4k-webcam,store_001,2024-04-29 00:00:00,99.81,98.71
mechanical-keyboard,store_001,2024-04-29 00:00:00,81.21,124.32
gaming-mouse,store_001,2024-04-29 00:00:00,98.94,74.43
usb-c-hub,store_001,2024-04-29 00:00:00,194.5,37.1
portable-ssd,store_001,2024-04-29 00:00:00,91.45,90.97
smart-display,store_001,2024-04-29 00:00:00,83.35,160.37
robot-vacuum,store_001,2024-04-29 00:00:00,42.47,286.36
action-camera,store_001,2024-04-29 00:00:00,43.81,167.3
wireless-earbuds,store_001,2024-04-30 00:00:00,99.45,79.21
smart-watch,store_001,2024-04-30 00:00:00,63.0,226.32
bluetooth-speaker,store_001,2024-04-30 00:00:00,190.77,54.93
noise-cancelling-headphones,store_001,2024-04-30 00:00:00,80.95,181.12
4k-webcam,store_001,2024-04-30 00:00:00,114.44,95.23
mechanical-keyboard,store_001,2024-04-30 00:00:00,81.72,124.45
gaming-mouse,store_001,2024-04-30 00:00:00,134.78,72.87
usb-c-hub,store_001,2024-04-30 00:00:00,150.25,36.03
portable-ssd,store_001,2024-04-30 00:00:00,94.03,90.87
smart-display,store_001,2024-04-30 00:00:00,61.94,150.82
robot-vacuum,store_001,2024-04-30 00:00:00,44.69,272.86
action-camera,store_001,2024-04-30 00:00:00,52.77,190.57
wireless-earbuds,store_001,2024-05-01 00:00:00,125.89,81.54
smart-watch,store_001,2024-05-01 00:00:00,69.11,250.76
bluetooth-speaker,store_001,2024-05-01 00:00:00,183.34,51.14
noise-cancelling-headphones,store_001,2024-05-01 00:00:00,95.46,196.65
4k-webcam,store_001,2024-05-01 00:00:00,97.06,82.21
mechanical-keyboard,store_001,2024-05-01 00:00:00,90.46,130.18
gaming-mouse,store_001,2024-05-01 00:00:00,153.19,69.57
usb-c-hub,store_001,2024-05-01 00:00:00,192.55,43.84
portable-ssd,store_001,2024-05-01 00:00:00,98.98,87.2
smart-display,store_001,2024-05-01 00:00:00,68.25,153.84
robot-vacuum,store_001,2024-05-01 00:00:00,47.78,272.65
action-camera,store_001,2024-05-01 00:00:00,43.97,191.28
wireless-earbuds,store_001,2024-05-02 00:00:00,169.22,83.12
smart-watch,store_001,2024-05-02 00:00:00,75.79,265.56
bluetooth-speaker,store_001,2024-05-02 00:00:00,228.96,47.92
noise-cancelling-headphones,store_001,2024-05-02 00:00:00,106.07,187.97
4k-webcam,store_001,2024-05-02 00:00:00,147.4,98.79
mechanical-keyboard,store_001,2024-05-02 00:00:00,106.95,123.58
gaming-mouse,store_001,2024-05-02 00:00:00,141.79,73.92
usb-c-hub,store_001,2024-05-02 00:00:00,180.89,38.65
portable-ssd,store_001,2024-05-02 00:00:00,110.86,94.37
smart-display,store_001,2024-05-02 00:00:00,73.79,146.59
robot-vacuum,store_001,2024-05-02 00:00:00,54.27,325.45
action-camera,store_001,2024-05-02 00:00:00,56.66,190.83
wireless-earbuds,store_001,2024-05-03 00:00:00,181.11,85.15
smart-watch,store_001,2024-05-03 00:00:00,75.09,241.05
bluetooth-speaker,store_001,2024-05-03 00:00:00,277.18,51.02
noise-cancelling-headphones,store_001,2024-05-03 00:00:00,120.19,207.58
4k-webcam,store_001,2024-05-03 00:00:00,128.05,87.34
mechanical-keyboard,store_001,2024-05-03 00:00:00,112.95,124.13
gaming-mouse,store_001,2024-05-03 00:00:00,233.55,71.91
usb-c-hub,store_001,2024-05-03 00:00:00,254.19,42.4
portable-ssd,store_001,2024-05-03 00:00:00,126.08,91.93
smart-display,store_001,2024-05-03 00:00:00,62.11,136.03
robot-vacuum,store_001,2024-05-03 00:00:00,70.61,292.96
action-camera,store_001,2024-05-03 00:00:00,75.63,183.77
wireless-earbuds,store_001,2024-05-04 00:00:00,181.75,84.2
smart-watch,store_001,2024-05-04 00:00:00,62.87,251.46
bluetooth-speaker,store_001,2024-05-04 00:00:00,227.5,46.13
noise-cancelling-headphones,store_001,2024-05-04 00:00:00,125.04,199.95
4k-webcam,store_001,2024-05-04 00:00:00,142.34,85.68
mechanical-keyboard,store_001,2024-05-04 00:00:00,147.79,142.89
gaming-mouse,store_001,2024-05-04 00:00:00,171.33,64.71
usb-c-hub,store_001,2024-05-04 00:00:00,327.78,39.61
portable-ssd,store_001,2024-05-04 00:00:00,175.6,93.26
smart-display,store_001,2024-05-04 00:00:00,84.08,144.58
robot-vacuum,store_001,2024-05-04 00:00:00,60.83,323.47
action-camera,store_001,2024-05-04 00:00:00,74.09,187.61
wireless-earbuds,store_001,2024-05-05 00:00:00,194.13,80.13
smart-watch,store_001,2024-05-05 00:00:00,76.04,235.04
bluetooth-speaker,store_001,2024-05-05 00:00:00,276.15,50.53
noise-cancelling-headphones,store_001,2024-05-05 00:00:00,125.04,212.14
4k-webcam,store_001,2024-05-05 00:00:00,123.89,86.56
mechanical-keyboard,store_001,2024-05-05 00:00:00,99.89,135.68
gaming-mouse,store_001,2024-05-05 00:00:00,119.52,64.02
usb-c-hub,store_001,2024-05-05 00:00:00,215.94,41.13
portable-ssd,store_001,2024-05-05 00:00:00,110.5,96.79
smart-display,store_001,2024-05-05 00:00:00,86.04,154.18
robot-vacuum,store_001,2024-05-05 00:00:00,63.52,324.63
action-camera,store_001,2024-05-05 00:00:00,94.85,166.46
wireless-earbuds,store_001,2024-05-06 00:00:00,149.25,83.34
smart-watch,store_001,2024-05-06 00:00:00,64.62,272.03
bluetooth-speaker,store_001,2024-05-06 00:00:00,213.48,51.34
noise-cancelling-headphones,store_001,2024-05-06 00:00:00,68.89,185.0
4k-webcam,store_001,2024-05-06 00:00:00,99.89,84.03
mechanical-keyboard,store_001,2024-05-06 00:00:00,94.27,121.0
gaming-mouse,store_001,2024-05-06 00:00:00,108.87,74.78
usb-c-hub,store_001,2024-05-06 00:00:00,158.16,42.59
portable-ssd,store_001,2024-05-06 00:00:00,100.91,91.37
smart-display,store_001,2024-05-06 00:00:00,65.23,158.0
robot-vacuum,store_001,2024-05-06 00:00:00,36.6,307.62
action-camera,store_001,2024-05-06 00:00:00,59.41,196.43
wireless-earbuds,store_001,2024-05-07 00:00:00,98.6,76.75
smart-watch,store_001,2024-05-07 00:00:00,61.99,227.99
bluetooth-speaker,store_001,2024-05-07 00:00:00,149.62,51.06
noise-cancelling-headphones,store_001,2024-05-07 00:00:00,83.45,208.72
4k-webcam,store_001,2024-05-07 00:00:00,87.49,83.34
mechanical-keyboard,store_001,2024-05-07 00:00:00,66.94,131.59
gaming-mouse,store_001,2024-05-07 00:00:00,115.53,66.46
usb-c-hub,store_001,2024-05-07 00:00:00,218.29,38.31
portable-ssd,store_001,2024-05-07 00:00:00,86.99,96.56
smart-display,store_001,2024-05-07 00:00:00,74.73,144.81
robot-vacuum,store_001,2024-05-07 00:00:00,34.86,299.89
action-camera,store_001,2024-05-07 00:00:00,46.96,179.95
wireless-earbuds,store_001,2024-05-08 00:00:00,132.78,80.08
smart-watch,store_001,2024-05-08 00:00:00,58.42,235.75
bluetooth-speaker,store_001,2024-05-08 00:00:00,178.56,53.81
noise-cancelling-headphones,store_001,2024-05-08 00:00:00,86.16,198.81
4k-webcam,store_001,2024-05-08 00:00:00,87.53,96.87
mechanical-keyboard,store_001,2024-05-08 00:00:00,87.12,136.85
gaming-mouse,store_001,2024-05-08 00:00:00,119.55,65.72
usb-c-hub,store_001,2024-05-08 00:00:00,218.94,36.58
portable-ssd,store_001,2024-05-08 00:00:00,88.54,98.79
smart-display,store_001,2024-05-08 00:00:00,68.09,138.56
robot-vacuum,store_001,2024-05-08 00:00:00,48.06,290.34
action-camera,store_001,2024-05-08 00:00:00,49.95,189.17
wireless-earbuds,store_001,2024-05-09 00:00:00,162.59,72.72
smart-watch,store_001,2024-05-09 00:00:00,81.05,241.64
bluetooth-speaker,store_001,2024-05-09 00:00:00,164.31,50.15
noise-cancelling-headphones,store_001,2024-05-09 00:00:00,96.4,204.51
4k-webcam,store_001,2024-05-09 00:00:00,133.9,86.38
mechanical-keyboard,store_001,2024-05-09 00:00:00,138.18,138.52
gaming-mouse,store_001,2024-05-09 00:00:00,118.29,74.41
usb-c-hub,store_001,2024-05-09 00:00:00,211.85,41.38
portable-ssd,store_001,2024-05-09 00:00:00,122.68,94.05
smart-display,store_001,2024-05-09 00:00:00,70.84,135.79
robot-vacuum,store_001,2024-05-09 00:00:00,31.45,316.56
action-camera,store_001,2024-05-09 00:00:00,60.99,187.96
wireless-earbuds,store_001,2024-05-10 00:00:00,172.14,81.91
smart-watch,store_001,2024-05-10 00:00:00,72.41,232.38
bluetooth-speaker,store_001,2024-05-10 00:00:00,210.49,46.09
noise-cancelling-headphones,store_001,2024-05-10 00:00:00,117.9,192.54
4k-webcam,store_001,2024-05-10 00:00:00,161.24,94.94
mechanical-keyboard,store_001,2024-05-10 00:00:00,130.16,139.68
gaming-mouse,store_001,2024-05-10 00:00:00,180.72,65.89
usb-c-hub,store_001,2024-05-10 00:00:00,257.8,41.29
portable-ssd,store_001,2024-05-10 00:00:00,130.59,97.41
smart-display,store_001,2024-05-10 00:00:00,92.4,145.62
robot-vacuum,store_001,2024-05-10 00:00:00,58.38,311.59
action-camera,store_001,2024-05-10 00:00:00,56.7,168.91
wireless-earbuds,store_001,2024-05-11 00:00:00,217.47,87.56
smart-watch,store_001,2024-05-11 00:00:00,105.41,239.44
bluetooth-speaker,store_001,2024-05-11 00:00:00,277.51,48.48
noise-cancelling-headphones,store_001,2024-05-11 00:00:00,129.87,211.81
4k-webcam,store_001,2024-05-11 00:00:00,148.99,87.82
mechanical-keyboard,store_001,2024-05-11 00:00:00,129.04,138.27
gaming-mouse,store_001,2024-05-11 00:00:00,231.83,67.02
usb-c-hub,store_001,2024-05-11 00:00:00,254.7,38.76
portable-ssd,store_001,2024-05-11 00:00:00,136.49,84.63
smart-display,store_001,2024-05-11 00:00:00,101.63,162.98
robot-vacuum,store_001,2024-05-11 00:00:00,60.93,305.2
action-camera,store_001,2024-05-11 00:00:00,76.9,186.1
wireless-earbuds,store_001,2024-05-12 00:00:00,164.2,78.6
smart-watch,store_001,2024-05-12 00:00:00,71.61,230.02
bluetooth-speaker,store_001,2024-05-12 00:00:00,222.92,54.28
noise-cancelling-headphones,store_001,2024-05-12 00:00:00,106.83,217.39
4k-webcam,store_001,2024-05-12 00:00:00,160.02,98.34
mechanical-keyboard,store_001,2024-05-12 00:00:00,111.27,133.78
gaming-mouse,store_001,2024-05-12 00:00:00,166.91,70.48
usb-c-hub,store_001,2024-05-12 00:00:00,231.89,43.48
portable-ssd,store_001,2024-05-12 00:00:00,128.82,84.15
smart-display,store_001,2024-05-12 00:00:00,77.0,164.9
robot-vacuum,store_001,2024-05-12 00:00:00,45.55,327.72
action-camera,store_001,2024-05-12 00:00:00,68.16,193.55
wireless-earbuds,store_001,2024-05-13 00:00:00,174.65,87.72
smart-watch,store_001,2024-05-13 00:00:00,63.09,274.44
bluetooth-speaker,store_001,2024-05-13 00:00:00,137.35,53.5
noise-cancelling-headphones,store_001,2024-05-13 00:00:00,79.59,187.7
4k-webcam,store_001,2024-05-13 00:00:00,113.04,85.62
mechanical-keyboard,store_001,2024-05-13 00:00:00,102.14,136.14
gaming-mouse,store_001,2024-05-13 00:00:00,123.91,65.45
usb-c-hub,store_001,2024-05-13 00:00:00,152.57,43.17
portable-ssd,store_001,2024-05-13 00:00:00,117.28,93.04
smart-display,store_001,2024-05-13 00:00:00,62.74,139.21
robot-vacuum,store_001,2024-05-13 00:00:00,43.74,284.12
action-camera,store_001,2024-05-13 00:00:00,54.57,196.33
wireless-earbuds,store_001,2024-05-14 00:00:00,136.13,82.45
smart-watch,store_001,2024-05-14 00:00:00,64.22,228.1
bluetooth-speaker,store_001,2024-05-14 00:00:00,179.82,50.02
noise-cancelling-headphones,store_001,2024-05-14 00:00:00,76.3,208.13
4k-webcam,store_001,2024-05-14 00:00:00,89.85,86.3
mechanical-keyboard,store_001,2024-05-14 00:00:00,89.3,122.69
gaming-mouse,store_001,2024-05-14 00:00:00,117.81,71.47
usb-c-hub,store_001,2024-05-14 00:00:00,194.87,40.38
portable-ssd,store_001,2024-05-14 00:00:00,79.0,84.92
smart-display,store_001,2024-05-14 00:00:00,68.84,157.63
robot-vacuum,store_001,2024-05-14 00:00:00,42.89,312.22
action-camera,store_001,2024-05-14 00:00:00,52.43,182.3
wireless-earbuds,store_001,2024-05-15 00:00:00,169.55,81.15
smart-watch,store_001,2024-05-15 00:00:00,72.03,241.4
bluetooth-speaker,store_001,2024-05-15 00:00:00,184.18,50.82
noise-cancelling-headphones,store_001,2024-05-15 00:00:00,93.72,200.4
4k-webcam,store_001,2024-05-15 00:00:00,118.02,89.21
mechanical-keyboard,store_001,2024-05-15 00:00:00,93.13,129.01
gaming-mouse,store_001,2024-05-15 00:00:00,145.47,74.42
usb-c-hub,store_001,2024-05-15 00:00:00,160.09,40.62
portable-ssd,store_001,2024-05-15 00:00:00,129.65,98.88
smart-display,store_001,2024-05-15 00:00:00,67.67,137.06
robot-vacuum,store_001,2024-05-15 00:00:00,48.37,316.13
action-camera,store_001,2024-05-15 00:00:00,52.82,197.21
wireless-earbuds,store_001,2024-05-16 00:00:00,131.1,78.11
smart-watch,store_001,2024-05-16 00:00:00,56.14,270.33
bluetooth-speaker,store_001,2024-05-16 00:00:00,164.69,50.38
noise-cancelling-headphones,store_001,2024-05-16 00:00:00,100.91,193.9
4k-webcam,store_001,2024-05-16 00:00:00,126.43,94.09
mechanical-keyboard,store_001,2024-05-16 00:00:00,123.48,117.08
gaming-mouse,store_001,2024-05-16 00:00:00,149.87,70.61
usb-c-hub,store_001,2024-05-16 00:00:00,218.84,42.58
portable-ssd,store_001,2024-05-16 00:00:00,119.33,97.86
smart-display,store_001,2024-05-16 00:00:00,80.61,138.38
robot-vacuum,store_001,2024-05-16 00:00:00,48.37,323.01
action-camera,store_001,2024-05-16 00:00:00,57.87,169.41
wireless-earbuds,store_001,2024-05-17 00:00:00,191.88,83.24
smart-watch,store_001,2024-05-17 00:00:00,90.64,262.02
bluetooth-speaker,store_001,2024-05-17 00:00:00,232.42,53.63
noise-cancelling-headphones,store_001,2024-05-17 00:00:00,127.97,200.15
4k-webcam,store_001,2024-05-17 00:00:00,130.65,86.73
mechanical-keyboard,store_001,2024-05-17 00:00:00,148.84,134.48
gaming-mouse,store_001,2024-05-17 00:00:00,175.32,72.23
usb-c-hub,store_001,2024-05-17 00:00:00,303.49,38.39
portable-ssd,store_001,2024-05-17 00:00:00,162.36,97.4
smart-display,store_001,2024-05-17 00:00:00,99.64,147.81
robot-vacuum,store_001,2024-05-17 00:00:00,36.66,310.27
action-camera,store_001,2024-05-17 00:00:00,68.86,173.46
wireless-earbuds,store_001,2024-05-18 00:00:00,200.37,84.06
smart-watch,store_001,2024-05-18 00:00:00,92.37,267.46
bluetooth-speaker,store_001,2024-05-18 00:00:00,227.87,54.14
noise-cancelling-headphones,store_001,2024-05-18 00:00:00,141.78,218.7
4k-webcam,store_001,2024-05-18 00:00:00,155.75,84.65
mechanical-keyboard,store_001,2024-05-18 00:00:00,129.15,140.97
gaming-mouse,store_001,2024-05-18 00:00:00,183.33,65.66
usb-c-hub,store_001,2024-05-18 00:00:00,286.87,41.38
portable-ssd,store_001,2024-05-18 00:00:00,128.71,94.7
smart-display,store_001,2024-05-18 00:00:00,81.72,151.76
robot-vacuum,store_001,2024-05-18 00:00:00,50.64,327.41
action-camera,store_001,2024-05-18 00:00:00,89.16,195.73
wireless-earbuds,store_001,2024-05-19 00:00:00,174.44,79.65
smart-watch,store_001,2024-05-19 00:00:00,81.17,255.21
bluetooth-speaker,store_001,2024-05-19 00:00:00,241.87,52.74
noise-cancelling-headphones,store_001,2024-05-19 00:00:00,138.02,201.34
4k-webcam,store_001,2024-05-19 00:00:00,130.36,89.94
mechanical-keyboard,store_001,2024-05-19 00:00:00,138.98,142.5
gaming-mouse,store_001,2024-05-19 00:00:00,116.63,68.18
usb-c-hub,store_001,2024-05-19 00:00:00,268.19,40.49
portable-ssd,store_001,2024-05-19 00:00:00,140.64,97.81
smart-display,store_001,2024-05-19 00:00:00,92.78,147.52
robot-vacuum,store_001,2024-05-19 00:00:00,61.79,319.99
action-camera,store_001,2024-05-19 00:00:00,75.57,185.56
wireless-earbuds,store_001,2024-05-20 00:00:00,127.72,87.45
smart-watch,store_001,2024-05-20 00:00:00,53.88,249.52
bluetooth-speaker,store_001,2024-05-20 00:00:00,207.26,52.19
noise-cancelling-headphones,store_001,2024-05-20 00:00:00,98.76,216.67
4k-webcam,store_001,2024-05-20 00:00:00,97.57,81.6
mechanical-keyboard,store_001,2024-05-20 00:00:00,82.52,141.56
gaming-mouse,store_001,2024-05-20 00:00:00,116.32,74.78
usb-c-hub,store_001,2024-05-20 00:00:00,169.38,41.65
portable-ssd,store_001,2024-05-20 00:00:00,120.18,92.11
smart-display,store_001,2024-05-20 00:00:00,66.67,153.49
robot-vacuum,store_001,2024-05-20 00:00:00,41.65,303.09
action-camera,store_001,2024-05-20 00:00:00,59.86,181.05
wireless-earbuds,store_001,2024-05-21 00:00:00,138.96,85.0
smart-watch,store_001,2024-05-21 00:00:00,73.12,265.3
bluetooth-speaker,store_001,2024-05-21 00:00:00,187.83,46.48
noise-cancelling-headphones,store_001,2024-05-21 00:00:00,80.57,201.05
4k-webcam,store_001,2024-05-21 00:00:00,107.32,87.71
mechanical-keyboard,store_001,2024-05-21 00:00:00,81.41,131.68
gaming-mouse,store_001,2024-05-21 00:00:00,125.22,74.86
usb-c-hub,store_001,2024-05-21 00:00:00,177.62,42.86
portable-ssd,store_001,2024-05-21 00:00:00,99.37,90.94
smart-display,store_001,2024-05-21 00:00:00,66.48,135.27
robot-vacuum,store_001,2024-05-21 00:00:00,44.81,317.05
action-camera,store_001,2024-05-21 00:00:00,56.21,192.88
wireless-earbuds,store_001,2024-05-22 00:00:00,184.18,75.37
smart-watch,store_001,2024-05-22 00:00:00,64.54,269.37
bluetooth-speaker,store_001,2024-05-22 00:00:00,195.28,54.24
noise-cancelling-headphones,store_001,2024-05-22 00:00:00,81.62,202.53
4k-webcam,store_001,2024-05-22 00:00:00,150.34,98.3
mechanical-keyboard,store_001,2024-05-22 00:00:00,102.35,136.55
gaming-mouse,store_001,2024-05-22 00:00:00,142.2,65.26
usb-c-hub,store_001,2024-05-22 00:00:00,192.65,42.67
portable-ssd,store_001,2024-05-22 00:00:00,90.54,94.59
smart-display,store_001,2024-05-22 00:00:00,90.64,164.64
robot-vacuum,store_001,2024-05-22 00:00:00,41.3,273.21
action-camera,store_001,2024-05-22 00:00:00,49.72,192.18
wireless-earbuds,store_001,2024-05-23 00:00:00,128.56,78.34
smart-watch,store_001,2024-05-23 00:00:00,75.4,226.47
bluetooth-speaker,store_001,2024-05-23 00:00:00,186.93,48.55
noise-cancelling-headphones,store_001,2024-05-23 00:00:00,116.61,197.26
4k-webcam,store_001,2024-05-23 00:00:00,120.8,92.12
mechanical-keyboard,store_001,2024-05-23 00:00:00,82.36,135.53
gaming-mouse,store_001,2024-05-23 00:00:00,144.81,71.86
usb-c-hub,store_001,2024-05-23 00:00:00,215.98,38.52
portable-ssd,store_001,2024-05-23 00:00:00,120.73,87.47
smart-display,store_001,2024-05-23 00:00:00,80.92,138.97
robot-vacuum,store_001,2024-05-23 00:00:00,51.27,294.47
action-camera,store_001,2024-05-23 00:00:00,74.03,174.73
wireless-earbuds,store_001,2024-05-24 00:00:00,226.5,78.15
smart-watch,store_001,2024-05-24 00:00:00,93.54,244.38
bluetooth-speaker,store_001,2024-05-24 00:00:00,268.84,54.77
noise-cancelling-headphones,store_001,2024-05-24 00:00:00,125.97,186.77
4k-webcam,store_001,2024-05-24 00:00:00,144.75,89.87
mechanical-keyboard,store_001,2024-05-24 00:00:00,143.46,128.29
gaming-mouse,store_001,2024-05-24 00:00:00,164.68,66.51
usb-c-hub,store_001,2024-05-24 00:00:00,297.74,40.99
portable-ssd,store_001,2024-05-24 00:00:00,140.65,86.47
smart-display,store_001,2024-05-24 00:00:00,80.98,144.96
robot-vacuum,store_001,2024-05-24 00:00:00,52.11,290.07
action-camera,store_001,2024-05-24 00:00:00,58.33,192.93
wireless-earbuds,store_001,2024-05-25 00:00:00,231.25,87.15
smart-watch,store_001,2024-05-25 00:00:00,94.08,240.7
bluetooth-speaker,store_001,2024-05-25 00:00:00,354.93,51.94
noise-cancelling-headphones,store_001,2024-05-25 00:00:00,114.62,203.03
4k-webcam,store_001,2024-05-25 00:00:00,149.91,88.06
mechanical-keyboard,store_001,2024-05-25 00:00:00,165.31,131.65
gaming-mouse,store_001,2024-05-25 00:00:00,158.41,70.69
usb-c-hub,store_001,2024-05-25 00:00:00,241.46,39.68
portable-ssd,store_001,2024-05-25 00:00:00,153.0,93.46
smart-display,store_001,2024-05-25 00:00:00,83.01,158.86
robot-vacuum,store_001,2024-05-25 00:00:00,55.85,284.51
action-camera,store_001,2024-05-25 00:00:00,82.93,187.74
wireless-earbuds,store_001,2024-05-26 00:00:00,168.62,79.66
smart-watch,store_001,2024-05-26 00:00:00,76.93,250.32
bluetooth-speaker,store_001,2024-05-26 00:00:00,264.19,52.9
noise-cancelling-headphones,store_001,2024-05-26 00:00:00,101.57,215.81
4k-webcam,store_001,2024-05-26 00:00:00,126.58,94.83
mechanical-keyboard,store_001,2024-05-26 00:00:00,112.68,126.22
gaming-mouse,store_001,2024-05-26 00:00:00,146.44,72.47
usb-c-hub,store_001,2024-05-26 00:00:00,252.58,42.01
portable-ssd,store_001,2024-05-26 00:00:00,165.24,85.65
smart-display,store_001,2024-05-26 00:00:00,86.63,150.55
robot-vacuum,store_001,2024-05-26 00:00:00,50.02,293.46
action-camera,store_001,2024-05-26 00:00:00,61.25,183.18
wireless-earbuds,store_001,2024-05-27 00:00:00,139.33,73.66
smart-watch,store_001,2024-05-27 00:00:00,62.16,273.08
bluetooth-speaker,store_001,2024-05-27 00:00:00,230.71,48.11
noise-cancelling-headphones,store_001,2024-05-27 00:00:00,100.66,188.27
4k-webcam,store_001,2024-05-27 00:00:00,94.93,93.53
mechanical-keyboard,store_001,2024-05-27 00:00:00,98.51,124.8
gaming-mouse,store_001,2024-05-27 00:00:00,121.87,72.06
usb-c-hub,store_001,2024-05-27 00:00:00,179.76,37.31
portable-ssd,store_001,2024-05-27 00:00:00,120.15,83.87
smart-display,store_001,2024-05-27 00:00:00,67.59,163.74
robot-vacuum,store_001,2024-05-27 00:00:00,47.84,308.42
action-camera,store_001,2024-05-27 00:00:00,61.66,163.04
wireless-earbuds,store_001,2024-05-28 00:00:00,124.33,78.21
smart-watch,store_001,2024-05-28 00:00:00,52.37,235.28
bluetooth-speaker,store_001,2024-05-28 00:00:00,182.49,46.01
noise-cancelling-headphones,store_001,2024-05-28 00:00:00,57.16,187.47
4k-webcam,store_001,2024-05-28 00:00:00,100.56,96.52
mechanical-keyboard,store_001,2024-05-28 00:00:00,98.15,133.61
gaming-mouse,store_001,2024-05-28 00:00:00,102.65,67.86
usb-c-hub,store_001,2024-05-28 00:00:00,156.7,40.93
portable-ssd,store_001,2024-05-28 00:00:00,108.97,92.05
smart-display,store_001,2024-05-28 00:00:00,58.28,139.01
robot-vacuum,store_001,2024-05-28 00:00:00,47.83,311.6
action-camera,store_001,2024-05-28 00:00:00,54.53,177.05
wireless-earbuds,store_001,2024-05-29 00:00:00,208.38,82.16
smart-watch,store_001,2024-05-29 00:00:00,81.6,257.25
bluetooth-speaker,store_001,2024-05-29 00:00:00,261.13,46.39
noise-cancelling-headphones,store_001,2024-05-29 00:00:00,110.71,198.03
4k-webcam,store_001,2024-05-29 00:00:00,167.93,83.45
mechanical-keyboard,store_001,2024-05-29 00:00:00,115.99,142.05
gaming-mouse,store_001,2024-05-29 00:00:00,135.2,68.81
usb-c-hub,store_001,2024-05-29 00:00:00,233.0,39.9
portable-ssd,store_001,2024-05-29 00:00:00,128.26,86.25
smart-display,store_001,2024-05-29 00:00:00,93.25,151.12
robot-vacuum,store_001,2024-05-29 00:00:00,57.29,315.94
action-camera,store_001,2024-05-29 00:00:00,106.82,166.07
wireless-earbuds,store_001,2024-05-30 00:00:00,208.13,77.86
smart-watch,store_001,2024-05-30 00:00:00,87.47,227.07
bluetooth-speaker,store_001,2024-05-30 00:00:00,209.19,46.01
noise-cancelling-headphones,store_001,2024-05-30 00:00:00,89.77,210.04
4k-webcam,store_001,2024-05-30 00:00:00,127.52,87.26
mechanical-keyboard,store_001,2024-05-30 00:00:00,169.78,128.41
gaming-mouse,store_001,2024-05-30 00:00:00,219.27,74.34
usb-c-hub,store_001,2024-05-30 00:00:00,258.75,38.8
portable-ssd,store_001,2024-05-30 00:00:00,142.5,83.5
smart-display,store_001,2024-05-30 00:00:00,82.16,141.2
robot-vacuum,store_001,2024-05-30 00:00:00,68.82,302.32
action-camera,store_001,2024-05-30 00:00:00,110.1,187.34
wireless-earbuds,store_001,2024-05-31 00:00:00,211.49,87.76
smart-watch,store_001,2024-05-31 00:00:00,104.97,229.75
bluetooth-speaker,store_001,2024-05-31 00:00:00,319.58,54.91
noise-cancelling-headphones,store_001,2024-05-31 00:00:00,120.49,185.07
4k-webcam,store_001,2024-05-31 00:00:00,179.72,95.9
mechanical-keyboard,store_001,2024-05-31 00:00:00,134.98,134.57
gaming-mouse,store_001,2024-05-31 00:00:00,184.38,68.79
usb-c-hub,store_001,2024-05-31 00:00:00,328.11,41.06
portable-ssd,store_001,2024-05-31 00:00:00,174.87,86.0
smart-display,store_001,2024-05-31 00:00:00,99.03,146.06
robot-vacuum,store_001,2024-05-31 00:00:00,87.67,316.44
action-camera,store_001,2024-05-31 00:00:00,114.2,188.3
wireless-earbuds,store_001,2024-06-01 00:00:00,216.26,73.0
smart-watch,store_001,2024-06-01 00:00:00,112.68,235.88
bluetooth-speaker,store_001,2024-06-01 00:00:00,304.89,53.27
noise-cancelling-headphones,store_001,2024-06-01 00:00:00,159.02,203.11
4k-webcam,store_001,2024-06-01 00:00:00,173.39,93.28
mechanical-keyboard,store_001,2024-06-01 00:00:00,171.14,119.58
gaming-mouse,store_001,2024-06-01 00:00:00,251.48,75.0
usb-c-hub,store_001,2024-06-01 00:00:00,308.03,36.0
portable-ssd,store_001,2024-06-01 00:00:00,190.6,83.37
smart-display,store_001,2024-06-01 00:00:00,116.32,139.76
robot-vacuum,store_001,2024-06-01 00:00:00,83.0,285.01
action-camera,store_001,2024-06-01 00:00:00,132.76,194.53
wireless-earbuds,store_001,2024-06-02 00:00:00,246.38,83.18
smart-watch,store_001,2024-06-02 00:00:00,111.12,257.76
bluetooth-speaker,store_001,2024-06-02 00:00:00,278.3,46.32
noise-cancelling-headphones,store_001,2024-06-02 00:00:00,137.46,207.19
4k-webcam,store_001,2024-06-02 00:00:00,188.15,98.78
mechanical-keyboard,store_001,2024-06-02 00:00:00,150.32,120.43
gaming-mouse,store_001,2024-06-02 00:00:00,211.49,64.42
usb-c-hub,store_001,2024-06-02 00:00:00,336.02,43.04
portable-ssd,store_001,2024-06-02 00:00:00,174.35,83.39
smart-display,store_001,2024-06-02 00:00:00,112.53,139.28
robot-vacuum,store_001,2024-06-02 00:00:00,66.25,296.4
action-camera,store_001,2024-06-02 00:00:00,113.07,184.6
wireless-earbuds,store_001,2024-06-03 00:00:00,178.39,85.75
smart-watch,store_001,2024-06-03 00:00:00,88.08,230.01
bluetooth-speaker,store_001,2024-06-03 00:00:00,220.13,54.62
noise-cancelling-headphones,store_001,2024-06-03 00:00:00,88.27,185.58
4k-webcam,store_001,2024-06-03 00:00:00,128.65,91.79
mechanical-keyboard,store_001,2024-06-03 00:00:00,116.32,137.24
gaming-mouse,store_001,2024-06-03 00:00:00,137.31,67.21
usb-c-hub,store_001,2024-06-03 00:00:00,186.11,40.07
portable-ssd,store_001,2024-06-03 00:00:00,136.16,97.15
smart-display,store_001,2024-06-03 00:00:00,68.25,149.84
robot-vacuum,store_001,2024-06-03 00:00:00,58.29,301.69
action-camera,store_001,2024-06-03 00:00:00,90.66,197.52
wireless-earbuds,store_001,2024-06-04 00:00:00,159.94,81.08
smart-watch,store_001,2024-06-04 00:00:00,69.67,259.14
bluetooth-speaker,store_001,2024-06-04 00:00:00,195.8,45.16
noise-cancelling-headphones,store_001,2024-06-04 00:00:00,72.89,190.48
4k-webcam,store_001,2024-06-04 00:00:00,121.17,90.11
mechanical-keyboard,store_001,2024-06-04 00:00:00,105.05,130.02
gaming-mouse,store_001,2024-06-04 00:00:00,132.75,70.5
usb-c-hub,store_001,2024-06-04 00:00:00,240.16,38.21
portable-ssd,store_001,2024-06-04 00:00:00,118.33,95.53
smart-display,store_001,2024-06-04 00:00:00,88.47,146.71
robot-vacuum,store_001,2024-06-04 00:00:00,41.34,273.96
action-camera,store_001,2024-06-04 00:00:00,68.92,188.27
wireless-earbuds,store_001,2024-06-05 00:00:00,203.23,78.94
smart-watch,store_001,2024-06-05 00:00:00,76.44,255.43
bluetooth-speaker,store_001,2024-06-05 00:00:00,201.09,46.19
noise-cancelling-headphones,store_001,2024-06-05 00:00:00,121.97,208.05
4k-webcam,store_001,2024-06-05 00:00:00,159.65,95.08
mechanical-keyboard,store_001,2024-06-05 00:00:00,144.04,121.33
gaming-mouse,store_001,2024-06-05 00:00:00,197.14,75.4
usb-c-hub,store_001,2024-06-05 00:00:00,275.0,36.23
portable-ssd,store_001,2024-06-05 00:00:00,149.21,93.81
smart-display,store_001,2024-06-05 00:00:00,79.36,137.3
robot-vacuum,store_001,2024-06-05 00:00:00,50.71,304.0
action-camera,store_001,2024-06-05 00:00:00,103.1,171.17
wireless-earbuds,store_001,2024-06-06 00:00:00,208.25,75.65
smart-watch,store_001,2024-06-06 00:00:00,90.49,227.19
bluetooth-speaker,store_001,2024-06-06 00:00:00,255.98,48.82
noise-cancelling-headphones,store_001,2024-06-06 00:00:00,113.22,217.24
4k-webcam,store_001,2024-06-06 00:00:00,147.62,94.32
mechanical-keyboard,store_001,2024-06-06 00:00:00,113.64,125.36
gaming-mouse,store_001,2024-06-06 00:00:00,151.53,64.08
usb-c-hub,store_001,2024-06-06 00:00:00,300.37,40.01
portable-ssd,store_001,2024-06-06 00:00:00,139.85,98.65
smart-display,store_001,2024-06-06 00:00:00,81.32,137.06
robot-vacuum,store_001,2024-06-06 00:00:00,50.63,289.63
action-camera,store_001,2024-06-06 00:00:00,103.94,162.28
wireless-earbuds,store_001,2024-06-07 00:00:00,255.39,81.95
smart-watch,store_001,2024-06-07 00:00:00,115.95,254.57
bluetooth-speaker,store_001,2024-06-07 00:00:00,245.32,53.99
noise-cancelling-headphones,store_001,2024-06-07 00:00:00,131.53,189.8
4k-webcam,store_001,2024-06-07 00:00:00,210.65,87.23
mechanical-keyboard,store_001,2024-06-07 00:00:00,144.02,139.8
gaming-mouse,store_001,2024-06-07 00:00:00,205.05,74.88
usb-c-hub,store_001,2024-06-07 00:00:00,308.36,36.82
portable-ssd,store_001,2024-06-07 00:00:00,155.4,82.07
smart-display,store_001,2024-06-07 00:00:00,100.35,156.34
robot-vacuum,store_001,2024-06-07 00:00:00,82.17,301.18
action-camera,store_001,2024-06-07 00:00:00,137.48,175.4
wireless-earbuds,store_001,2024-06-08 00:00:00,289.7,74.13
smart-watch,store_001,2024-06-08 00:00:00,101.35,228.73
bluetooth-speaker,store_001,2024-06-08 00:00:00,253.92,47.36
noise-cancelling-headphones,store_001,2024-06-08 00:00:00,148.49,192.59
4k-webcam,store_001,2024-06-08 00:00:00,195.33,86.72
mechanical-keyboard,store_001,2024-06-08 00:00:00,143.93,118.93
gaming-mouse,store_001,2024-06-08 00:00:00,238.73,65.17
usb-c-hub,store_001,2024-06-08 00:00:00,450.72,39.72
portable-ssd,store_001,2024-06-08 00:00:00,146.93,84.73
smart-display,store_001,2024-06-08 00:00:00,138.51,142.94
robot-vacuum,store_001,2024-06-08 00:00:00,80.19,319.57
action-camera,store_001,2024-06-08 00:00:00,136.48,163.44
wireless-earbuds,store_001,2024-06-09 00:00:00,256.55,75.96
smart-watch,store_001,2024-06-09 00:00:00,89.82,250.66
bluetooth-speaker,store_001,2024-06-09 00:00:00,241.3,45.3
noise-cancelling-headphones,store_001,2024-06-09 00:00:00,123.07,198.08
4k-webcam,store_001,2024-06-09 00:00:00,171.64,95.46
mechanical-keyboard,store_001,2024-06-09 00:00:00,143.53,117.3
gaming-mouse,store_001,2024-06-09 00:00:00,252.2,74.52
usb-c-hub,store_001,2024-06-09 00:00:00,222.95,41.03
portable-ssd,store_001,2024-06-09 00:00:00,154.01,95.62
smart-display,store_001,2024-06-09 00:00:00,104.03,136.93
robot-vacuum,store_001,2024-06-09 00:00:00,82.91,324.29
action-camera,store_001,2024-06-09 00:00:00,103.18,173.93
wireless-earbuds,store_001,2024-06-10 00:00:00,209.21,81.17
smart-watch,store_001,2024-06-10 00:00:00,72.01,244.74
bluetooth-speaker,store_001,2024-06-10 00:00:00,271.02,47.14
noise-cancelling-headphones,store_001,2024-06-10 00:00:00,111.9,191.18
4k-webcam,store_001,2024-06-10 00:00:00,131.78,85.41
mechanical-keyboard,store_001,2024-06-10 00:00:00,116.03,127.7
gaming-mouse,store_001,2024-06-10 00:00:00,156.13,64.91
usb-c-hub,store_001,2024-06-10 00:00:00,250.77,43.07
portable-ssd,store_001,2024-06-10 00:00:00,98.5,95.3
smart-display,store_001,2024-06-10 00:00:00,73.63,158.45
robot-vacuum,store_001,2024-06-10 00:00:00,48.96,324.75
action-camera,store_001,2024-06-10 00:00:00,103.01,175.97
wireless-earbuds,store_001,2024-06-11 00:00:00,180.68,86.32
smart-watch,store_001,2024-06-11 00:00:00,72.38,227.92
bluetooth-speaker,store_001,2024-06-11 00:00:00,220.67,54.99
noise-cancelling-headphones,store_001,2024-06-11 00:00:00,86.19,184.0
4k-webcam,store_001,2024-06-11 00:00:00,110.27,97.5
mechanical-keyboard,store_001,2024-06-11 00:00:00,107.59,142.9
gaming-mouse,store_001,2024-06-11 00:00:00,144.17,67.96
usb-c-hub,store_001,2024-06-11 00:00:00,258.5,42.75
portable-ssd,store_001,2024-06-11 00:00:00,119.3,93.55
smart-display,store_001,2024-06-11 00:00:00,82.91,135.84
robot-vacuum,store_001,2024-06-11 00:00:00,45.69,303.78
action-camera,store_001,2024-06-11 00:00:00,66.73,197.56
wireless-earbuds,store_001,2024-06-12 00:00:00,210.97,79.84
smart-watch,store_001,2024-06-12 00:00:00,77.19,236.62
bluetooth-speaker,store_001,2024-06-12 00:00:00,258.78,54.17
noise-cancelling-headphones,store_001,2024-06-12 00:00:00,130.95,185.21
4k-webcam,store_001,2024-06-12 00:00:00,122.95,86.81
mechanical-keyboard,store_001,2024-06-12 00:00:00,97.47,132.24
gaming-mouse,store_001,2024-06-12 00:00:00,181.4,75.04
usb-c-hub,store_001,2024-06-12 00:00:00,207.04,38.98
portable-ssd,store_001,2024-06-12 00:00:00,160.3,86.42
smart-display,store_001,2024-06-12 00:00:00,91.33,139.72
robot-vacuum,store_001,2024-06-12 00:00:00,62.39,308.94
action-camera,store_001,2024-06-12 00:00:00,97.22,196.86
wireless-earbuds,store_001,2024-06-13 00:00:00,165.88,75.56
smart-watch,store_001,2024-06-13 00:00:00,60.59,233.76
bluetooth-speaker,store_001,2024-06-13 00:00:00,243.0,52.28
noise-cancelling-headphones,store_001,2024-06-13 00:00:00,121.68,217.94
4k-webcam,store_001,2024-06-13 00:00:00,93.79,81.57
mechanical-keyboard,store_001,2024-06-13 00:00:00,155.23,140.94
gaming-mouse,store_001,2024-06-13 00:00:00,186.49,76.1
usb-c-hub,store_001,2024-06-13 00:00:00,282.77,41.95
portable-ssd,store_001,2024-06-13 00:00:00,154.16,96.92
smart-display,store_001,2024-06-13 00:00:00,136.27,156.26
robot-vacuum,store_001,2024-06-13 00:00:00,51.23,285.9
action-camera,store_001,2024-06-13 00:00:00,87.69,164.43
wireless-earbuds,store_001,2024-06-14 00:00:00,258.61,78.17
smart-watch,store_001,2024-06-14 00:00:00,101.61,273.44
bluetooth-speaker,store_001,2024-06-14 00:00:00,331.07,50.45
noise-cancelling-headphones,store_001,2024-06-14 00:00:00,135.35,199.17
4k-webcam,store_001,2024-06-14 00:00:00,191.81,83.92
mechanical-keyboard,store_001,2024-06-14 00:00:00,145.6,138.98
gaming-mouse,store_001,2024-06-14 00:00:00,186.62,64.03
usb-c-hub,store_001,2024-06-14 00:00:00,381.59,38.99
portable-ssd,store_001,2024-06-14 00:00:00,154.41,82.67
smart-display,store_001,2024-06-14 00:00:00,94.9,153.4
robot-vacuum,store_001,2024-06-14 00:00:00,64.68,279.89
action-camera,store_001,2024-06-14 00:00:00,115.79,167.65
wireless-earbuds,store_001,2024-06-15 00:00:00,290.06,83.14
smart-watch,store_001,2024-06-15 00:00:00,109.81,261.49
bluetooth-speaker,store_001,2024-06-15 00:00:00,331.76,45.49
noise-cancelling-headphones,store_001,2024-06-15 00:00:00,162.5,213.58
4k-webcam,store_001,2024-06-15 00:00:00,210.03,86.29
mechanical-keyboard,store_001,2024-06-15 00:00:00,177.67,132.6
gaming-mouse,store_001,2024-06-15 00:00:00,247.05,67.08
usb-c-hub,store_001,2024-06-15 00:00:00,393.08,42.74
portable-ssd,store_001,2024-06-15 00:00:00,177.98,92.89
smart-display,store_001,2024-06-15 00:00:00,148.97,151.31
robot-vacuum,store_001,2024-06-15 00:00:00,89.75,296.74
action-camera,store_001,2024-06-15 00:00:00,175.25,178.73
wireless-earbuds,store_001,2024-06-16 00:00:00,248.92,84.03
smart-watch,store_001,2024-06-16 00:00:00,102.02,229.28
bluetooth-speaker,store_001,2024-06-16 00:00:00,232.62,50.89
noise-cancelling-headphones,store_001,2024-06-16 00:00:00,147.18,213.62
4k-webcam,store_001,2024-06-16 00:00:00,178.84,96.59
mechanical-keyboard,store_001,2024-06-16 00:00:00,131.71,139.91
gaming-mouse,store_001,2024-06-16 00:00:00,177.07,72.99
usb-c-hub,store_001,2024-06-16 00:00:00,313.37,43.19
portable-ssd,store_001,2024-06-16 00:00:00,168.47,83.16
smart-display,store_001,2024-06-16 00:00:00,85.61,140.18
robot-vacuum,store_001,2024-06-16 00:00:00,86.72,277.56
action-camera,store_001,2024-06-16 00:00:00,117.85,197.57
wireless-earbuds,store_001,2024-06-17 00:00:00,105.61,85.34
smart-watch,store_001,2024-06-17 00:00:00,90.94,270.53
bluetooth-speaker,store_001,2024-06-17 00:00:00,229.91,48.96
noise-cancelling-headphones,store_001,2024-06-17 00:00:00,103.39,191.04
4k-webcam,store_001,2024-06-17 00:00:00,95.36,92.2
mechanical-keyboard,store_001,2024-06-17 00:00:00,121.0,127.9
gaming-mouse,store_001,2024-06-17 00:00:00,144.69,73.61
usb-c-hub,store_001,2024-06-17 00:00:00,227.09,43.39
portable-ssd,store_001,2024-06-17 00:00:00,125.0,90.63
smart-display,store_001,2024-06-17 00:00:00,85.0,147.32
robot-vacuum,store_001,2024-06-17 00:00:00,47.52,272.24
action-camera,store_001,2024-06-17 00:00:00,105.78,167.17
wireless-earbuds,store_001,2024-06-18 00:00:00,153.71,86.22
smart-watch,store_001,2024-06-18 00:00:00,64.14,236.87
bluetooth-speaker,store_001,2024-06-18 00:00:00,186.35,45.19
noise-cancelling-headphones,store_001,2024-06-18 00:00:00,65.81,192.11
4k-webcam,store_001,2024-06-18 00:00:00,116.55,82.76
mechanical-keyboard,store_001,2024-06-18 00:00:00,113.34,120.48
gaming-mouse,store_001,2024-06-18 00:00:00,155.31,66.76
usb-c-hub,store_001,2024-06-18 00:00:00,225.53,41.15
portable-ssd,store_001,2024-06-18 00:00:00,114.73,94.33
smart-display,store_001,2024-06-18 00:00:00,80.93,161.0
robot-vacuum,store_001,2024-06-18 00:00:00,57.85,288.66
action-camera,store_001,2024-06-18 00:00:00,75.76,166.87
wireless-earbuds,store_001,2024-06-19 00:00:00,231.94,75.07
smart-watch,store_001,2024-06-19 00:00:00,59.13,266.84
bluetooth-speaker,store_001,2024-06-19 00:00:00,210.36,52.04
noise-cancelling-headphones,store_001,2024-06-19 00:00:00,128.26,212.93
4k-webcam,store_001,2024-06-19 00:00:00,125.09,81.54
mechanical-keyboard,store_001,2024-06-19 00:00:00,123.52,132.43
gaming-mouse,store_001,2024-06-19 00:00:00,180.2,67.89
usb-c-hub,store_001,2024-06-19 00:00:00,331.41,43.15
portable-ssd,store_001,2024-06-19 00:00:00,139.44,87.95
smart-display,store_001,2024-06-19 00:00:00,77.78,152.16
robot-vacuum,store_001,2024-06-19 00:00:00,68.54,310.65
action-camera,store_001,2024-06-19 00:00:00,97.38,176.73
wireless-earbuds,store_001,2024-06-20 00:00:00,223.01,72.13
smart-watch,store_001,2024-06-20 00:00:00,78.6,257.36
bluetooth-speaker,store_001,2024-06-20 00:00:00,251.1,53.04
noise-cancelling-headphones,store_001,2024-06-20 00:00:00,117.76,218.67
4k-webcam,store_001,2024-06-20 00:00:00,139.78,87.27
mechanical-keyboard,store_001,2024-06-20 00:00:00,121.0,129.12
gaming-mouse,store_001,2024-06-20 00:00:00,160.93,64.42
usb-c-hub,store_001,2024-06-20 00:00:00,214.66,41.29
portable-ssd,store_001,2024-06-20 00:00:00,145.98,91.95
smart-display,store_001,2024-06-20 00:00:00,88.53,138.23
robot-vacuum,store_001,2024-06-20 00:00:00,78.27,321.68
action-camera,store_001,2024-06-20 00:00:00,123.78,187.59
wireless-earbuds,store_001,2024-06-21 00:00:00,272.8,84.24
smart-watch,store_001,2024-06-21 00:00:00,87.09,265.26
bluetooth-speaker,store_001,2024-06-21 00:00:00,298.87,51.8
noise-cancelling-headphones,store_001,2024-06-21 00:00:00,112.04,206.21
4k-webcam,store_001,2024-06-21 00:00:00,199.14,87.98
mechanical-keyboard,store_001,2024-06-21 00:00:00,168.96,135.4
gaming-mouse,store_001,2024-06-21 00:00:00,188.1,66.1
usb-c-hub,store_001,2024-06-21 00:00:00,312.64,42.27
portable-ssd,store_001,2024-06-21 00:00:00,196.36,96.21
smart-display,store_001,2024-06-21 00:00:00,95.76,161.28
robot-vacuum,store_001,2024-06-21 00:00:00,80.59,285.51
action-camera,store_001,2024-06-21 00:00:00,123.57,189.45
wireless-earbuds,store_001,2024-06-22 00:00:00,284.98,73.42
smart-watch,store_001,2024-06-22 00:00:00,131.72,262.2
bluetooth-speaker,store_001,2024-06-22 00:00:00,305.25,47.6
noise-cancelling-headphones,store_001,2024-06-22 00:00:00,187.85,214.04
4k-webcam,store_001,2024-06-22 00:00:00,146.3,97.99
mechanical-keyboard,store_001,2024-06-22 00:00:00,190.86,140.11
gaming-mouse,store_001,2024-06-22 00:00:00,178.91,67.17
usb-c-hub,store_001,2024-06-22 00:00:00,385.72,42.82
portable-ssd,store_001,2024-06-22 00:00:00,199.29,91.24
smart-display,store_001,2024-06-22 00:00:00,120.89,148.72
robot-vacuum,store_001,2024-06-22 00:00:00,69.48,299.24
action-camera,store_001,2024-06-22 00:00:00,155.97,168.36
wireless-earbuds,store_001,2024-06-23 00:00:00,234.53,84.17
smart-watch,store_001,2024-06-23 00:00:00,102.2,263.21
bluetooth-speaker,store_001,2024-06-23 00:00:00,242.05,51.13
noise-cancelling-headphones,store_001,2024-06-23 00:00:00,130.74,196.13
4k-webcam,store_001,2024-06-23 00:00:00,208.99,84.58
mechanical-keyboard,store_001,2024-06-23 00:00:00,148.04,117.36
gaming-mouse,store_001,2024-06-23 00:00:00,193.84,72.46
usb-c-hub,store_001,2024-06-23 00:00:00,366.08,37.98
portable-ssd,store_001,2024-06-23 00:00:00,169.16,87.89
smart-display,store_001,2024-06-23 00:00:00,96.14,140.0
robot-vacuum,store_001,2024-06-23 00:00:00,76.42,313.66
action-camera,store_001,2024-06-23 00:00:00,107.13,174.15
wireless-earbuds,store_001,2024-06-24 00:00:00,234.44,86.41
smart-watch,store_001,2024-06-24 00:00:00,57.22,234.41
bluetooth-speaker,store_001,2024-06-24 00:00:00,277.4,47.27
noise-cancelling-headphones,store_001,2024-06-24 00:00:00,89.37,185.24
4k-webcam,store_001,2024-06-24 00:00:00,139.09,87.59
mechanical-keyboard,store_001,2024-06-24 00:00:00,93.35,117.96
gaming-mouse,store_001,2024-06-24 00:00:00,165.82,63.67
usb-c-hub,store_001,2024-06-24 00:00:00,203.14,41.29
portable-ssd,store_001,2024-06-24 00:00:00,120.08,88.49
smart-display,store_001,2024-06-24 00:00:00,84.68,151.41
robot-vacuum,store_001,2024-06-24 00:00:00,48.56,307.81
action-camera,store_001,2024-06-24 00:00:00,97.56,185.81
wireless-earbuds,store_001,2024-06-25 00:00:00,153.0,74.19
smart-watch,store_001,2024-06-25 00:00:00,60.35,230.24
bluetooth-speaker,store_001,2024-06-25 00:00:00,217.38,46.05
noise-cancelling-headphones,store_001,2024-06-25 00:00:00,96.21,187.98
4k-webcam,store_001,2024-06-25 00:00:00,130.66,93.65
mechanical-keyboard,store_001,2024-06-25 00:00:00,128.51,118.02
gaming-mouse,store_001,2024-06-25 00:00:00,123.68,67.62
usb-c-hub,store_001,2024-06-25 00:00:00,249.93,41.36
portable-ssd,store_001,2024-06-25 00:00:00,136.95,83.68
smart-display,store_001,2024-06-25 00:00:00,75.11,150.34
robot-vacuum,store_001,2024-06-25 00:00:00,53.05,283.86
action-camera,store_001,2024-06-25 00:00:00,74.5,172.65
wireless-earbuds,store_001,2024-06-26 00:00:00,186.52,72.62
smart-watch,store_001,2024-06-26 00:00:00,83.45,265.07
bluetooth-speaker,store_001,2024-06-26 00:00:00,229.6,52.57
noise-cancelling-headphones,store_001,2024-06-26 00:00:00,139.81,214.07
4k-webcam,store_001,2024-06-26 00:00:00,138.9,88.87
mechanical-keyboard,store_001,2024-06-26 00:00:00,110.86,139.83
gaming-mouse,store_001,2024-06-26 00:00:00,208.89,68.6
usb-c-hub,store_001,2024-06-26 00:00:00,259.79,38.17
portable-ssd,store_001,2024-06-26 00:00:00,103.77,92.67
smart-display,store_001,2024-06-26 00:00:00,96.97,138.38
robot-vacuum,store_001,2024-06-26 00:00:00,51.62,279.55
action-camera,store_001,2024-06-26 00:00:00,95.99,183.26
wireless-earbuds,store_001,2024-06-27 00:00:00,219.91,78.07
smart-watch,store_001,2024-06-27 00:00:00,71.19,226.43
bluetooth-speaker,store_001,2024-06-27 00:00:00,199.41,46.3
noise-cancelling-headphones,store_001,2024-06-27 00:00:00,82.85,184.51
4k-webcam,store_001,2024-06-27 00:00:00,150.41,86.65
mechanical-keyboard,store_001,2024-06-27 00:00:00,125.14,134.62
gaming-mouse,store_001,2024-06-27 00:00:00,175.85,76.68
usb-c-hub,store_001,2024-06-27 00:00:00,219.57,38.7
portable-ssd,store_001,2024-06-27 00:00:00,124.7,92.9
smart-display,store_001,2024-06-27 00:00:00,96.37,145.36
robot-vacuum,store_001,2024-06-27 00:00:00,53.53,303.49
action-camera,store_001,2024-06-27 00:00:00,83.71,163.96
wireless-earbuds,store_001,2024-06-28 00:00:00,258.77,68.5
smart-watch,store_001,2024-06-28 00:00:00,109.01,182.99
bluetooth-speaker,store_001,2024-06-28 00:00:00,300.8,36.4
noise-cancelling-headphones,store_001,2024-06-28 00:00:00,173.29,164.58
4k-webcam,store_001,2024-06-28 00:00:00,200.83,76.33
mechanical-keyboard,store_001,2024-06-28 00:00:00,196.59,111.41
gaming-mouse,store_001,2024-06-28 00:00:00,239.99,57.71
usb-c-hub,store_001,2024-06-28 00:00:00,420.23,31.43
portable-ssd,store_001,2024-06-28 00:00:00,216.24,73.49
smart-display,store_001,2024-06-28 00:00:00,134.7,115.3
robot-vacuum,store_001,2024-06-28 00:00:00,79.03,261.61
action-camera,store_001,2024-06-28 00:00:00,152.77,131.16
wireless-earbuds,store_001,2024-06-29 00:00:00,312.78,65.52
smart-watch,store_001,2024-06-29 00:00:00,149.57,206.28
bluetooth-speaker,store_001,2024-06-29 00:00:00,364.95,37.77
noise-cancelling-headphones,store_001,2024-06-29 00:00:00,173.96,170.55
4k-webcam,store_001,2024-06-29 00:00:00,255.96,74.9
mechanical-keyboard,store_001,2024-06-29 00:00:00,209.57,97.01
gaming-mouse,store_001,2024-06-29 00:00:00,300.84,51.59
usb-c-hub,store_001,2024-06-29 00:00:00,480.82,29.99
portable-ssd,store_001,2024-06-29 00:00:00,249.0,76.04
smart-display,store_001,2024-06-29 00:00:00,137.23,110.58
robot-vacuum,store_001,2024-06-29 00:00:00,69.87,244.25
action-camera,store_001,2024-06-29 00:00:00,179.99,142.57
wireless-earbuds,store_001,2024-06-30 00:00:00,238.12,63.98
smart-watch,store_001,2024-06-30 00:00:00,86.46,181.94
bluetooth-speaker,store_001,2024-06-30 00:00:00,408.71,40.06
noise-cancelling-headphones,store_001,2024-06-30 00:00:00,136.54,149.66
4k-webcam,store_001,2024-06-30 00:00:00,179.09,70.37
mechanical-keyboard,store_001,2024-06-30 00:00:00,159.27,111.95
gaming-mouse,store_001,2024-06-30 00:00:00,200.82,60.65
usb-c-hub,store_001,2024-06-30 00:00:00,360.11,30.54
portable-ssd,store_001,2024-06-30 00:00:00,259.1,66.71
smart-display,store_001,2024-06-30 00:00:00,122.96,124.79
robot-vacuum,store_001,2024-06-30 00:00:00,81.87,257.31
action-camera,store_001,2024-06-30 00:00:00,125.88,156.53
wireless-earbuds,store_001,2024-07-01 00:00:00,195.05,61.31
smart-watch,store_001,2024-07-01 00:00:00,86.06,206.89
bluetooth-speaker,store_001,2024-07-01 00:00:00,286.56,40.02
noise-cancelling-headphones,store_001,2024-07-01 00:00:00,117.29,154.31
4k-webcam,store_001,2024-07-01 00:00:00,172.82,73.01
mechanical-keyboard,store_001,2024-07-01 00:00:00,144.27,102.28
gaming-mouse,store_001,2024-07-01 00:00:00,192.76,59.88
usb-c-hub,store_001,2024-07-01 00:00:00,213.48,32.14
portable-ssd,store_001,2024-07-01 00:00:00,158.24,67.67
smart-display,store_001,2024-07-01 00:00:00,98.88,111.85
robot-vacuum,store_001,2024-07-01 00:00:00,60.83,249.14
action-camera,store_001,2024-07-01 00:00:00,124.53,151.3
wireless-earbuds,store_001,2024-07-02 00:00:00,252.55,68.7
smart-watch,store_001,2024-07-02 00:00:00,85.29,214.59
bluetooth-speaker,store_001,2024-07-02 00:00:00,251.64,42.27
noise-cancelling-headphones,store_001,2024-07-02 00:00:00,93.96,153.2
4k-webcam,store_001,2024-07-02 00:00:00,130.6,78.57
mechanical-keyboard,store_001,2024-07-02 00:00:00,92.54,100.1
gaming-mouse,store_001,2024-07-02 00:00:00,179.39,57.34
usb-c-hub,store_001,2024-07-02 00:00:00,260.3,34.36
portable-ssd,store_001,2024-07-02 00:00:00,156.66,74.12
smart-display,store_001,2024-07-02 00:00:00,70.7,121.11
robot-vacuum,store_001,2024-07-02 00:00:00,47.94,230.11
action-camera,store_001,2024-07-02 00:00:00,95.56,149.25
wireless-earbuds,store_001,2024-07-03 00:00:00,227.83,62.42
smart-watch,store_001,2024-07-03 00:00:00,102.34,202.26
bluetooth-speaker,store_001,2024-07-03 00:00:00,315.42,38.64
noise-cancelling-headphones,store_001,2024-07-03 00:00:00,141.11,148.95
4k-webcam,store_001,2024-07-03 00:00:00,189.17,78.22
mechanical-keyboard,store_001,2024-07-03 00:00:00,155.62,107.36
gaming-mouse,store_001,2024-07-03 00:00:00,171.06,59.17
usb-c-hub,store_001,2024-07-03 00:00:00,316.41,30.2
portable-ssd,store_001,2024-07-03 00:00:00,163.5,70.78
smart-display,store_001,2024-07-03 00:00:00,111.0,110.2
robot-vacuum,store_001,2024-07-03 00:00:00,71.47,233.31
action-camera,store_001,2024-07-03 00:00:00,132.27,151.27
wireless-earbuds,store_001,2024-07-04 00:00:00,135.01,70.15
smart-watch,store_001,2024-07-04 00:00:00,98.46,206.75
bluetooth-speaker,store_001,2024-07-04 00:00:00,216.14,40.96
noise-cancelling-headphones,store_001,2024-07-04 00:00:00,140.1,165.83
4k-webcam,store_001,2024-07-04 00:00:00,147.87,70.35
mechanical-keyboard,store_001,2024-07-04 00:00:00,189.37,99.48
gaming-mouse,store_001,2024-07-04 00:00:00,253.86,59.38
usb-c-hub,store_001,2024-07-04 00:00:00,287.01,29.07
portable-ssd,store_001,2024-07-04 00:00:00,179.93,78.45
smart-display,store_001,2024-07-04 00:00:00,112.54,130.94
robot-vacuum,store_001,2024-07-04 00:00:00,75.8,248.17
action-camera,store_001,2024-07-04 00:00:00,119.41,154.5
wireless-earbuds,store_001,2024-07-05 00:00:00,267.87,66.59
smart-watch,store_001,2024-07-05 00:00:00,116.41,211.0
bluetooth-speaker,store_001,2024-07-05 00:00:00,281.65,37.22
noise-cancelling-headphones,store_001,2024-07-05 00:00:00,129.21,154.61
4k-webcam,store_001,2024-07-05 00:00:00,213.61,72.83
mechanical-keyboard,store_001,2024-07-05 00:00:00,187.67,98.33
gaming-mouse,store_001,2024-07-05 00:00:00,248.06,55.24
usb-c-hub,store_001,2024-07-05 00:00:00,465.49,33.1
portable-ssd,store_001,2024-07-05 00:00:00,168.09,75.68
smart-display,store_001,2024-07-05 00:00:00,130.2,124.81
robot-vacuum,store_001,2024-07-05 00:00:00,115.45,253.76
action-camera,store_001,2024-07-05 00:00:00,173.21,132.08
wireless-earbuds,store_001,2024-07-06 00:00:00,316.1,66.05
smart-watch,store_001,2024-07-06 00:00:00,115.19,201.33
bluetooth-speaker,store_001,2024-07-06 00:00:00,395.84,40.36
noise-cancelling-headphones,store_001,2024-07-06 00:00:00,184.74,148.6
4k-webcam,store_001,2024-07-06 00:00:00,198.09,75.29
mechanical-keyboard,store_001,2024-07-06 00:00:00,156.21,113.34
gaming-mouse,store_001,2024-07-06 00:00:00,248.16,50.45
usb-c-hub,store_001,2024-07-06 00:00:00,398.14,32.23
portable-ssd,store_001,2024-07-06 00:00:00,236.44,77.8
smart-display,store_001,2024-07-06 00:00:00,146.68,117.9
robot-vacuum,store_001,2024-07-06 00:00:00,91.15,226.59
action-camera,store_001,2024-07-06 00:00:00,138.39,135.19
wireless-earbuds,store_001,2024-07-07 00:00:00,281.39,68.49
smart-watch,store_001,2024-07-07 00:00:00,130.48,219.76
bluetooth-speaker,store_001,2024-07-07 00:00:00,294.8,36.53
noise-cancelling-headphones,store_001,2024-07-07 00:00:00,173.41,167.21
4k-webcam,store_001,2024-07-07 00:00:00,192.56,74.23
mechanical-keyboard,store_001,2024-07-07 00:00:00,188.56,106.48
gaming-mouse,store_001,2024-07-07 00:00:00,265.22,57.29
usb-c-hub,store_001,2024-07-07 00:00:00,359.68,32.53
portable-ssd,store_001,2024-07-07 00:00:00,179.92,70.96
smart-display,store_001,2024-07-07 00:00:00,133.03,113.9
robot-vacuum,store_001,2024-07-07 00:00:00,87.75,256.32
action-camera,store_001,2024-07-07 00:00:00,180.1,150.7
wireless-earbuds,store_001,2024-07-08 00:00:00,233.71,61.5
smart-watch,store_001,2024-07-08 00:00:00,80.6,187.02
bluetooth-speaker,store_001,2024-07-08 00:00:00,202.65,37.11
noise-cancelling-headphones,store_001,2024-07-08 00:00:00,104.56,152.42
4k-webcam,store_001,2024-07-08 00:00:00,173.78,65.06
mechanical-keyboard,store_001,2024-07-08 00:00:00,132.66,94.24
gaming-mouse,store_001,2024-07-08 00:00:00,165.61,60.54
usb-c-hub,store_001,2024-07-08 00:00:00,269.37,32.27
portable-ssd,store_001,2024-07-08 00:00:00,165.76,70.06
smart-display,store_001,2024-07-08 00:00:00,104.62,126.52
robot-vacuum,store_001,2024-07-08 00:00:00,64.56,240.49
action-camera,store_001,2024-07-08 00:00:00,101.49,144.05
wireless-earbuds,store_001,2024-07-09 00:00:00,165.85,65.45
smart-watch,store_001,2024-07-09 00:00:00,70.44,200.56
bluetooth-speaker,store_001,2024-07-09 00:00:00,213.39,41.27
noise-cancelling-headphones,store_001,2024-07-09 00:00:00,110.9,167.54
4k-webcam,store_001,2024-07-09 00:00:00,137.5,71.81
mechanical-keyboard,store_001,2024-07-09 00:00:00,138.08,101.28
gaming-mouse,store_001,2024-07-09 00:00:00,180.02,54.44
usb-c-hub,store_001,2024-07-09 00:00:00,278.51,31.7
portable-ssd,store_001,2024-07-09 00:00:00,192.96,74.93
smart-display,store_001,2024-07-09 00:00:00,103.94,127.9
robot-vacuum,store_001,2024-07-09 00:00:00,63.62,224.34
action-camera,store_001,2024-07-09 00:00:00,94.11,140.11
wireless-earbuds,store_001,2024-07-10 00:00:00,192.1,62.41
smart-watch,store_001,2024-07-10 00:00:00,72.75,200.65
bluetooth-speaker,store_001,2024-07-10 00:00:00,235.21,39.85
noise-cancelling-headphones,store_001,2024-07-10 00:00:00,152.59,160.05
4k-webcam,store_001,2024-07-10 00:00:00,185.61,74.06
mechanical-keyboard,store_001,2024-07-10 00:00:00,158.93,97.48
gaming-mouse,store_001,2024-07-10 00:00:00,182.75,52.97
usb-c-hub,store_001,2024-07-10 00:00:00,335.16,33.4
portable-ssd,store_001,2024-07-10 00:00:00,143.81,67.11
smart-display,store_001,2024-07-10 00:00:00,103.73,108.53
robot-vacuum,store_001,2024-07-10 00:00:00,82.63,246.21
action-camera,store_001,2024-07-10 00:00:00,129.99,146.07
wireless-earbuds,store_001,2024-07-11 00:00:00,264.67,69.86
smart-watch,store_001,2024-07-11 00:00:00,101.67,202.54
bluetooth-speaker,store_001,2024-07-11 00:00:00,337.5,38.26
noise-cancelling-headphones,store_001,2024-07-11 00:00:00,147.67,158.37
4k-webcam,store_001,2024-07-11 00:00:00,229.48,76.75
mechanical-keyboard,store_001,2024-07-11 00:00:00,149.28,110.12
gaming-mouse,store_001,2024-07-11 00:00:00,211.57,53.36
usb-c-hub,store_001,2024-07-11 00:00:00,290.97,30.99
portable-ssd,store_001,2024-07-11 00:00:00,148.29,70.34
smart-display,store_001,2024-07-11 00:00:00,124.1,112.85
robot-vacuum,store_001,2024-07-11 00:00:00,79.86,223.17
action-camera,store_001,2024-07-11 00:00:00,116.33,143.3
wireless-earbuds,store_001,2024-07-12 00:00:00,264.89,64.03
smart-watch,store_001,2024-07-12 00:00:00,124.12,199.28
bluetooth-speaker,store_001,2024-07-12 00:00:00,372.8,43.17
noise-cancelling-headphones,store_001,2024-07-12 00:00:00,178.56,164.77
4k-webcam,store_001,2024-07-12 00:00:00,201.37,72.42
mechanical-keyboard,store_001,2024-07-12 00:00:00,188.71,110.28
gaming-mouse,store_001,2024-07-12 00:00:00,257.52,58.7
usb-c-hub,store_001,2024-07-12 00:00:00,333.19,33.25
portable-ssd,store_001,2024-07-12 00:00:00,216.0,68.14
smart-display,store_001,2024-07-12 00:00:00,134.67,114.79
robot-vacuum,store_001,2024-07-12 00:00:00,99.34,250.03
action-camera,store_001,2024-07-12 00:00:00,131.83,146.24
wireless-earbuds,store_001,2024-07-13 00:00:00,303.78,66.4
smart-watch,store_001,2024-07-13 00:00:00,135.75,194.48
bluetooth-speaker,store_001,2024-07-13 00:00:00,432.12,42.83
noise-cancelling-headphones,store_001,2024-07-13 00:00:00,207.91,155.69
4k-webcam,store_001,2024-07-13 00:00:00,218.39,70.74
mechanical-keyboard,store_001,2024-07-13 00:00:00,228.09,103.63
gaming-mouse,store_001,2024-07-13 00:00:00,254.45,53.83
usb-c-hub,store_001,2024-07-13 00:00:00,480.09,33.31
portable-ssd,store_001,2024-07-13 00:00:00,212.93,75.56
smart-display,store_001,2024-07-13 00:00:00,114.17,124.78
robot-vacuum,store_001,2024-07-13 00:00:00,100.74,232.24
action-camera,store_001,2024-07-13 00:00:00,173.35,149.67
wireless-earbuds,store_001,2024-07-14 00:00:00,248.35,57.66
smart-watch,store_001,2024-07-14 00:00:00,113.37,185.81
bluetooth-speaker,store_001,2024-07-14 00:00:00,395.14,37.77
noise-cancelling-headphones,store_001,2024-07-14 00:00:00,157.45,145.2
4k-webcam,store_001,2024-07-14 00:00:00,149.47,72.29
mechanical-keyboard,store_001,2024-07-14 00:00:00,211.39,106.02
gaming-mouse,store_001,2024-07-14 00:00:00,287.21,55.31
usb-c-hub,store_001,2024-07-14 00:00:00,358.32,33.0
portable-ssd,store_001,2024-07-14 00:00:00,214.39,73.42
smart-display,store_001,2024-07-14 00:00:00,117.94,113.55
robot-vacuum,store_001,2024-07-14 00:00:00,88.04,216.01
action-camera,store_001,2024-07-14 00:00:00,154.14,158.3
wireless-earbuds,store_001,2024-07-15 00:00:00,215.72,65.09
smart-watch,store_001,2024-07-15 00:00:00,79.12,209.47
bluetooth-speaker,store_001,2024-07-15 00:00:00,278.77,42.63
noise-cancelling-headphones,store_001,2024-07-15 00:00:00,117.93,155.13
4k-webcam,store_001,2024-07-15 00:00:00,170.53,67.59
mechanical-keyboard,store_001,2024-07-15 00:00:00,125.89,105.55
gaming-mouse,store_001,2024-07-15 00:00:00,194.97,51.2
usb-c-hub,store_001,2024-07-15 00:00:00,331.49,34.85
portable-ssd,store_001,2024-07-15 00:00:00,157.43,76.5
smart-display,store_001,2024-07-15 00:00:00,71.3,124.65
robot-vacuum,store_001,2024-07-15 00:00:00,71.77,252.35
action-camera,store_001,2024-07-15 00:00:00,100.48,142.81
wireless-earbuds,store_001,2024-07-16 00:00:00,176.14,59.08
smart-watch,store_001,2024-07-16 00:00:00,92.11,205.34
bluetooth-speaker,store_001,2024-07-16 00:00:00,297.56,38.52
noise-cancelling-headphones,store_001,2024-07-16 00:00:00,107.22,160.52
4k-webcam,store_001,2024-07-16 00:00:00,188.48,66.13
mechanical-keyboard,store_001,2024-07-16 00:00:00,127.2,110.67
gaming-mouse,store_001,2024-07-16 00:00:00,219.78,54.35
usb-c-hub,store_001,2024-07-16 00:00:00,288.91,30.51
portable-ssd,store_001,2024-07-16 00:00:00,157.27,71.98
smart-display,store_001,2024-07-16 00:00:00,92.58,125.64
robot-vacuum,store_001,2024-07-16 00:00:00,66.85,227.98
action-camera,store_001,2024-07-16 00:00:00,96.45,134.09
wireless-earbuds,store_001,2024-07-17 00:00:00,260.71,66.08
smart-watch,store_001,2024-07-17 00:00:00,108.35,210.56
bluetooth-speaker,store_001,2024-07-17 00:00:00,264.86,40.96
noise-cancelling-headphones,store_001,2024-07-17 00:00:00,128.13,175.52
4k-webcam,store_001,2024-07-17 00:00:00,199.67,78.97
mechanical-keyboard,store_001,2024-07-17 00:00:00,116.49,99.42
gaming-mouse,store_001,2024-07-17 00:00:00,215.06,59.34
usb-c-hub,store_001,2024-07-17 00:00:00,352.08,32.25
portable-ssd,store_001,2024-07-17 00:00:00,136.94,67.31
smart-display,store_001,2024-07-17 00:00:00,99.44,124.75
robot-vacuum,store_001,2024-07-17 00:00:00,59.9,226.11
action-camera,store_001,2024-07-17 00:00:00,121.03,138.96
wireless-earbuds,store_001,2024-07-18 00:00:00,214.61,60.63
smart-watch,store_001,2024-07-18 00:00:00,93.72,204.52
bluetooth-speaker,store_001,2024-07-18 00:00:00,271.52,41.6
noise-cancelling-headphones,store_001,2024-07-18 00:00:00,153.15,171.33
4k-webcam,store_001,2024-07-18 00:00:00,182.41,73.08
mechanical-keyboard,store_001,2024-07-18 00:00:00,169.51,95.67
gaming-mouse,store_001,2024-07-18 00:00:00,207.96,54.66
usb-c-hub,store_001,2024-07-18 00:00:00,365.01,34.93
portable-ssd,store_001,2024-07-18 00:00:00,198.06,71.99
smart-display,store_001,2024-07-18 00:00:00,123.17,128.38
robot-vacuum,store_001,2024-07-18 00:00:00,56.17,230.39
action-camera,store_001,2024-07-18 00:00:00,119.9,145.95
wireless-earbuds,store_001,2024-07-19 00:00:00,253.69,68.01
smart-watch,store_001,2024-07-19 00:00:00,133.79,205.19
bluetooth-speaker,store_001,2024-07-19 00:00:00,318.85,40.47
noise-cancelling-headphones,store_001,2024-07-19 00:00:00,160.52,152.24
4k-webcam,store_001,2024-07-19 00:00:00,215.1,78.66
mechanical-keyboard,store_001,2024-07-19 00:00:00,193.03,105.57
gaming-mouse,store_001,2024-07-19 00:00:00,231.95,54.37
usb-c-hub,store_001,2024-07-19 00:00:00,356.12,31.91
portable-ssd,store_001,2024-07-19 00:00:00,202.4,68.92
smart-display,store_001,2024-07-19 00:00:00,99.86,111.47
robot-vacuum,store_001,2024-07-19 00:00:00,98.75,246.29
action-camera,store_001,2024-07-19 00:00:00,175.85,154.04
wireless-earbuds,store_001,2024-07-20 00:00:00,336.73,61.65
smart-watch,store_001,2024-07-20 00:00:00,138.33,190.69
bluetooth-speaker,store_001,2024-07-20 00:00:00,359.4,42.89
noise-cancelling-headphones,store_001,2024-07-20 00:00:00,168.52,162.77
4k-webcam,store_001,2024-07-20 00:00:00,270.63,65.13
mechanical-keyboard,store_001,2024-07-20 00:00:00,188.79,107.36
gaming-mouse,store_001,2024-07-20 00:00:00,339.2,52.26
usb-c-hub,store_001,2024-07-20 00:00:00,413.22,29.2
portable-ssd,store_001,2024-07-20 00:00:00,260.79,70.51
smart-display,store_001,2024-07-20 00:00:00,127.33,109.99
robot-vacuum,store_001,2024-07-20 00:00:00,92.29,258.49
action-camera,store_001,2024-07-20 00:00:00,177.81,136.72
wireless-earbuds,store_001,2024-07-21 00:00:00,271.54,68.32
smart-watch,store_001,2024-07-21 00:00:00,142.07,206.53
bluetooth-speaker,store_001,2024-07-21 00:00:00,357.05,43.79
noise-cancelling-headphones,store_001,2024-07-21 00:00:00,143.7,152.71
4k-webcam,store_001,2024-07-21 00:00:00,139.14,67.34
mechanical-keyboard,store_001,2024-07-21 00:00:00,192.29,106.72
gaming-mouse,store_001,2024-07-21 00:00:00,215.55,57.55
usb-c-hub,store_001,2024-07-21 00:00:00,335.45,31.01
portable-ssd,store_001,2024-07-21 00:00:00,154.73,70.06
smart-display,store_001,2024-07-21 00:00:00,126.59,115.28
robot-vacuum,store_001,2024-07-21 00:00:00,96.97,232.5
action-camera,store_001,2024-07-21 00:00:00,143.16,129.83
wireless-earbuds,store_001,2024-07-22 00:00:00,261.23,57.71
smart-watch,store_001,2024-07-22 00:00:00,77.21,191.71
bluetooth-speaker,store_001,2024-07-22 00:00:00,262.05,39.29
noise-cancelling-headphones,store_001,2024-07-22 00:00:00,122.23,156.62
4k-webcam,store_001,2024-07-22 00:00:00,175.76,70.24
mechanical-keyboard,store_001,2024-07-22 00:00:00,163.57,102.37
gaming-mouse,store_001,2024-07-22 00:00:00,178.0,59.44
usb-c-hub,store_001,2024-07-22 00:00:00,335.62,30.61
portable-ssd,store_001,2024-07-22 00:00:00,150.34,77.08
smart-display,store_001,2024-07-22 00:00:00,81.54,114.94
robot-vacuum,store_001,2024-07-22 00:00:00,59.08,245.88
action-camera,store_001,2024-07-22 00:00:00,100.18,130.15
wireless-earbuds,store_001,2024-07-23 00:00:00,231.73,58.9
smart-watch,store_001,2024-07-23 00:00:00,89.8,208.6
bluetooth-speaker,store_001,2024-07-23 00:00:00,249.99,39.94
noise-cancelling-headphones,store_001,2024-07-23 00:00:00,106.56,153.96
4k-webcam,store_001,2024-07-23 00:00:00,167.73,76.19
mechanical-keyboard,store_001,2024-07-23 00:00:00,78.05,111.14
gaming-mouse,store_001,2024-07-23 00:00:00,174.83,51.19
usb-c-hub,store_001,2024-07-23 00:00:00,266.56,30.02
portable-ssd,store_001,2024-07-23 00:00:00,151.17,66.55
smart-display,store_001,2024-07-23 00:00:00,73.87,113.97
robot-vacuum,store_001,2024-07-23 00:00:00,59.57,217.6
action-camera,store_001,2024-07-23 00:00:00,90.64,151.8
wireless-earbuds,store_001,2024-07-24 00:00:00,145.64,66.31
smart-watch,store_001,2024-07-24 00:00:00,91.66,192.91
bluetooth-speaker,store_001,2024-07-24 00:00:00,249.81,40.16
noise-cancelling-headphones,store_001,2024-07-24 00:00:00,129.22,164.42
4k-webcam,store_001,2024-07-24 00:00:00,170.64,67.93
mechanical-keyboard,store_001,2024-07-24 00:00:00,186.8,106.76
gaming-mouse,store_001,2024-07-24 00:00:00,195.6,51.73
usb-c-hub,store_001,2024-07-24 00:00:00,309.27,28.85
portable-ssd,store_001,2024-07-24 00:00:00,191.35,73.38
smart-display,store_001,2024-07-24 00:00:00,113.43,110.14
robot-vacuum,store_001,2024-07-24 00:00:00,68.82,260.67
action-camera,store_001,2024-07-24 00:00:00,113.37,147.6
wireless-earbuds,store_001,2024-07-25 00:00:00,260.82,67.72
smart-watch,store_001,2024-07-25 00:00:00,110.23,189.3
bluetooth-speaker,store_001,2024-07-25 00:00:00,335.02,42.44
noise-cancelling-headphones,store_001,2024-07-25 00:00:00,133.17,150.17
4k-webcam,store_001,2024-07-25 00:00:00,176.0,77.73
mechanical-keyboard,store_001,2024-07-25 00:00:00,135.7,102.69
gaming-mouse,store_001,2024-07-25 00:00:00,204.52,52.48
usb-c-hub,store_001,2024-07-25 00:00:00,382.89,33.48
portable-ssd,store_001,2024-07-25 00:00:00,152.32,72.78
smart-display,store_001,2024-07-25 00:00:00,144.25,111.71
robot-vacuum,store_001,2024-07-25 00:00:00,71.0,216.03
action-camera,store_001,2024-07-25 00:00:00,131.21,140.51
wireless-earbuds,store_001,2024-07-26 00:00:00,268.42,67.52
smart-watch,store_001,2024-07-26 00:00:00,126.22,208.83
bluetooth-speaker,store_001,2024-07-26 00:00:00,323.25,40.18
noise-cancelling-headphones,store_001,2024-07-26 00:00:00,143.26,161.64
4k-webcam,store_001,2024-07-26 00:00:00,191.18,66.38
mechanical-keyboard,store_001,2024-07-26 00:00:00,169.81,94.98
gaming-mouse,store_001,2024-07-26 00:00:00,245.6,52.66
usb-c-hub,store_001,2024-07-26 00:00:00,364.92,29.42
portable-ssd,store_001,2024-07-26 00:00:00,157.19,72.36
smart-display,store_001,2024-07-26 00:00:00,118.27,114.13
robot-vacuum,store_001,2024-07-26 00:00:00,81.61,260.64
action-camera,store_001,2024-07-26 00:00:00,172.84,143.74
wireless-earbuds,store_001,2024-07-27 00:00:00,302.03,58.37
smart-watch,store_001,2024-07-27 00:00:00,124.62,217.52
bluetooth-speaker,store_001,2024-07-27 00:00:00,329.53,42.58
noise-cancelling-headphones,store_001,2024-07-27 00:00:00,193.93,145.29
4k-webcam,store_001,2024-07-27 00:00:00,236.37,78.62
mechanical-keyboard,store_001,2024-07-27 00:00:00,218.48,108.68
gaming-mouse,store_001,2024-07-27 00:00:00,250.23,53.18
usb-c-hub,store_001,2024-07-27 00:00:00,404.95,29.94
portable-ssd,store_001,2024-07-27 00:00:00,230.98,73.99
smart-display,store_001,2024-07-27 00:00:00,130.61,119.0
robot-vacuum,store_001,2024-07-27 00:00:00,85.88,224.65
action-camera,store_001,2024-07-27 00:00:00,128.21,139.31
wireless-earbuds,store_001,2024-07-28 00:00:00,231.23,77.63
smart-watch,store_001,2024-07-28 00:00:00,111.73,274.56
bluetooth-speaker,store_001,2024-07-28 00:00:00,206.25,49.3
noise-cancelling-headphones,store_001,2024-07-28 00:00:00,114.29,204.33
4k-webcam,store_001,2024-07-28 00:00:00,122.74,97.66
mechanical-keyboard,store_001,2024-07-28 00:00:00,123.13,141.99
gaming-mouse,store_001,2024-07-28 00:00:00,140.33,76.75
usb-c-hub,store_001,2024-07-28 00:00:00,260.17,40.13
portable-ssd,store_001,2024-07-28 00:00:00,153.54,84.98
smart-display,store_001,2024-07-28 00:00:00,82.65,135.64
robot-vacuum,store_001,2024-07-28 00:00:00,64.83,303.21
action-camera,store_001,2024-07-28 00:00:00,81.13,195.32
wireless-earbuds,store_001,2024-07-29 00:00:00,149.74,74.21
smart-watch,store_001,2024-07-29 00:00:00,64.43,254.1
bluetooth-speaker,store_001,2024-07-29 00:00:00,196.3,48.99
noise-cancelling-headphones,store_001,2024-07-29 00:00:00,93.46,209.36
4k-webcam,store_001,2024-07-29 00:00:00,111.41,95.85
mechanical-keyboard,store_001,2024-07-29 00:00:00,71.14,131.97
gaming-mouse,store_001,2024-07-29 00:00:00,151.16,73.22
usb-c-hub,store_001,2024-07-29 00:00:00,176.87,36.62
portable-ssd,store_001,2024-07-29 00:00:00,127.22,95.7
smart-display,store_001,2024-07-29 00:00:00,75.09,161.02
robot-vacuum,store_001,2024-07-29 00:00:00,45.51,306.13
action-camera,store_001,2024-07-29 00:00:00,78.05,189.98
wireless-earbuds,store_001,2024-07-30 00:00:00,135.52,80.63
smart-watch,store_001,2024-07-30 00:00:00,65.68,250.11
bluetooth-speaker,store_001,2024-07-30 00:00:00,160.1,48.92
noise-cancelling-headphones,store_001,2024-07-30 00:00:00,82.61,203.8
4k-webcam,store_001,2024-07-30 00:00:00,97.13,88.09
mechanical-keyboard,store_001,2024-07-30 00:00:00,94.22,119.14
gaming-mouse,store_001,2024-07-30 00:00:00,118.61,64.18
usb-c-hub,store_001,2024-07-30 00:00:00,182.12,42.18
portable-ssd,store_001,2024-07-30 00:00:00,100.33,89.77
smart-display,store_001,2024-07-30 00:00:00,65.82,140.87
robot-vacuum,store_001,2024-07-30 00:00:00,37.4,274.29
action-camera,store_001,2024-07-30 00:00:00,58.59,173.63
wireless-earbuds,store_001,2024-07-31 00:00:00,152.44,78.77
smart-watch,store_001,2024-07-31 00:00:00,64.89,241.03
bluetooth-speaker,store_001,2024-07-31 00:00:00,190.33,54.87
noise-cancelling-headphones,store_001,2024-07-31 00:00:00,85.12,219.6
4k-webcam,store_001,2024-07-31 00:00:00,117.03,95.72
mechanical-keyboard,store_001,2024-07-31 00:00:00,107.31,126.71
gaming-mouse,store_001,2024-07-31 00:00:00,147.45,63.75
usb-c-hub,store_001,2024-07-31 00:00:00,145.0,43.4
portable-ssd,store_001,2024-07-31 00:00:00,137.99,93.48
smart-display,store_001,2024-07-31 00:00:00,65.7,148.49
robot-vacuum,store_001,2024-07-31 00:00:00,50.25,282.22
action-camera,store_001,2024-07-31 00:00:00,80.69,171.3
wireless-earbuds,store_001,2024-08-01 00:00:00,137.58,83.17
smart-watch,store_001,2024-08-01 00:00:00,76.11,254.14
bluetooth-speaker,store_001,2024-08-01 00:00:00,206.62,47.83
noise-cancelling-headphones,store_001,2024-08-01 00:00:00,85.17,204.71
4k-webcam,store_001,2024-08-01 00:00:00,154.47,87.99
mechanical-keyboard,store_001,2024-08-01 00:00:00,115.24,139.14
gaming-mouse,store_001,2024-08-01 00:00:00,136.27,75.13
usb-c-hub,store_001,2024-08-01 00:00:00,169.77,37.84
portable-ssd,store_001,2024-08-01 00:00:00,94.47,86.67
smart-display,store_001,2024-08-01 00:00:00,87.11,150.94
robot-vacuum,store_001,2024-08-01 00:00:00,52.52,325.57
action-camera,store_001,2024-08-01 00:00:00,104.62,170.9
wireless-earbuds,store_001,2024-08-02 00:00:00,175.56,74.5
smart-watch,store_001,2024-08-02 00:00:00,83.07,242.59
bluetooth-speaker,store_001,2024-08-02 00:00:00,202.49,50.0
noise-cancelling-headphones,store_001,2024-08-02 00:00:00,99.11,205.02
4k-webcam,store_001,2024-08-02 00:00:00,161.66,81.52
mechanical-keyboard,store_001,2024-08-02 00:00:00,102.9,124.28
gaming-mouse,store_001,2024-08-02 00:00:00,191.76,64.22
usb-c-hub,store_001,2024-08-02 00:00:00,328.17,43.67
portable-ssd,store_001,2024-08-02 00:00:00,128.08,85.32
smart-display,store_001,2024-08-02 00:00:00,88.45,164.11
robot-vacuum,store_001,2024-08-02 00:00:00,64.54,282.4
action-camera,store_001,2024-08-02 00:00:00,103.2,181.48
wireless-earbuds,store_001,2024-08-03 00:00:00,232.81,83.27
smart-watch,store_001,2024-08-03 00:00:00,68.65,231.75
bluetooth-speaker,store_001,2024-08-03 00:00:00,368.4,54.32
noise-cancelling-headphones,store_001,2024-08-03 00:00:00,111.18,192.69
4k-webcam,store_001,2024-08-03 00:00:00,123.83,86.71
mechanical-keyboard,store_001,2024-08-03 00:00:00,113.37,135.89
gaming-mouse,store_001,2024-08-03 00:00:00,194.94,68.75
usb-c-hub,store_001,2024-08-03 00:00:00,219.62,43.46
portable-ssd,store_001,2024-08-03 00:00:00,192.73,95.01
smart-display,store_001,2024-08-03 00:00:00,89.98,140.53
robot-vacuum,store_001,2024-08-03 00:00:00,68.69,304.01
action-camera,store_001,2024-08-03 00:00:00,97.6,170.35
wireless-earbuds,store_001,2024-08-04 00:00:00,168.9,79.62
smart-watch,store_001,2024-08-04 00:00:00,70.21,255.23
bluetooth-speaker,store_001,2024-08-04 00:00:00,205.91,49.9
noise-cancelling-headphones,store_001,2024-08-04 00:00:00,102.33,187.72
4k-webcam,store_001,2024-08-04 00:00:00,183.21,85.85
mechanical-keyboard,store_001,2024-08-04 00:00:00,127.32,136.29
gaming-mouse,store_001,2024-08-04 00:00:00,214.78,75.97
usb-c-hub,store_001,2024-08-04 00:00:00,225.1,42.93
portable-ssd,store_001,2024-08-04 00:00:00,119.76,85.43
smart-display,store_001,2024-08-04 00:00:00,90.86,136.25
robot-vacuum,store_001,2024-08-04 00:00:00,58.43,306.68
action-camera,store_001,2024-08-04 00:00:00,81.87,183.37
wireless-earbuds,store_001,2024-08-05 00:00:00,101.16,80.32
smart-watch,store_001,2024-08-05 00:00:00,58.76,266.34
bluetooth-speaker,store_001,2024-08-05 00:00:00,242.19,48.95
noise-cancelling-headphones,store_001,2024-08-05 00:00:00,87.36,202.3
4k-webcam,store_001,2024-08-05 00:00:00,97.35,86.23
mechanical-keyboard,store_001,2024-08-05 00:00:00,93.03,124.91
gaming-mouse,store_001,2024-08-05 00:00:00,136.97,71.57
usb-c-hub,store_001,2024-08-05 00:00:00,187.59,40.13
portable-ssd,store_001,2024-08-05 00:00:00,118.16,94.0
smart-display,store_001,2024-08-05 00:00:00,86.6,158.35
robot-vacuum,store_001,2024-08-05 00:00:00,55.22,294.8
action-camera,store_001,2024-08-05 00:00:00,70.57,168.43
wireless-earbuds,store_001,2024-08-06 00:00:00,118.46,79.27
smart-watch,store_001,2024-08-06 00:00:00,53.65,259.58
bluetooth-speaker,store_001,2024-08-06 00:00:00,186.21,46.23
noise-cancelling-headphones,store_001,2024-08-06 00:00:00,74.11,197.97
4k-webcam,store_001,2024-08-06 00:00:00,93.45,95.23
mechanical-keyboard,store_001,2024-08-06 00:00:00,96.62,141.68
gaming-mouse,store_001,2024-08-06 00:00:00,103.3,75.76
usb-c-hub,store_001,2024-08-06 00:00:00,195.84,41.27
portable-ssd,store_001,2024-08-06 00:00:00,117.11,93.81
smart-display,store_001,2024-08-06 00:00:00,78.05,144.28
robot-vacuum,store_001,2024-08-06 00:00:00,40.86,277.04
action-camera,store_001,2024-08-06 00:00:00,66.04,169.29
wireless-earbuds,store_001,2024-08-07 00:00:00,140.79,85.68
smart-watch,store_001,2024-08-07 00:00:00,59.32,225.28
bluetooth-speaker,store_001,2024-08-07 00:00:00,194.19,49.75
noise-cancelling-headphones,store_001,2024-08-07 00:00:00,83.9,183.17
4k-webcam,store_001,2024-08-07 00:00:00,104.16,92.15
mechanical-keyboard,store_001,2024-08-07 00:00:00,91.68,138.45
gaming-mouse,store_001,2024-08-07 00:00:00,138.32,63.51
usb-c-hub,store_001,2024-08-07 00:00:00,195.53,41.33
portable-ssd,store_001,2024-08-07 00:00:00,104.4,81.87
smart-display,store_001,2024-08-07 00:00:00,67.05,140.34
robot-vacuum,store_001,2024-08-07 00:00:00,41.15,305.69
action-camera,store_001,2024-08-07 00:00:00,63.93,168.38
wireless-earbuds,store_001,2024-08-08 00:00:00,122.13,73.48
smart-watch,store_001,2024-08-08 00:00:00,73.13,243.42
bluetooth-speaker,store_001,2024-08-08 00:00:00,191.98,50.49
noise-cancelling-headphones,store_001,2024-08-08 00:00:00,99.16,185.37
4k-webcam,store_001,2024-08-08 00:00:00,114.97,90.43
mechanical-keyboard,store_001,2024-08-08 00:00:00,90.22,132.9
gaming-mouse,store_001,2024-08-08 00:00:00,158.25,76.81
usb-c-hub,store_001,2024-08-08 00:00:00,244.85,41.5
portable-ssd,store_001,2024-08-08 00:00:00,157.19,91.95
smart-display,store_001,2024-08-08 00:00:00,67.67,150.75
robot-vacuum,store_001,2024-08-08 00:00:00,58.4,303.75
action-camera,store_001,2024-08-08 00:00:00,83.04,184.74
wireless-earbuds,store_001,2024-08-09 00:00:00,172.2,83.33
smart-watch,store_001,2024-08-09 00:00:00,73.88,225.07
bluetooth-speaker,store_001,2024-08-09 00:00:00,296.77,53.47
noise-cancelling-headphones,store_001,2024-08-09 00:00:00,107.6,219.95
4k-webcam,store_001,2024-08-09 00:00:00,129.48,92.46
mechanical-keyboard,store_001,2024-08-09 00:00:00,144.58,122.22
gaming-mouse,store_001,2024-08-09 00:00:00,169.87,70.08
usb-c-hub,store_001,2024-08-09 00:00:00,328.46,36.04
portable-ssd,store_001,2024-08-09 00:00:00,126.04,92.08
smart-display,store_001,2024-08-09 00:00:00,90.45,140.26
robot-vacuum,store_001,2024-08-09 00:00:00,54.05,324.96
action-camera,store_001,2024-08-09 00:00:00,104.18,185.23
wireless-earbuds,store_001,2024-08-10 00:00:00,158.58,80.58
smart-watch,store_001,2024-08-10 00:00:00,93.07,264.19
bluetooth-speaker,store_001,2024-08-10 00:00:00,198.8,47.98
noise-cancelling-headphones,store_001,2024-08-10 00:00:00,127.48,192.61
4k-webcam,store_001,2024-08-10 00:00:00,138.9,95.38
mechanical-keyboard,store_001,2024-08-10 00:00:00,122.61,126.18
gaming-mouse,store_001,2024-08-10 00:00:00,222.04,76.76
usb-c-hub,store_001,2024-08-10 00:00:00,272.74,42.73
portable-ssd,store_001,2024-08-10 00:00:00,131.02,96.55
smart-display,store_001,2024-08-10 00:00:00,89.88,156.15
robot-vacuum,store_001,2024-08-10 00:00:00,64.46,299.81
action-camera,store_001,2024-08-10 00:00:00,118.74,178.26
wireless-earbuds,store_001,2024-08-11 00:00:00,203.82,73.79
smart-watch,store_001,2024-08-11 00:00:00,71.35,263.88
bluetooth-speaker,store_001,2024-08-11 00:00:00,274.29,49.82
noise-cancelling-headphones,store_001,2024-08-11 00:00:00,99.28,187.6
4k-webcam,store_001,2024-08-11 00:00:00,160.8,94.95
mechanical-keyboard,store_001,2024-08-11 00:00:00,115.99,139.66
gaming-mouse,store_001,2024-08-11 00:00:00,176.52,64.85
usb-c-hub,store_001,2024-08-11 00:00:00,178.34,39.67
portable-ssd,store_001,2024-08-11 00:00:00,139.77,97.77
smart-display,store_001,2024-08-11 00:00:00,72.39,152.82
robot-vacuum,store_001,2024-08-11 00:00:00,68.54,301.22
action-camera,store_001,2024-08-11 00:00:00,99.9,173.24
wireless-earbuds,store_001,2024-08-12 00:00:00,117.27,77.12
smart-watch,store_001,2024-08-12 00:00:00,60.5,238.82
bluetooth-speaker,store_001,2024-08-12 00:00:00,177.0,46.48
noise-cancelling-headphones,store_001,2024-08-12 00:00:00,95.92,180.6
4k-webcam,store_001,2024-08-12 00:00:00,100.9,87.3
mechanical-keyboard,store_001,2024-08-12 00:00:00,85.55,120.67
gaming-mouse,store_001,2024-08-12 00:00:00,128.35,63.99
usb-c-hub,store_001,2024-08-12 00:00:00,171.1,38.7
portable-ssd,store_001,2024-08-12 00:00:00,95.98,93.15
smart-display,store_001,2024-08-12 00:00:00,74.57,136.6
robot-vacuum,store_001,2024-08-12 00:00:00,39.77,305.56
action-camera,store_001,2024-08-12 00:00:00,71.73,187.17
wireless-earbuds,store_001,2024-08-13 00:00:00,113.75,83.4
smart-watch,store_001,2024-08-13 00:00:00,50.6,251.66
bluetooth-speaker,store_001,2024-08-13 00:00:00,197.23,46.31
noise-cancelling-headphones,store_001,2024-08-13 00:00:00,69.94,216.78
4k-webcam,store_001,2024-08-13 00:00:00,83.71,93.77
mechanical-keyboard,store_001,2024-08-13 00:00:00,89.12,123.01
gaming-mouse,store_001,2024-08-13 00:00:00,119.76,75.77
usb-c-hub,store_001,2024-08-13 00:00:00,229.11,41.59
portable-ssd,store_001,2024-08-13 00:00:00,78.57,89.15
smart-display,store_001,2024-08-13 00:00:00,56.85,149.25
robot-vacuum,store_001,2024-08-13 00:00:00,40.09,316.07
action-camera,store_001,2024-08-13 00:00:00,75.79,166.58
wireless-earbuds,store_001,2024-08-14 00:00:00,163.64,77.2
smart-watch,store_001,2024-08-14 00:00:00,69.51,264.61
bluetooth-speaker,store_001,2024-08-14 00:00:00,164.54,51.2
noise-cancelling-headphones,store_001,2024-08-14 00:00:00,83.71,218.94
4k-webcam,store_001,2024-08-14 00:00:00,96.54,91.63
mechanical-keyboard,store_001,2024-08-14 00:00:00,98.04,128.31
gaming-mouse,store_001,2024-08-14 00:00:00,144.43,72.27
usb-c-hub,store_001,2024-08-14 00:00:00,188.8,43.44
portable-ssd,store_001,2024-08-14 00:00:00,92.08,89.32
smart-display,store_001,2024-08-14 00:00:00,66.2,159.65
robot-vacuum,store_001,2024-08-14 00:00:00,56.52,276.52
action-camera,store_001,2024-08-14 00:00:00,93.31,189.76
wireless-earbuds,store_001,2024-08-15 00:00:00,135.51,73.44
smart-watch,store_001,2024-08-15 00:00:00,68.43,269.35
bluetooth-speaker,store_001,2024-08-15 00:00:00,242.56,46.46
noise-cancelling-headphones,store_001,2024-08-15 00:00:00,88.22,201.24
4k-webcam,store_001,2024-08-15 00:00:00,110.17,93.26
mechanical-keyboard,store_001,2024-08-15 00:00:00,116.46,131.82
gaming-mouse,store_001,2024-08-15 00:00:00,138.43,69.08
usb-c-hub,store_001,2024-08-15 00:00:00,183.86,38.74
portable-ssd,store_001,2024-08-15 00:00:00,103.18,88.27
smart-display,store_001,2024-08-15 00:00:00,81.48,143.82
robot-vacuum,store_001,2024-08-15 00:00:00,47.24,312.19
action-camera,store_001,2024-08-15 00:00:00,86.02,174.92
wireless-earbuds,store_001,2024-08-16 00:00:00,228.95,83.23
smart-watch,store_001,2024-08-16 00:00:00,67.08,240.9
bluetooth-speaker,store_001,2024-08-16 00:00:00,211.45,51.61
noise-cancelling-headphones,store_001,2024-08-16 00:00:00,119.7,187.52
4k-webcam,store_001,2024-08-16 00:00:00,105.95,83.77
mechanical-keyboard,store_001,2024-08-16 00:00:00,131.19,134.41
gaming-mouse,store_001,2024-08-16 00:00:00,190.86,73.09
usb-c-hub,store_001,2024-08-16 00:00:00,269.43,39.48
portable-ssd,store_001,2024-08-16 00:00:00,139.14,88.48
smart-display,store_001,2024-08-16 00:00:00,91.41,158.66
robot-vacuum,store_001,2024-08-16 00:00:00,55.95,300.55
action-camera,store_001,2024-08-16 00:00:00,91.32,178.19
wireless-earbuds,store_001,2024-08-17 00:00:00,190.59,81.24
smart-watch,store_001,2024-08-17 00:00:00,86.24,236.83
bluetooth-speaker,store_001,2024-08-17 00:00:00,220.27,48.66
noise-cancelling-headphones,store_001,2024-08-17 00:00:00,108.17,202.72
4k-webcam,store_001,2024-08-17 00:00:00,153.0,93.42
mechanical-keyboard,store_001,2024-08-17 00:00:00,135.34,136.0
gaming-mouse,store_001,2024-08-17 00:00:00,232.19,69.5
usb-c-hub,store_001,2024-08-17 00:00:00,294.72,43.11
portable-ssd,store_001,2024-08-17 00:00:00,157.03,98.28
smart-display,store_001,2024-08-17 00:00:00,114.61,154.0
robot-vacuum,store_001,2024-08-17 00:00:00,71.21,290.6
action-camera,store_001,2024-08-17 00:00:00,92.29,178.87
wireless-earbuds,store_001,2024-08-18 00:00:00,148.05,78.73
smart-watch,store_001,2024-08-18 00:00:00,68.92,264.9
bluetooth-speaker,store_001,2024-08-18 00:00:00,202.35,52.48
noise-cancelling-headphones,store_001,2024-08-18 00:00:00,103.57,202.54
4k-webcam,store_001,2024-08-18 00:00:00,163.44,81.92
mechanical-keyboard,store_001,2024-08-18 00:00:00,111.48,138.02
gaming-mouse,store_001,2024-08-18 00:00:00,162.12,70.07
usb-c-hub,store_001,2024-08-18 00:00:00,214.17,38.21
portable-ssd,store_001,2024-08-18 00:00:00,128.58,81.25
smart-display,store_001,2024-08-18 00:00:00,100.11,140.23
robot-vacuum,store_001,2024-08-18 00:00:00,53.05,318.46
action-camera,store_001,2024-08-18 00:00:00,96.12,187.22
wireless-earbuds,store_001,2024-08-19 00:00:00,100.92,77.48
smart-watch,store_001,2024-08-19 00:00:00,65.42,232.24
bluetooth-speaker,store_001,2024-08-19 00:00:00,182.92,54.92
noise-cancelling-headphones,store_001,2024-08-19 00:00:00,74.62,189.51
4k-webcam,store_001,2024-08-19 00:00:00,93.42,94.21
mechanical-keyboard,store_001,2024-08-19 00:00:00,99.38,133.69
gaming-mouse,store_001,2024-08-19 00:00:00,132.64,68.57
usb-c-hub,store_001,2024-08-19 00:00:00,186.72,41.96
portable-ssd,store_001,2024-08-19 00:00:00,102.89,93.69
smart-display,store_001,2024-08-19 00:00:00,57.23,139.35
robot-vacuum,store_001,2024-08-19 00:00:00,39.79,296.92
action-camera,store_001,2024-08-19 00:00:00,69.93,196.61
wireless-earbuds,store_001,2024-08-20 00:00:00,117.51,82.19
smart-watch,store_001,2024-08-20 00:00:00,48.94,246.58
bluetooth-speaker,store_001,2024-08-20 00:00:00,201.22,47.66
noise-cancelling-headphones,store_001,2024-08-20 00:00:00,72.75,206.16
4k-webcam,store_001,2024-08-20 00:00:00,78.73,94.21
mechanical-keyboard,store_001,2024-08-20 00:00:00,94.63,122.06
gaming-mouse,store_001,2024-08-20 00:00:00,112.17,70.66
usb-c-hub,store_001,2024-08-20 00:00:00,200.35,42.64
portable-ssd,store_001,2024-08-20 00:00:00,107.16,89.02
smart-display,store_001,2024-08-20 00:00:00,66.58,143.49
robot-vacuum,store_001,2024-08-20 00:00:00,44.06,326.3
action-camera,store_001,2024-08-20 00:00:00,68.55,192.07
wireless-earbuds,store_001,2024-08-21 00:00:00,162.77,73.91
smart-watch,store_001,2024-08-21 00:00:00,54.96,231.49
bluetooth-speaker,store_001,2024-08-21 00:00:00,153.36,54.66
noise-cancelling-headphones,store_001,2024-08-21 00:00:00,61.95,207.82
4k-webcam,store_001,2024-08-21 00:00:00,100.85,92.49
mechanical-keyboard,store_001,2024-08-21 00:00:00,99.39,124.18
gaming-mouse,store_001,2024-08-21 00:00:00,95.06,67.52
usb-c-hub,store_001,2024-08-21 00:00:00,239.76,36.58
portable-ssd,store_001,2024-08-21 00:00:00,111.48,82.07
smart-display,store_001,2024-08-21 00:00:00,56.64,142.93
robot-vacuum,store_001,2024-08-21 00:00:00,36.06,306.61
action-camera,store_001,2024-08-21 00:00:00,86.75,179.7
wireless-earbuds,store_001,2024-08-22 00:00:00,183.2,82.28
smart-watch,store_001,2024-08-22 00:00:00,70.11,260.76
bluetooth-speaker,store_001,2024-08-22 00:00:00,195.32,47.5
noise-cancelling-headphones,store_001,2024-08-22 00:00:00,93.75,215.85
4k-webcam,store_001,2024-08-22 00:00:00,117.49,92.95
mechanical-keyboard,store_001,2024-08-22 00:00:00,120.1,135.19
gaming-mouse,store_001,2024-08-22 00:00:00,155.35,76.15
usb-c-hub,store_001,2024-08-22 00:00:00,193.8,39.48
portable-ssd,store_001,2024-08-22 00:00:00,117.31,90.71
smart-display,store_001,2024-08-22 00:00:00,67.49,163.61
robot-vacuum,store_001,2024-08-22 00:00:00,49.8,326.09
action-camera,store_001,2024-08-22 00:00:00,73.5,186.54
wireless-earbuds,store_001,2024-08-23 00:00:00,145.61,73.44
smart-watch,store_001,2024-08-23 00:00:00,86.79,273.04
bluetooth-speaker,store_001,2024-08-23 00:00:00,243.98,51.47
noise-cancelling-headphones,store_001,2024-08-23 00:00:00,123.52,181.56
4k-webcam,store_001,2024-08-23 00:00:00,127.61,97.13
mechanical-keyboard,store_001,2024-08-23 00:00:00,124.79,126.33
gaming-mouse,store_001,2024-08-23 00:00:00,182.1,64.95
usb-c-hub,store_001,2024-08-23 00:00:00,295.66,41.75
portable-ssd,store_001,2024-08-23 00:00:00,129.42,90.72
smart-display,store_001,2024-08-23 00:00:00,86.06,151.01
robot-vacuum,store_001,2024-08-23 00:00:00,55.42,272.21
action-camera,store_001,2024-08-23 00:00:00,95.34,190.35
wireless-earbuds,store_001,2024-08-24 00:00:00,200.32,82.67
smart-watch,store_001,2024-08-24 00:00:00,88.36,258.89
bluetooth-speaker,store_001,2024-08-24 00:00:00,258.27,54.24
noise-cancelling-headphones,store_001,2024-08-24 00:00:00,122.94,185.65
4k-webcam,store_001,2024-08-24 00:00:00,129.44,81.82
mechanical-keyboard,store_001,2024-08-24 00:00:00,112.7,120.38
gaming-mouse,store_001,2024-08-24 00:00:00,191.21,74.1
usb-c-hub,store_001,2024-08-24 00:00:00,290.18,37.36
portable-ssd,store_001,2024-08-24 00:00:00,128.24,89.94
smart-display,store_001,2024-08-24 00:00:00,80.58,141.61
robot-vacuum,store_001,2024-08-24 00:00:00,61.19,328.92
action-camera,store_001,2024-08-24 00:00:00,90.99,173.66
wireless-earbuds,store_001,2024-08-25 00:00:00,219.54,85.37
smart-watch,store_001,2024-08-25 00:00:00,69.62,263.2
bluetooth-speaker,store_001,2024-08-25 00:00:00,215.2,46.4
noise-cancelling-headphones,store_001,2024-08-25 00:00:00,99.29,207.84
4k-webcam,store_001,2024-08-25 00:00:00,107.99,81.72
mechanical-keyboard,store_001,2024-08-25 00:00:00,120.04,139.02
gaming-mouse,store_001,2024-08-25 00:00:00,146.65,69.81
usb-c-hub,store_001,2024-08-25 00:00:00,232.23,37.43
portable-ssd,store_001,2024-08-25 00:00:00,135.85,88.48
smart-display,store_001,2024-08-25 00:00:00,87.7,158.17
robot-vacuum,store_001,2024-08-25 00:00:00,51.9,301.38
action-camera,store_001,2024-08-25 00:00:00,88.44,195.76
wireless-earbuds,store_001,2024-08-26 00:00:00,141.67,79.99
smart-watch,store_001,2024-08-26 00:00:00,52.03,256.35
bluetooth-speaker,store_001,2024-08-26 00:00:00,190.62,47.35
noise-cancelling-headphones,store_001,2024-08-26 00:00:00,76.86,201.2
4k-webcam,store_001,2024-08-26 00:00:00,107.46,90.7
mechanical-keyboard,store_001,2024-08-26 00:00:00,100.63,137.02
gaming-mouse,store_001,2024-08-26 00:00:00,123.24,74.14
usb-c-hub,store_001,2024-08-26 00:00:00,166.74,43.74
portable-ssd,store_001,2024-08-26 00:00:00,88.53,81.77
smart-display,store_001,2024-08-26 00:00:00,64.82,143.54
robot-vacuum,store_001,2024-08-26 00:00:00,35.86,315.49
action-camera,store_001,2024-08-26 00:00:00,82.61,188.64
wireless-earbuds,store_001,2024-08-27 00:00:00,129.06,79.75
smart-watch,store_001,2024-08-27 00:00:00,57.09,269.74
bluetooth-speaker,store_001,2024-08-27 00:00:00,160.13,46.98
noise-cancelling-headphones,store_001,2024-08-27 00:00:00,61.09,193.02
4k-webcam,store_001,2024-08-27 00:00:00,107.22,94.27
mechanical-keyboard,store_001,2024-08-27 00:00:00,69.7,126.75
gaming-mouse,store_001,2024-08-27 00:00:00,118.29,75.46
usb-c-hub,store_001,2024-08-27 00:00:00,214.84,43.41
portable-ssd,store_001,2024-08-27 00:00:00,88.32,93.95
smart-display,store_001,2024-08-27 00:00:00,62.32,164.26
robot-vacuum,store_001,2024-08-27 00:00:00,39.01,273.57
action-camera,store_001,2024-08-27 00:00:00,55.35,192.65
wireless-earbuds,store_001,2024-08-28 00:00:00,138.05,86.17
smart-watch,store_001,2024-08-28 00:00:00,61.48,264.47
bluetooth-speaker,store_001,2024-08-28 00:00:00,170.33,54.69
noise-cancelling-headphones,store_001,2024-08-28 00:00:00,68.6,183.45
4k-webcam,store_001,2024-08-28 00:00:00,107.01,91.64
mechanical-keyboard,store_001,2024-08-28 00:00:00,78.47,124.25
gaming-mouse,store_001,2024-08-28 00:00:00,132.42,67.57
usb-c-hub,store_001,2024-08-28 00:00:00,157.57,43.12
portable-ssd,store_001,2024-08-28 00:00:00,96.93,81.08
smart-display,store_001,2024-08-28 00:00:00,60.55,136.19
robot-vacuum,store_001,2024-08-28 00:00:00,39.02,301.86
action-camera,store_001,2024-08-28 00:00:00,56.95,190.72
wireless-earbuds,store_001,2024-08-29 00:00:00,168.79,80.93
smart-watch,store_001,2024-08-29 00:00:00,62.78,261.58
bluetooth-speaker,store_001,2024-08-29 00:00:00,208.08,51.47
noise-cancelling-headphones,store_001,2024-08-29 00:00:00,94.36,199.18
4k-webcam,store_001,2024-08-29 00:00:00,100.16,94.44
mechanical-keyboard,store_001,2024-08-29 00:00:00,128.09,128.82
gaming-mouse,store_001,2024-08-29 00:00:00,143.3,74.05
usb-c-hub,store_001,2024-08-29 00:00:00,162.83,39.7
portable-ssd,store_001,2024-08-29 00:00:00,100.36,97.07
smart-display,store_001,2024-08-29 00:00:00,62.33,135.97
robot-vacuum,store_001,2024-08-29 00:00:00,39.26,302.54
action-camera,store_001,2024-08-29 00:00:00,56.5,190.35
wireless-earbuds,store_001,2024-08-30 00:00:00,212.52,72.87
smart-watch,store_001,2024-08-30 00:00:00,80.04,258.72
bluetooth-speaker,store_001,2024-08-30 00:00:00,244.13,51.18
noise-cancelling-headphones,store_001,2024-08-30 00:00:00,106.24,187.0
4k-webcam,store_001,2024-08-30 00:00:00,127.74,84.68
mechanical-keyboard,store_001,2024-08-30 00:00:00,106.84,123.19
gaming-mouse,store_001,2024-08-30 00:00:00,165.5,71.11
usb-c-hub,store_001,2024-08-30 00:00:00,250.32,37.67
portable-ssd,store_001,2024-08-30 00:00:00,136.34,85.8
smart-display,store_001,2024-08-30 00:00:00,78.02,143.3
robot-vacuum,store_001,2024-08-30 00:00:00,62.88,301.59
action-camera,store_001,2024-08-30 00:00:00,78.01,187.54
wireless-earbuds,store_001,2024-08-31 00:00:00,193.83,81.92
smart-watch,store_001,2024-08-31 00:00:00,69.3,272.26
bluetooth-speaker,store_001,2024-08-31 00:00:00,296.04,53.91
noise-cancelling-headphones,store_001,2024-08-31 00:00:00,86.3,183.2
4k-webcam,store_001,2024-08-31 00:00:00,148.0,82.96
mechanical-keyboard,store_001,2024-08-31 00:00:00,128.11,135.11
gaming-mouse,store_001,2024-08-31 00:00:00,134.16,71.77
usb-c-hub,store_001,2024-08-31 00:00:00,287.32,43.75
portable-ssd,store_001,2024-08-31 00:00:00,139.31,88.98
smart-display,store_001,2024-08-31 00:00:00,91.72,143.74
robot-vacuum,store_001,2024-08-31 00:00:00,79.64,326.84
action-camera,store_001,2024-08-31 00:00:00,80.14,176.81
wireless-earbuds,store_001,2024-09-01 00:00:00,163.55,81.48
smart-watch,store_001,2024-09-01 00:00:00,82.12,267.08
bluetooth-speaker,store_001,2024-09-01 00:00:00,210.43,52.88
noise-cancelling-headphones,store_001,2024-09-01 00:00:00,112.89,190.39
4k-webcam,store_001,2024-09-01 00:00:00,85.6,81.84
mechanical-keyboard,store_001,2024-09-01 00:00:00,121.53,128.84
gaming-mouse,store_001,2024-09-01 00:00:00,170.51,66.98
usb-c-hub,store_001,2024-09-01 00:00:00,269.62,42.7
portable-ssd,store_001,2024-09-01 00:00:00,126.82,85.27
smart-display,store_001,2024-09-01 00:00:00,76.75,144.49
robot-vacuum,store_001,2024-09-01 00:00:00,61.4,303.74
action-camera,store_001,2024-09-01 00:00:00,77.25,173.4
wireless-earbuds,store_001,2024-09-02 00:00:00,125.02,74.59
smart-watch,store_001,2024-09-02 00:00:00,65.66,271.01
bluetooth-speaker,store_001,2024-09-02 00:00:00,158.23,49.57
noise-cancelling-headphones,store_001,2024-09-02 00:00:00,88.33,180.16
4k-webcam,store_001,2024-09-02 00:00:00,103.15,93.69
mechanical-keyboard,store_001,2024-09-02 00:00:00,59.78,124.53
gaming-mouse,store_001,2024-09-02 00:00:00,156.66,65.05
usb-c-hub,store_001,2024-09-02 00:00:00,162.09,43.24
portable-ssd,store_001,2024-09-02 00:00:00,77.08,97.19
smart-display,store_001,2024-09-02 00:00:00,74.27,151.52
robot-vacuum,store_001,2024-09-02 00:00:00,37.27,296.75
action-camera,store_001,2024-09-02 00:00:00,61.54,163.97
wireless-earbuds,store_001,2024-09-03 00:00:00,120.17,86.96
smart-watch,store_001,2024-09-03 00:00:00,49.54,226.12
bluetooth-speaker,store_001,2024-09-03 00:00:00,132.47,45.86
noise-cancelling-headphones,store_001,2024-09-03 00:00:00,71.69,187.77
4k-webcam,store_001,2024-09-03 00:00:00,81.56,97.34
mechanical-keyboard,store_001,2024-09-03 00:00:00,97.89,120.84
gaming-mouse,store_001,2024-09-03 00:00:00,124.46,66.98
usb-c-hub,store_001,2024-09-03 00:00:00,163.24,43.81
portable-ssd,store_001,2024-09-03 00:00:00,90.61,88.99
smart-display,store_001,2024-09-03 00:00:00,53.05,159.1
robot-vacuum,store_001,2024-09-03 00:00:00,33.71,295.42
action-camera,store_001,2024-09-03 00:00:00,53.5,167.02
wireless-earbuds,store_001,2024-09-04 00:00:00,143.79,79.58
smart-watch,store_001,2024-09-04 00:00:00,54.77,274.32
bluetooth-speaker,store_001,2024-09-04 00:00:00,213.91,45.88
noise-cancelling-headphones,store_001,2024-09-04 00:00:00,95.19,216.57
4k-webcam,store_001,2024-09-04 00:00:00,89.67,94.58
mechanical-keyboard,store_001,2024-09-04 00:00:00,107.62,121.83
gaming-mouse,store_001,2024-09-04 00:00:00,123.39,74.56
usb-c-hub,store_001,2024-09-04 00:00:00,201.63,38.42
portable-ssd,store_001,2024-09-04 00:00:00,98.55,81.04
smart-display,store_001,2024-09-04 00:00:00,68.32,163.67
robot-vacuum,store_001,2024-09-04 00:00:00,45.65,323.55
action-camera,store_001,2024-09-04 00:00:00,48.35,179.7
wireless-earbuds,store_001,2024-09-05 00:00:00,155.49,76.43
smart-watch,store_001,2024-09-05 00:00:00,52.85,228.33
bluetooth-speaker,store_001,2024-09-05 00:00:00,182.46,53.67
noise-cancelling-headphones,store_001,2024-09-05 00:00:00,71.93,199.03
4k-webcam,store_001,2024-09-05 00:00:00,110.85,91.34
mechanical-keyboard,store_001,2024-09-05 00:00:00,86.06,121.22
gaming-mouse,store_001,2024-09-05 00:00:00,136.16,64.89
usb-c-hub,store_001,2024-09-05 00:00:00,228.57,38.17
portable-ssd,store_001,2024-09-05 00:00:00,85.65,86.21
smart-display,store_001,2024-09-05 00:00:00,81.0,163.08
robot-vacuum,store_001,2024-09-05 00:00:00,39.3,275.66
action-camera,store_001,2024-09-05 00:00:00,52.92,181.56
wireless-earbuds,store_001,2024-09-06 00:00:00,201.23,76.81
smart-watch,store_001,2024-09-06 00:00:00,62.39,259.41
bluetooth-speaker,store_001,2024-09-06 00:00:00,237.17,45.12
noise-cancelling-headphones,store_001,2024-09-06 00:00:00,115.0,194.91
4k-webcam,store_001,2024-09-06 00:00:00,112.12,82.83
mechanical-keyboard,store_001,2024-09-06 00:00:00,127.89,122.74
gaming-mouse,store_001,2024-09-06 00:00:00,173.63,74.63
usb-c-hub,store_001,2024-09-06 00:00:00,306.71,40.25
portable-ssd,store_001,2024-09-06 00:00:00,114.0,89.28
smart-display,store_001,2024-09-06 00:00:00,88.61,159.55
robot-vacuum,store_001,2024-09-06 00:00:00,65.27,291.74
action-camera,store_001,2024-09-06 00:00:00,60.13,194.02
wireless-earbuds,store_001,2024-09-07 00:00:00,168.51,83.35
smart-watch,store_001,2024-09-07 00:00:00,80.94,265.72
bluetooth-speaker,store_001,2024-09-07 00:00:00,271.4,47.26
noise-cancelling-headphones,store_001,2024-09-07 00:00:00,152.29,185.2
4k-webcam,store_001,2024-09-07 00:00:00,162.95,82.39
mechanical-keyboard,store_001,2024-09-07 00:00:00,131.94,136.68
gaming-mouse,store_001,2024-09-07 00:00:00,174.58,70.18
usb-c-hub,store_001,2024-09-07 00:00:00,298.59,36.94
portable-ssd,store_001,2024-09-07 00:00:00,137.05,94.57
smart-display,store_001,2024-09-07 00:00:00,93.24,162.59
robot-vacuum,store_001,2024-09-07 00:00:00,69.28,291.08
action-camera,store_001,2024-09-07 00:00:00,100.38,192.44
wireless-earbuds,store_001,2024-09-08 00:00:00,225.79,74.56
smart-watch,store_001,2024-09-08 00:00:00,65.89,261.42
bluetooth-speaker,store_001,2024-09-08 00:00:00,232.63,50.77
noise-cancelling-headphones,store_001,2024-09-08 00:00:00,127.94,188.67
4k-webcam,store_001,2024-09-08 00:00:00,124.28,90.66
mechanical-keyboard,store_001,2024-09-08 00:00:00,111.38,119.56
gaming-mouse,store_001,2024-09-08 00:00:00,152.6,68.12
usb-c-hub,store_001,2024-09-08 00:00:00,265.47,39.51
portable-ssd,store_001,2024-09-08 00:00:00,137.62,87.82
smart-display,store_001,2024-09-08 00:00:00,86.09,141.82
robot-vacuum,store_001,2024-09-08 00:00:00,72.55,276.61
action-camera,store_001,2024-09-08 00:00:00,85.85,189.43
wireless-earbuds,store_001,2024-09-09 00:00:00,138.67,77.24
smart-watch,store_001,2024-09-09 00:00:00,52.12,239.17
bluetooth-speaker,store_001,2024-09-09 00:00:00,136.55,49.43
noise-cancelling-headphones,store_001,2024-09-09 00:00:00,72.24,191.61
4k-webcam,store_001,2024-09-09 00:00:00,114.56,96.13
mechanical-keyboard,store_001,2024-09-09 00:00:00,82.01,134.65
gaming-mouse,store_001,2024-09-09 00:00:00,141.61,64.46
usb-c-hub,store_001,2024-09-09 00:00:00,258.63,41.26
portable-ssd,store_001,2024-09-09 00:00:00,103.64,91.62
smart-display,store_001,2024-09-09 00:00:00,71.52,162.75
robot-vacuum,store_001,2024-09-09 00:00:00,38.89,290.31
action-camera,store_001,2024-09-09 00:00:00,49.08,197.65
wireless-earbuds,store_001,2024-09-10 00:00:00,138.55,76.45
smart-watch,store_001,2024-09-10 00:00:00,59.15,254.09
bluetooth-speaker,store_001,2024-09-10 00:00:00,145.66,48.99
noise-cancelling-headphones,store_001,2024-09-10 00:00:00,88.79,204.12
4k-webcam,store_001,2024-09-10 00:00:00,87.47,94.81
mechanical-keyboard,store_001,2024-09-10 00:00:00,94.92,123.51
gaming-mouse,store_001,2024-09-10 00:00:00,99.65,64.39
usb-c-hub,store_001,2024-09-10 00:00:00,187.82,36.54
portable-ssd,store_001,2024-09-10 00:00:00,79.41,93.22
smart-display,store_001,2024-09-10 00:00:00,45.76,153.65
robot-vacuum,store_001,2024-09-10 00:00:00,38.17,316.04
action-camera,store_001,2024-09-10 00:00:00,45.71,169.26
wireless-earbuds,store_001,2024-09-11 00:00:00,135.84,77.49
smart-watch,store_001,2024-09-11 00:00:00,48.93,252.32
bluetooth-speaker,store_001,2024-09-11 00:00:00,181.2,54.14
noise-cancelling-headphones,store_001,2024-09-11 00:00:00,83.16,192.57
4k-webcam,store_001,2024-09-11 00:00:00,105.02,91.01
mechanical-keyboard,store_001,2024-09-11 00:00:00,92.98,124.87
gaming-mouse,store_001,2024-09-11 00:00:00,129.47,73.01
usb-c-hub,store_001,2024-09-11 00:00:00,167.45,36.87
portable-ssd,store_001,2024-09-11 00:00:00,89.73,91.29
smart-display,store_001,2024-09-11 00:00:00,57.2,160.62
robot-vacuum,store_001,2024-09-11 00:00:00,38.27,328.24
action-camera,store_001,2024-09-11 00:00:00,51.56,174.69
wireless-earbuds,store_001,2024-09-12 00:00:00,178.07,72.71
smart-watch,store_001,2024-09-12 00:00:00,57.89,242.43
bluetooth-speaker,store_001,2024-09-12 00:00:00,168.35,48.4
noise-cancelling-headphones,store_001,2024-09-12 00:00:00,90.71,193.8
4k-webcam,store_001,2024-09-12 00:00:00,100.62,85.45
mechanical-keyboard,store_001,2024-09-12 00:00:00,101.83,132.4
gaming-mouse,store_001,2024-09-12 00:00:00,142.36,67.72
usb-c-hub,store_001,2024-09-12 00:00:00,217.47,38.6
portable-ssd,store_001,2024-09-12 00:00:00,80.8,97.21
smart-display,store_001,2024-09-12 00:00:00,78.78,155.87
robot-vacuum,store_001,2024-09-12 00:00:00,32.89,293.41
action-camera,store_001,2024-09-12 00:00:00,44.95,191.09
wireless-earbuds,store_001,2024-09-13 00:00:00,210.52,80.03
smart-watch,store_001,2024-09-13 00:00:00,79.68,241.97
bluetooth-speaker,store_001,2024-09-13 00:00:00,204.57,49.96
noise-cancelling-headphones,store_001,2024-09-13 00:00:00,89.76,211.48
4k-webcam,store_001,2024-09-13 00:00:00,151.99,81.85
mechanical-keyboard,store_001,2024-09-13 00:00:00,91.85,127.44
gaming-mouse,store_001,2024-09-13 00:00:00,177.7,74.81
usb-c-hub,store_001,2024-09-13 00:00:00,317.2,38.69
portable-ssd,store_001,2024-09-13 00:00:00,154.97,84.77
smart-display,store_001,2024-09-13 00:00:00,87.97,154.54
robot-vacuum,store_001,2024-09-13 00:00:00,52.08,302.39
action-camera,store_001,2024-09-13 00:00:00,86.23,176.47
wireless-earbuds,store_001,2024-09-14 00:00:00,165.77,74.88
smart-watch,store_001,2024-09-14 00:00:00,82.03,260.16
bluetooth-speaker,store_001,2024-09-14 00:00:00,279.25,54.61
noise-cancelling-headphones,store_001,2024-09-14 00:00:00,94.78,198.68
4k-webcam,store_001,2024-09-14 00:00:00,162.59,94.83
mechanical-keyboard,store_001,2024-09-14 00:00:00,120.81,131.71
gaming-mouse,store_001,2024-09-14 00:00:00,159.59,65.06
usb-c-hub,store_001,2024-09-14 00:00:00,255.12,41.47
portable-ssd,store_001,2024-09-14 00:00:00,139.03,95.93
smart-display,store_001,2024-09-14 00:00:00,113.63,141.1
robot-vacuum,store_001,2024-09-14 00:00:00,47.06,285.38
action-camera,store_001,2024-09-14 00:00:00,80.1,176.6
wireless-earbuds,store_001,2024-09-15 00:00:00,188.61,85.23
smart-watch,store_001,2024-09-15 00:00:00,76.71,252.98
bluetooth-speaker,store_001,2024-09-15 00:00:00,193.19,46.58
noise-cancelling-headphones,store_001,2024-09-15 00:00:00,113.75,190.33
4k-webcam,store_001,2024-09-15 00:00:00,144.82,96.33
mechanical-keyboard,store_001,2024-09-15 00:00:00,83.99,129.62
gaming-mouse,store_001,2024-09-15 00:00:00,203.36,71.41
usb-c-hub,store_001,2024-09-15 00:00:00,222.95,43.19
portable-ssd,store_001,2024-09-15 00:00:00,107.53,82.62
smart-display,store_001,2024-09-15 00:00:00,79.24,156.72
robot-vacuum,store_001,2024-09-15 00:00:00,51.98,325.97
action-camera,store_001,2024-09-15 00:00:00,66.88,191.83
wireless-earbuds,store_001,2024-09-16 00:00:00,173.33,86.14
smart-watch,store_001,2024-09-16 00:00:00,53.7,231.1
bluetooth-speaker,store_001,2024-09-16 00:00:00,165.4,48.89
noise-cancelling-headphones,store_001,2024-09-16 00:00:00,65.46,189.43
4k-webcam,store_001,2024-09-16 00:00:00,99.29,98.45
mechanical-keyboard,store_001,2024-09-16 00:00:00,89.32,123.6
gaming-mouse,store_001,2024-09-16 00:00:00,105.9,76.27
usb-c-hub,store_001,2024-09-16 00:00:00,172.93,39.38
portable-ssd,store_001,2024-09-16 00:00:00,76.35,97.85
smart-display,store_001,2024-09-16 00:00:00,46.56,156.46
robot-vacuum,store_001,2024-09-16 00:00:00,37.15,306.34
action-camera,store_001,2024-09-16 00:00:00,45.14,185.83
wireless-earbuds,store_001,2024-09-17 00:00:00,135.38,75.83
smart-watch,store_001,2024-09-17 00:00:00,48.43,240.45
bluetooth-speaker,store_001,2024-09-17 00:00:00,158.49,46.21
noise-cancelling-headphones,store_001,2024-09-17 00:00:00,64.67,214.3
4k-webcam,store_001,2024-09-17 00:00:00,75.93,98.59
mechanical-keyboard,store_001,2024-09-17 00:00:00,98.61,119.34
gaming-mouse,store_001,2024-09-17 00:00:00,120.85,75.45
usb-c-hub,store_001,2024-09-17 00:00:00,142.87,41.04
portable-ssd,store_001,2024-09-17 00:00:00,103.96,81.6
smart-display,store_001,2024-09-17 00:00:00,47.16,159.69
robot-vacuum,store_001,2024-09-17 00:00:00,43.62,320.46
action-camera,store_001,2024-09-17 00:00:00,42.3,193.55
wireless-earbuds,store_001,2024-09-18 00:00:00,144.85,80.09
smart-watch,store_001,2024-09-18 00:00:00,48.35,255.1
bluetooth-speaker,store_001,2024-09-18 00:00:00,185.67,45.26
noise-cancelling-headphones,store_001,2024-09-18 00:00:00,72.03,205.65
4k-webcam,store_001,2024-09-18 00:00:00,95.78,88.2
mechanical-keyboard,store_001,2024-09-18 00:00:00,74.27,125.15
gaming-mouse,store_001,2024-09-18 00:00:00,130.56,76.56
usb-c-hub,store_001,2024-09-18 00:00:00,183.54,42.09
portable-ssd,store_001,2024-09-18 00:00:00,103.67,86.74
smart-display,store_001,2024-09-18 00:00:00,56.76,157.04
robot-vacuum,store_001,2024-09-18 00:00:00,39.45,317.96
action-camera,store_001,2024-09-18 00:00:00,65.49,176.91
wireless-earbuds,store_001,2024-09-19 00:00:00,145.55,86.14
smart-watch,store_001,2024-09-19 00:00:00,80.02,272.39
bluetooth-speaker,store_001,2024-09-19 00:00:00,202.34,54.06
noise-cancelling-headphones,store_001,2024-09-19 00:00:00,70.75,187.92
4k-webcam,store_001,2024-09-19 00:00:00,109.71,88.71
mechanical-keyboard,store_001,2024-09-19 00:00:00,92.64,119.31
gaming-mouse,store_001,2024-09-19 00:00:00,112.46,73.05
usb-c-hub,store_001,2024-09-19 00:00:00,246.12,43.35
portable-ssd,store_001,2024-09-19 00:00:00,93.57,93.83
smart-display,store_001,2024-09-19 00:00:00,78.16,160.85
robot-vacuum,store_001,2024-09-19 00:00:00,45.95,277.8
action-camera,store_001,2024-09-19 00:00:00,46.13,183.59
wireless-earbuds,store_001,2024-09-20 00:00:00,185.45,78.68
smart-watch,store_001,2024-09-20 00:00:00,76.02,232.29
bluetooth-speaker,store_001,2024-09-20 00:00:00,207.3,54.06
noise-cancelling-headphones,store_001,2024-09-20 00:00:00,114.87,207.36
4k-webcam,store_001,2024-09-20 00:00:00,140.22,86.81
mechanical-keyboard,store_001,2024-09-20 00:00:00,110.8,134.85
gaming-mouse,store_001,2024-09-20 00:00:00,143.17,66.58
usb-c-hub,store_001,2024-09-20 00:00:00,213.22,36.46
portable-ssd,store_001,2024-09-20 00:00:00,111.37,98.93
smart-display,store_001,2024-09-20 00:00:00,82.99,164.01
robot-vacuum,store_001,2024-09-20 00:00:00,49.65,285.21
action-camera,store_001,2024-09-20 00:00:00,57.36,172.88
wireless-earbuds,store_001,2024-09-21 00:00:00,156.44,80.94
smart-watch,store_001,2024-09-21 00:00:00,85.57,238.01
bluetooth-speaker,store_001,2024-09-21 00:00:00,157.58,46.31
noise-cancelling-headphones,store_001,2024-09-21 00:00:00,114.64,201.21
4k-webcam,store_001,2024-09-21 00:00:00,163.11,83.29
mechanical-keyboard,store_001,2024-09-21 00:00:00,120.54,138.69
gaming-mouse,store_001,2024-09-21 00:00:00,177.0,75.27
usb-c-hub,store_001,2024-09-21 00:00:00,185.9,42.08
portable-ssd,store_001,2024-09-21 00:00:00,125.58,86.67
smart-display,store_001,2024-09-21 00:00:00,91.17,157.9
robot-vacuum,store_001,2024-09-21 00:00:00,64.88,317.88
action-camera,store_001,2024-09-21 00:00:00,93.48,167.34
wireless-earbuds,store_001,2024-09-22 00:00:00,175.46,83.28
smart-watch,store_001,2024-09-22 00:00:00,74.52,274.75
bluetooth-speaker,store_001,2024-09-22 00:00:00,219.52,52.08
noise-cancelling-headphones,store_001,2024-09-22 00:00:00,96.53,199.71
4k-webcam,store_001,2024-09-22 00:00:00,154.57,82.68
mechanical-keyboard,store_001,2024-09-22 00:00:00,81.1,121.69
gaming-mouse,store_001,2024-09-22 00:00:00,167.26,75.46
usb-c-hub,store_001,2024-09-22 00:00:00,254.18,40.66
portable-ssd,store_001,2024-09-22 00:00:00,136.21,88.49
smart-display,store_001,2024-09-22 00:00:00,85.03,158.04
robot-vacuum,store_001,2024-09-22 00:00:00,50.35,310.87
action-camera,store_001,2024-09-22 00:00:00,47.26,176.18
wireless-earbuds,store_001,2024-09-23 00:00:00,90.07,74.45
smart-watch,store_001,2024-09-23 00:00:00,50.12,266.52
bluetooth-speaker,store_001,2024-09-23 00:00:00,134.74,50.93
noise-cancelling-headphones,store_001,2024-09-23 00:00:00,73.59,218.78
4k-webcam,store_001,2024-09-23 00:00:00,84.4,94.16
mechanical-keyboard,store_001,2024-09-23 00:00:00,60.62,141.88
gaming-mouse,store_001,2024-09-23 00:00:00,116.23,72.0
usb-c-hub,store_001,2024-09-23 00:00:00,177.16,36.44
portable-ssd,store_001,2024-09-23 00:00:00,120.72,88.17
smart-display,store_001,2024-09-23 00:00:00,74.45,163.94
robot-vacuum,store_001,2024-09-23 00:00:00,38.36,279.77
action-camera,store_001,2024-09-23 00:00:00,44.25,172.25
wireless-earbuds,store_001,2024-09-24 00:00:00,130.23,79.84
smart-watch,store_001,2024-09-24 00:00:00,43.16,265.31
bluetooth-speaker,store_001,2024-09-24 00:00:00,150.08,51.64
noise-cancelling-headphones,store_001,2024-09-24 00:00:00,77.26,200.5
4k-webcam,store_001,2024-09-24 00:00:00,69.06,91.12
mechanical-keyboard,store_001,2024-09-24 00:00:00,81.6,136.66
gaming-mouse,store_001,2024-09-24 00:00:00,116.42,68.95
usb-c-hub,store_001,2024-09-24 00:00:00,153.89,38.72
portable-ssd,store_001,2024-09-24 00:00:00,77.14,83.78
smart-display,store_001,2024-09-24 00:00:00,59.46,153.88
robot-vacuum,store_001,2024-09-24 00:00:00,34.2,324.42
action-camera,store_001,2024-09-24 00:00:00,45.28,167.34
wireless-earbuds,store_001,2024-09-25 00:00:00,148.95,80.36
smart-watch,store_001,2024-09-25 00:00:00,71.54,227.38
bluetooth-speaker,store_001,2024-09-25 00:00:00,187.22,49.24
noise-cancelling-headphones,store_001,2024-09-25 00:00:00,87.3,206.42
4k-webcam,store_001,2024-09-25 00:00:00,98.82,82.46
mechanical-keyboard,store_001,2024-09-25 00:00:00,85.3,119.95
gaming-mouse,store_001,2024-09-25 00:00:00,124.04,68.49
usb-c-hub,store_001,2024-09-25 00:00:00,189.44,43.0
portable-ssd,store_001,2024-09-25 00:00:00,94.32,93.05
smart-display,store_001,2024-09-25 00:00:00,73.51,142.94
robot-vacuum,store_001,2024-09-25 00:00:00,55.29,281.1
action-camera,store_001,2024-09-25 00:00:00,46.38,183.74
wireless-earbuds,store_001,2024-09-26 00:00:00,147.27,72.08
smart-watch,store_001,2024-09-26 00:00:00,62.98,233.58
bluetooth-speaker,store_001,2024-09-26 00:00:00,134.14,54.65
noise-cancelling-headphones,store_001,2024-09-26 00:00:00,84.09,199.46
4k-webcam,store_001,2024-09-26 00:00:00,84.74,93.12
mechanical-keyboard,store_001,2024-09-26 00:00:00,70.17,127.26
gaming-mouse,store_001,2024-09-26 00:00:00,137.51,64.56
usb-c-hub,store_001,2024-09-26 00:00:00,228.49,43.75
portable-ssd,store_001,2024-09-26 00:00:00,105.46,92.69
smart-display,store_001,2024-09-26 00:00:00,65.32,153.77
robot-vacuum,store_001,2024-09-26 00:00:00,46.93,297.8
action-camera,store_001,2024-09-26 00:00:00,50.28,162.78
wireless-earbuds,store_001,2024-09-27 00:00:00,171.06,87.41
smart-watch,store_001,2024-09-27 00:00:00,78.51,267.98
bluetooth-speaker,store_001,2024-09-27 00:00:00,196.34,53.33
noise-cancelling-headphones,store_001,2024-09-27 00:00:00,105.56,180.31
4k-webcam,store_001,2024-09-27 00:00:00,102.88,96.26
mechanical-keyboard,store_001,2024-09-27 00:00:00,92.64,132.48
gaming-mouse,store_001,2024-09-27 00:00:00,140.36,69.8
usb-c-hub,store_001,2024-09-27 00:00:00,225.55,40.88
portable-ssd,store_001,2024-09-27 00:00:00,113.09,93.85
smart-display,store_001,2024-09-27 00:00:00,66.23,147.65
robot-vacuum,store_001,2024-09-27 00:00:00,48.41,295.02
action-camera,store_001,2024-09-27 00:00:00,68.32,179.8
wireless-earbuds,store_001,2024-09-28 00:00:00,197.9,72.32
smart-watch,store_001,2024-09-28 00:00:00,79.83,234.6
bluetooth-speaker,store_001,2024-09-28 00:00:00,233.06,54.08
noise-cancelling-headphones,store_001,2024-09-28 00:00:00,121.25,204.07
4k-webcam,store_001,2024-09-28 00:00:00,166.87,86.27
mechanical-keyboard,store_001,2024-09-28 00:00:00,100.04,141.94
gaming-mouse,store_001,2024-09-28 00:00:00,173.96,74.13
usb-c-hub,store_001,2024-09-28 00:00:00,204.57,42.75
portable-ssd,store_001,2024-09-28 00:00:00,119.49,93.0
smart-display,store_001,2024-09-28 00:00:00,90.33,140.98
robot-vacuum,store_001,2024-09-28 00:00:00,56.39,329.62
action-camera,store_001,2024-09-28 00:00:00,71.14,169.53
wireless-earbuds,store_001,2024-09-29 00:00:00,154.88,77.7
smart-watch,store_001,2024-09-29 00:00:00,75.43,266.39
bluetooth-speaker,store_001,2024-09-29 00:00:00,226.74,49.3
noise-cancelling-headphones,store_001,2024-09-29 00:00:00,92.14,184.82
4k-webcam,store_001,2024-09-29 00:00:00,130.35,87.38
mechanical-keyboard,store_001,2024-09-29 00:00:00,127.95,139.81
gaming-mouse,store_001,2024-09-29 00:00:00,140.42,70.21
usb-c-hub,store_001,2024-09-29 00:00:00,233.5,41.64
portable-ssd,store_001,2024-09-29 00:00:00,133.63,96.14
smart-display,store_001,2024-09-29 00:00:00,80.47,138.17
robot-vacuum,store_001,2024-09-29 00:00:00,38.9,319.41
action-camera,store_001,2024-09-29 00:00:00,58.81,165.79
wireless-earbuds,store_001,2024-09-30 00:00:00,96.78,74.5
smart-watch,store_001,2024-09-30 00:00:00,46.36,247.07
bluetooth-speaker,store_001,2024-09-30 00:00:00,136.56,51.46
noise-cancelling-headphones,store_001,2024-09-30 00:00:00,76.04,185.5
4k-webcam,store_001,2024-09-30 00:00:00,104.87,94.83
mechanical-keyboard,store_001,2024-09-30 00:00:00,77.93,138.03
gaming-mouse,store_001,2024-09-30 00:00:00,113.31,68.2
usb-c-hub,store_001,2024-09-30 00:00:00,185.33,38.88
portable-ssd,store_001,2024-09-30 00:00:00,83.89,88.58
smart-display,store_001,2024-09-30 00:00:00,60.56,159.04
robot-vacuum,store_001,2024-09-30 00:00:00,35.4,321.13
action-camera,store_001,2024-09-30 00:00:00,48.02,175.01
wireless-earbuds,store_001,2024-10-01 00:00:00,139.02,84.89
smart-watch,store_001,2024-10-01 00:00:00,46.85,229.23
bluetooth-speaker,store_001,2024-10-01 00:00:00,136.14,45.61
noise-cancelling-headphones,store_001,2024-10-01 00:00:00,86.61,206.4
4k-webcam,store_001,2024-10-01 00:00:00,82.05,92.36
mechanical-keyboard,store_001,2024-10-01 00:00:00,59.51,134.16
gaming-mouse,store_001,2024-10-01 00:00:00,97.73,72.52
usb-c-hub,store_001,2024-10-01 00:00:00,160.02,38.42
portable-ssd,store_001,2024-10-01 00:00:00,93.32,86.03
smart-display,store_001,2024-10-01 00:00:00,42.04,162.6
robot-vacuum,store_001,2024-10-01 00:00:00,37.46,302.66
action-camera,store_001,2024-10-01 00:00:00,37.18,185.46
wireless-earbuds,store_001,2024-10-02 00:00:00,115.56,78.46
smart-watch,store_001,2024-10-02 00:00:00,46.09,240.07
bluetooth-speaker,store_001,2024-10-02 00:00:00,174.66,52.39
noise-cancelling-headphones,store_001,2024-10-02 00:00:00,86.07,219.67
4k-webcam,store_001,2024-10-02 00:00:00,98.95,90.37
mechanical-keyboard,store_001,2024-10-02 00:00:00,87.13,121.15
gaming-mouse,store_001,2024-10-02 00:00:00,142.03,66.37
usb-c-hub,store_001,2024-10-02 00:00:00,180.26,41.8
portable-ssd,store_001,2024-10-02 00:00:00,111.09,87.7
smart-display,store_001,2024-10-02 00:00:00,62.41,145.62
robot-vacuum,store_001,2024-10-02 00:00:00,51.87,287.87
action-camera,store_001,2024-10-02 00:00:00,50.64,178.3
wireless-earbuds,store_001,2024-10-03 00:00:00,153.98,81.04
smart-watch,store_001,2024-10-03 00:00:00,54.0,256.38
bluetooth-speaker,store_001,2024-10-03 00:00:00,151.13,47.84
noise-cancelling-headphones,store_001,2024-10-03 00:00:00,75.0,208.58
4k-webcam,store_001,2024-10-03 00:00:00,96.63,85.45
mechanical-keyboard,store_001,2024-10-03 00:00:00,79.17,132.13
gaming-mouse,store_001,2024-10-03 00:00:00,142.79,72.95
usb-c-hub,store_001,2024-10-03 00:00:00,162.44,36.65
portable-ssd,store_001,2024-10-03 00:00:00,125.87,89.02
smart-display,store_001,2024-10-03 00:00:00,76.19,150.78
robot-vacuum,store_001,2024-10-03 00:00:00,38.99,285.81
action-camera,store_001,2024-10-03 00:00:00,49.18,177.23
wireless-earbuds,store_001,2024-10-04 00:00:00,126.04,87.56
smart-watch,store_001,2024-10-04 00:00:00,74.71,232.21
bluetooth-speaker,store_001,2024-10-04 00:00:00,255.89,52.03
noise-cancelling-headphones,store_001,2024-10-04 00:00:00,104.64,184.71
4k-webcam,store_001,2024-10-04 00:00:00,126.12,97.98
mechanical-keyboard,store_001,2024-10-04 00:00:00,129.04,141.74
gaming-mouse,store_001,2024-10-04 00:00:00,147.37,70.99
usb-c-hub,store_001,2024-10-04 00:00:00,236.63,37.22
portable-ssd,store_001,2024-10-04 00:00:00,95.1,89.74
smart-display,store_001,2024-10-04 00:00:00,97.59,139.25
robot-vacuum,store_001,2024-10-04 00:00:00,46.91,323.33
action-camera,store_001,2024-10-04 00:00:00,66.59,191.48
wireless-earbuds,store_001,2024-10-05 00:00:00,177.82,85.92
smart-watch,store_001,2024-10-05 00:00:00,80.25,253.64
bluetooth-speaker,store_001,2024-10-05 00:00:00,164.56,49.74
noise-cancelling-headphones,store_001,2024-10-05 00:00:00,92.37,204.22
4k-webcam,store_001,2024-10-05 00:00:00,142.05,89.09
mechanical-keyboard,store_001,2024-10-05 00:00:00,104.41,139.51
gaming-mouse,store_001,2024-10-05 00:00:00,143.79,68.72
usb-c-hub,store_001,2024-10-05 00:00:00,318.34,39.15
portable-ssd,store_001,2024-10-05 00:00:00,86.87,94.24
smart-display,store_001,2024-10-05 00:00:00,79.53,160.97
robot-vacuum,store_001,2024-10-05 00:00:00,51.45,312.43
action-camera,store_001,2024-10-05 00:00:00,58.5,166.45
wireless-earbuds,store_001,2024-10-06 00:00:00,146.06,81.22
smart-watch,store_001,2024-10-06 00:00:00,73.04,253.5
bluetooth-speaker,store_001,2024-10-06 00:00:00,193.81,46.19
noise-cancelling-headphones,store_001,2024-10-06 00:00:00,97.3,187.18
4k-webcam,store_001,2024-10-06 00:00:00,155.63,93.69
mechanical-keyboard,store_001,2024-10-06 00:00:00,100.0,128.54
gaming-mouse,store_001,2024-10-06 00:00:00,156.01,63.62
usb-c-hub,store_001,2024-10-06 00:00:00,174.77,36.18
portable-ssd,store_001,2024-10-06 00:00:00,96.04,86.7
smart-display,store_001,2024-10-06 00:00:00,85.62,138.43
robot-vacuum,store_001,2024-10-06 00:00:00,56.83,285.32
action-camera,store_001,2024-10-06 00:00:00,69.07,173.03
wireless-earbuds,store_001,2024-10-07 00:00:00,114.17,77.2
smart-watch,store_001,2024-10-07 00:00:00,60.58,227.92
bluetooth-speaker,store_001,2024-10-07 00:00:00,144.4,48.23
noise-cancelling-headphones,store_001,2024-10-07 00:00:00,79.79,213.1
4k-webcam,store_001,2024-10-07 00:00:00,94.88,91.54
mechanical-keyboard,store_001,2024-10-07 00:00:00,86.18,136.55
gaming-mouse,store_001,2024-10-07 00:00:00,115.97,69.5
usb-c-hub,store_001,2024-10-07 00:00:00,181.67,39.86
portable-ssd,store_001,2024-10-07 00:00:00,77.07,85.84
smart-display,store_001,2024-10-07 00:00:00,57.13,155.24
robot-vacuum,store_001,2024-10-07 00:00:00,36.54,288.27
action-camera,store_001,2024-10-07 00:00:00,55.42,165.01
wireless-earbuds,store_001,2024-10-08 00:00:00,100.27,77.96
smart-watch,store_001,2024-10-08 00:00:00,42.36,264.09
bluetooth-speaker,store_001,2024-10-08 00:00:00,116.82,49.51
noise-cancelling-headphones,store_001,2024-10-08 00:00:00,73.12,198.58
4k-webcam,store_001,2024-10-08 00:00:00,84.08,81.0
mechanical-keyboard,store_001,2024-10-08 00:00:00,63.83,129.53
gaming-mouse,store_001,2024-10-08 00:00:00,87.16,67.91
usb-c-hub,store_001,2024-10-08 00:00:00,136.13,40.67
portable-ssd,store_001,2024-10-08 00:00:00,77.63,91.13
smart-display,store_001,2024-10-08 00:00:00,58.52,146.85
robot-vacuum,store_001,2024-10-08 00:00:00,37.54,286.76
action-camera,store_001,2024-10-08 00:00:00,46.99,183.97
wireless-earbuds,store_001,2024-10-09 00:00:00,139.19,77.47
smart-watch,store_001,2024-10-09 00:00:00,57.13,262.62
bluetooth-speaker,store_001,2024-10-09 00:00:00,134.41,48.41
noise-cancelling-headphones,store_001,2024-10-09 00:00:00,79.55,203.97
4k-webcam,store_001,2024-10-09 00:00:00,114.28,81.03
mechanical-keyboard,store_001,2024-10-09 00:00:00,87.92,140.43
gaming-mouse,store_001,2024-10-09 00:00:00,102.04,72.84
usb-c-hub,store_001,2024-10-09 00:00:00,152.63,40.29
portable-ssd,store_001,2024-10-09 00:00:00,107.15,81.55
smart-display,store_001,2024-10-09 00:00:00,49.13,155.14
robot-vacuum,store_001,2024-10-09 00:00:00,36.15,319.64
action-camera,store_001,2024-10-09 00:00:00,46.1,168.37
wireless-earbuds,store_001,2024-10-10 00:00:00,154.87,79.39
smart-watch,store_001,2024-10-10 00:00:00,43.98,247.22
bluetooth-speaker,store_001,2024-10-10 00:00:00,179.75,54.2
noise-cancelling-headphones,store_001,2024-10-10 00:00:00,85.24,183.59
4k-webcam,store_001,2024-10-10 00:00:00,92.49,85.21
mechanical-keyboard,store_001,2024-10-10 00:00:00,84.57,126.43
gaming-mouse,store_001,2024-10-10 00:00:00,112.78,65.92
usb-c-hub,store_001,2024-10-10 00:00:00,253.69,42.56
portable-ssd,store_001,2024-10-10 00:00:00,79.66,89.88
smart-display,store_001,2024-10-10 00:00:00,75.71,154.78
robot-vacuum,store_001,2024-10-10 00:00:00,35.27,273.91
action-camera,store_001,2024-10-10 00:00:00,52.19,164.33
wireless-earbuds,store_001,2024-10-11 00:00:00,174.25,80.36
smart-watch,store_001,2024-10-11 00:00:00,77.78,234.58
bluetooth-speaker,store_001,2024-10-11 00:00:00,166.67,50.32
noise-cancelling-headphones,store_001,2024-10-11 00:00:00,68.23,202.39
4k-webcam,store_001,2024-10-11 00:00:00,89.65,97.96
mechanical-keyboard,store_001,2024-10-11 00:00:00,128.72,141.4
gaming-mouse,store_001,2024-10-11 00:00:00,100.55,72.51
usb-c-hub,store_001,2024-10-11 00:00:00,268.96,38.88
portable-ssd,store_001,2024-10-11 00:00:00,129.27,85.99
smart-display,store_001,2024-10-11 00:00:00,61.49,148.46
robot-vacuum,store_001,2024-10-11 00:00:00,60.53,304.3
action-camera,store_001,2024-10-11 00:00:00,69.47,188.54
wireless-earbuds,store_001,2024-10-12 00:00:00,220.85,75.99
smart-watch,store_001,2024-10-12 00:00:00,81.13,240.53
bluetooth-speaker,store_001,2024-10-12 00:00:00,216.93,53.07
noise-cancelling-headphones,store_001,2024-10-12 00:00:00,100.09,205.04
4k-webcam,store_001,2024-10-12 00:00:00,141.22,85.28
mechanical-keyboard,store_001,2024-10-12 00:00:00,131.94,118.41
gaming-mouse,store_001,2024-10-12 00:00:00,132.01,73.85
usb-c-hub,store_001,2024-10-12 00:00:00,288.54,42.1
portable-ssd,store_001,2024-10-12 00:00:00,126.08,82.08
smart-display,store_001,2024-10-12 00:00:00,84.82,144.39
robot-vacuum,store_001,2024-10-12 00:00:00,61.87,325.14
action-camera,store_001,2024-10-12 00:00:00,66.93,172.84
wireless-earbuds,store_001,2024-10-13 00:00:00,148.47,80.94
smart-watch,store_001,2024-10-13 00:00:00,68.48,244.06
bluetooth-speaker,store_001,2024-10-13 00:00:00,242.06,50.99
noise-cancelling-headphones,store_001,2024-10-13 00:00:00,100.39,180.42
4k-webcam,store_001,2024-10-13 00:00:00,93.62,92.14
mechanical-keyboard,store_001,2024-10-13 00:00:00,122.72,141.37
gaming-mouse,store_001,2024-10-13 00:00:00,151.31,65.69
usb-c-hub,store_001,2024-10-13 00:00:00,205.99,40.75
portable-ssd,store_001,2024-10-13 00:00:00,145.65,91.31
smart-display,store_001,2024-10-13 00:00:00,81.09,142.68
robot-vacuum,store_001,2024-10-13 00:00:00,41.4,284.58
action-camera,store_001,2024-10-13 00:00:00,61.88,164.17
wireless-earbuds,store_001,2024-10-14 00:00:00,105.84,84.06
smart-watch,store_001,2024-10-14 00:00:00,60.81,269.25
bluetooth-speaker,store_001,2024-10-14 00:00:00,159.57,48.42
noise-cancelling-headphones,store_001,2024-10-14 00:00:00,68.76,180.31
4k-webcam,store_001,2024-10-14 00:00:00,85.5,90.12
mechanical-keyboard,store_001,2024-10-14 00:00:00,67.88,139.32
gaming-mouse,store_001,2024-10-14 00:00:00,108.26,75.71
usb-c-hub,store_001,2024-10-14 00:00:00,165.25,38.72
portable-ssd,store_001,2024-10-14 00:00:00,72.84,91.79
smart-display,store_001,2024-10-14 00:00:00,51.3,152.34
robot-vacuum,store_001,2024-10-14 00:00:00,44.88,279.73
action-camera,store_001,2024-10-14 00:00:00,45.1,190.4
wireless-earbuds,store_001,2024-10-15 00:00:00,136.76,75.56
smart-watch,store_001,2024-10-15 00:00:00,52.99,256.19
bluetooth-speaker,store_001,2024-10-15 00:00:00,131.63,48.31
noise-cancelling-headphones,store_001,2024-10-15 00:00:00,76.71,188.2
4k-webcam,store_001,2024-10-15 00:00:00,102.75,82.32
mechanical-keyboard,store_001,2024-10-15 00:00:00,109.91,119.99
gaming-mouse,store_001,2024-10-15 00:00:00,99.35,73.71
usb-c-hub,store_001,2024-10-15 00:00:00,186.36,36.23
portable-ssd,store_001,2024-10-15 00:00:00,78.71,93.93
smart-display,store_001,2024-10-15 00:00:00,61.34,151.63
robot-vacuum,store_001,2024-10-15 00:00:00,33.61,324.63
action-camera,store_001,2024-10-15 00:00:00,48.89,186.38
wireless-earbuds,store_001,2024-10-16 00:00:00,117.88,86.97
smart-watch,store_001,2024-10-16 00:00:00,65.72,237.0
bluetooth-speaker,store_001,2024-10-16 00:00:00,155.57,54.76
noise-cancelling-headphones,store_001,2024-10-16 00:00:00,56.96,215.26
4k-webcam,store_001,2024-10-16 00:00:00,108.27,97.62
mechanical-keyboard,store_001,2024-10-16 00:00:00,77.18,121.97
gaming-mouse,store_001,2024-10-16 00:00:00,103.96,76.67
usb-c-hub,store_001,2024-10-16 00:00:00,202.26,36.36
portable-ssd,store_001,2024-10-16 00:00:00,87.46,95.2
smart-display,store_001,2024-10-16 00:00:00,61.15,136.59
robot-vacuum,store_001,2024-10-16 00:00:00,39.82,328.09
action-camera,store_001,2024-10-16 00:00:00,34.63,169.52
wireless-earbuds,store_001,2024-10-17 00:00:00,147.07,73.03
smart-watch,store_001,2024-10-17 00:00:00,61.9,262.55
bluetooth-speaker,store_001,2024-10-17 00:00:00,154.06,49.63
noise-cancelling-headphones,store_001,2024-10-17 00:00:00,73.22,194.95
4k-webcam,store_001,2024-10-17 00:00:00,96.56,85.82
mechanical-keyboard,store_001,2024-10-17 00:00:00,74.62,140.94
gaming-mouse,store_001,2024-10-17 00:00:00,125.13,65.83
usb-c-hub,store_001,2024-10-17 00:00:00,171.12,39.16
portable-ssd,store_001,2024-10-17 00:00:00,88.67,97.83
smart-display,store_001,2024-10-17 00:00:00,83.2,151.51
robot-vacuum,store_001,2024-10-17 00:00:00,44.1,291.08
action-camera,store_001,2024-10-17 00:00:00,52.63,178.74
wireless-earbuds,store_001,2024-10-18 00:00:00,150.21,78.53
smart-watch,store_001,2024-10-18 00:00:00,60.21,240.84
bluetooth-speaker,store_001,2024-10-18 00:00:00,202.8,51.44
noise-cancelling-headphones,store_001,2024-10-18 00:00:00,104.05,183.29
4k-webcam,store_001,2024-10-18 00:00:00,130.61,95.14
mechanical-keyboard,store_001,2024-10-18 00:00:00,86.61,119.55
gaming-mouse,store_001,2024-10-18 00:00:00,160.84,65.74
usb-c-hub,store_001,2024-10-18 00:00:00,237.76,38.41
portable-ssd,store_001,2024-10-18 00:00:00,133.39,93.69
smart-display,store_001,2024-10-18 00:00:00,59.5,164.94
robot-vacuum,store_001,2024-10-18 00:00:00,46.92,270.5
action-camera,store_001,2024-10-18 00:00:00,52.05,191.59
wireless-earbuds,store_001,2024-10-19 00:00:00,186.13,81.27
smart-watch,store_001,2024-10-19 00:00:00,65.01,248.59
bluetooth-speaker,store_001,2024-10-19 00:00:00,188.8,48.97
noise-cancelling-headphones,store_001,2024-10-19 00:00:00,108.38,209.95
4k-webcam,store_001,2024-10-19 00:00:00,109.26,94.63
mechanical-keyboard,store_001,2024-10-19 00:00:00,114.13,128.99
gaming-mouse,store_001,2024-10-19 00:00:00,174.32,73.77
usb-c-hub,store_001,2024-10-19 00:00:00,212.36,37.67
portable-ssd,store_001,2024-10-19 00:00:00,112.97,91.38
smart-display,store_001,2024-10-19 00:00:00,96.8,163.29
robot-vacuum,store_001,2024-10-19 00:00:00,62.87,290.38
action-camera,store_001,2024-10-19 00:00:00,69.59,186.68
wireless-earbuds,store_001,2024-10-20 00:00:00,128.72,77.21
smart-watch,store_001,2024-10-20 00:00:00,82.0,264.26
bluetooth-speaker,store_001,2024-10-20 00:00:00,187.44,48.29
noise-cancelling-headphones,store_001,2024-10-20 00:00:00,86.43,204.11
4k-webcam,store_001,2024-10-20 00:00:00,87.15,84.67
mechanical-keyboard,store_001,2024-10-20 00:00:00,88.93,130.89
gaming-mouse,store_001,2024-10-20 00:00:00,141.35,69.31
usb-c-hub,store_001,2024-10-20 00:00:00,209.36,36.74
portable-ssd,store_001,2024-10-20 00:00:00,138.86,93.39
smart-display,store_001,2024-10-20 00:00:00,82.73,140.59
robot-vacuum,store_001,2024-10-20 00:00:00,64.8,283.97
action-camera,store_001,2024-10-20 00:00:00,64.94,164.51
wireless-earbuds,store_001,2024-10-21 00:00:00,146.02,85.74
smart-watch,store_001,2024-10-21 00:00:00,55.2,232.84
bluetooth-speaker,store_001,2024-10-21 00:00:00,167.62,45.68
noise-cancelling-headphones,store_001,2024-10-21 00:00:00,70.42,214.62
4k-webcam,store_001,2024-10-21 00:00:00,97.94,93.76
mechanical-keyboard,store_001,2024-10-21 00:00:00,84.16,132.69
gaming-mouse,store_001,2024-10-21 00:00:00,124.15,72.58
usb-c-hub,store_001,2024-10-21 00:00:00,163.55,36.05
portable-ssd,store_001,2024-10-21 00:00:00,91.55,95.53
smart-display,store_001,2024-10-21 00:00:00,59.92,162.3
robot-vacuum,store_001,2024-10-21 00:00:00,40.44,314.23
action-camera,store_001,2024-10-21 00:00:00,43.33,193.71
wireless-earbuds,store_001,2024-10-22 00:00:00,89.06,76.75
smart-watch,store_001,2024-10-22 00:00:00,49.75,265.49
bluetooth-speaker,store_001,2024-10-22 00:00:00,134.74,52.32
noise-cancelling-headphones,store_001,2024-10-22 00:00:00,72.41,216.42
4k-webcam,store_001,2024-10-22 00:00:00,93.35,98.01
mechanical-keyboard,store_001,2024-10-22 00:00:00,89.22,139.62
gaming-mouse,store_001,2024-10-22 00:00:00,103.16,75.82
usb-c-hub,store_001,2024-10-22 00:00:00,175.18,41.77
portable-ssd,store_001,2024-10-22 00:00:00,76.09,90.94
smart-display,store_001,2024-10-22 00:00:00,56.04,137.29
robot-vacuum,store_001,2024-10-22 00:00:00,42.27,297.05
action-camera,store_001,2024-10-22 00:00:00,50.78,180.21
wireless-earbuds,store_001,2024-10-23 00:00:00,116.71,83.99
smart-watch,store_001,2024-10-23 00:00:00,56.3,262.29
bluetooth-speaker,store_001,2024-10-23 00:00:00,186.28,46.14
noise-cancelling-headphones,store_001,2024-10-23 00:00:00,61.87,193.07
4k-webcam,store_001,2024-10-23 00:00:00,104.73,90.86
mechanical-keyboard,store_001,2024-10-23 00:00:00,75.54,141.69
gaming-mouse,store_001,2024-10-23 00:00:00,121.31,65.38
usb-c-hub,store_001,2024-10-23 00:00:00,225.38,36.79
portable-ssd,store_001,2024-10-23 00:00:00,90.31,82.39
smart-display,store_001,2024-10-23 00:00:00,66.48,155.31
robot-vacuum,store_001,2024-10-23 00:00:00,44.41,272.06
action-camera,store_001,2024-10-23 00:00:00,50.89,169.77
wireless-earbuds,store_001,2024-10-24 00:00:00,116.25,82.25
smart-watch,store_001,2024-10-24 00:00:00,43.0,269.84
bluetooth-speaker,store_001,2024-10-24 00:00:00,166.8,45.04
noise-cancelling-headphones,store_001,2024-10-24 00:00:00,79.13,210.67
4k-webcam,store_001,2024-10-24 00:00:00,118.2,82.64
mechanical-keyboard,store_001,2024-10-24 00:00:00,84.7,142.71
gaming-mouse,store_001,2024-10-24 00:00:00,111.36,66.08
usb-c-hub,store_001,2024-10-24 00:00:00,182.13,42.36
portable-ssd,store_001,2024-10-24 00:00:00,107.15,88.47
smart-display,store_001,2024-10-24 00:00:00,65.33,144.8
robot-vacuum,store_001,2024-10-24 00:00:00,40.86,302.49
action-camera,store_001,2024-10-24 00:00:00,45.0,166.34
wireless-earbuds,store_001,2024-10-25 00:00:00,176.85,78.42
smart-watch,store_001,2024-10-25 00:00:00,79.65,244.45
bluetooth-speaker,store_001,2024-10-25 00:00:00,180.24,51.49
noise-cancelling-headphones,store_001,2024-10-25 00:00:00,98.5,182.68
4k-webcam,store_001,2024-10-25 00:00:00,122.79,98.68
mechanical-keyboard,store_001,2024-10-25 00:00:00,125.93,130.93
gaming-mouse,store_001,2024-10-25 00:00:00,190.82,76.42
usb-c-hub,store_001,2024-10-25 00:00:00,215.8,43.84
portable-ssd,store_001,2024-10-25 00:00:00,99.82,93.48
smart-display,store_001,2024-10-25 00:00:00,67.02,154.05
robot-vacuum,store_001,2024-10-25 00:00:00,50.37,298.92
action-camera,store_001,2024-10-25 00:00:00,59.0,183.9
wireless-earbuds,store_001,2024-10-26 00:00:00,323.29,53.0
smart-watch,store_001,2024-10-26 00:00:00,145.45,192.09
bluetooth-speaker,store_001,2024-10-26 00:00:00,441.97,33.66
noise-cancelling-headphones,store_001,2024-10-26 00:00:00,243.11,147.2
4k-webcam,store_001,2024-10-26 00:00:00,272.23,60.43
mechanical-keyboard,store_001,2024-10-26 00:00:00,241.16,85.61
gaming-mouse,store_001,2024-10-26 00:00:00,409.74,53.36
usb-c-hub,store_001,2024-10-26 00:00:00,522.42,27.03
portable-ssd,store_001,2024-10-26 00:00:00,249.33,63.26
smart-display,store_001,2024-10-26 00:00:00,195.67,108.1
robot-vacuum,store_001,2024-10-26 00:00:00,108.45,202.91
action-camera,store_001,2024-10-26 00:00:00,146.04,126.98
wireless-earbuds,store_001,2024-10-27 00:00:00,378.25,58.09
smart-watch,store_001,2024-10-27 00:00:00,120.78,178.78
bluetooth-speaker,store_001,2024-10-27 00:00:00,369.6,31.54
noise-cancelling-headphones,store_001,2024-10-27 00:00:00,193.52,127.95
4k-webcam,store_001,2024-10-27 00:00:00,268.0,59.27
mechanical-keyboard,store_001,2024-10-27 00:00:00,254.39,92.68
gaming-mouse,store_001,2024-10-27 00:00:00,336.0,44.86
usb-c-hub,store_001,2024-10-27 00:00:00,327.04,26.94
portable-ssd,store_001,2024-10-27 00:00:00,236.59,59.83
smart-display,store_001,2024-10-27 00:00:00,144.43,103.91
robot-vacuum,store_001,2024-10-27 00:00:00,90.48,192.35
action-camera,store_001,2024-10-27 00:00:00,107.19,123.43
wireless-earbuds,store_001,2024-10-28 00:00:00,263.12,58.62
smart-watch,store_001,2024-10-28 00:00:00,114.41,186.18
bluetooth-speaker,store_001,2024-10-28 00:00:00,313.12,37.47
noise-cancelling-headphones,store_001,2024-10-28 00:00:00,137.75,151.8
4k-webcam,store_001,2024-10-28 00:00:00,172.67,59.94
mechanical-keyboard,store_001,2024-10-28 00:00:00,156.42,90.15
gaming-mouse,store_001,2024-10-28 00:00:00,205.16,45.43
usb-c-hub,store_001,2024-10-28 00:00:00,382.05,26.06
portable-ssd,store_001,2024-10-28 00:00:00,180.45,65.83
smart-display,store_001,2024-10-28 00:00:00,121.71,113.93
robot-vacuum,store_001,2024-10-28 00:00:00,100.91,209.55
action-camera,store_001,2024-10-28 00:00:00,81.64,128.22
wireless-earbuds,store_001,2024-10-29 00:00:00,215.59,54.7
smart-watch,store_001,2024-10-29 00:00:00,100.49,164.29
bluetooth-speaker,store_001,2024-10-29 00:00:00,252.33,36.55
noise-cancelling-headphones,store_001,2024-10-29 00:00:00,141.0,139.67
4k-webcam,store_001,2024-10-29 00:00:00,161.35,68.37
mechanical-keyboard,store_001,2024-10-29 00:00:00,122.95,86.3
gaming-mouse,store_001,2024-10-29 00:00:00,249.54,50.72
usb-c-hub,store_001,2024-10-29 00:00:00,328.61,28.81
portable-ssd,store_001,2024-10-29 00:00:00,163.48,59.9
smart-display,store_001,2024-10-29 00:00:00,125.62,114.48
robot-vacuum,store_001,2024-10-29 00:00:00,70.75,216.06
action-camera,store_001,2024-10-29 00:00:00,82.87,123.41
wireless-earbuds,store_001,2024-10-30 00:00:00,202.86,52.51
smart-watch,store_001,2024-10-30 00:00:00,97.56,186.53
bluetooth-speaker,store_001,2024-10-30 00:00:00,307.09,36.1
noise-cancelling-headphones,store_001,2024-10-30 00:00:00,170.7,134.62
4k-webcam,store_001,2024-10-30 00:00:00,152.87,57.81
mechanical-keyboard,store_001,2024-10-30 00:00:00,190.29,96.03
gaming-mouse,store_001,2024-10-30 00:00:00,219.25,53.21
usb-c-hub,store_001,2024-10-30 00:00:00,384.06,26.92
portable-ssd,store_001,2024-10-30 00:00:00,243.0,57.57
smart-display,store_001,2024-10-30 00:00:00,121.11,105.52
robot-vacuum,store_001,2024-10-30 00:00:00,74.64,204.73
action-camera,store_001,2024-10-30 00:00:00,81.24,118.38
wireless-earbuds,store_001,2024-10-31 00:00:00,309.93,59.51
smart-watch,store_001,2024-10-31 00:00:00,153.89,159.56
bluetooth-speaker,store_001,2024-10-31 00:00:00,379.28,37.81
noise-cancelling-headphones,store_001,2024-10-31 00:00:00,192.84,143.54
4k-webcam,store_001,2024-10-31 00:00:00,179.04,60.39
mechanical-keyboard,store_001,2024-10-31 00:00:00,151.45,86.93
gaming-mouse,store_001,2024-10-31 00:00:00,225.57,50.69
usb-c-hub,store_001,2024-10-31 00:00:00,448.31,25.54
portable-ssd,store_001,2024-10-31 00:00:00,197.39,69.14
smart-display,store_001,2024-10-31 00:00:00,136.51,105.46
robot-vacuum,store_001,2024-10-31 00:00:00,94.04,220.97
action-camera,store_001,2024-10-31 00:00:00,100.19,125.32
wireless-earbuds,store_001,2024-11-01 00:00:00,314.6,60.36
smart-watch,store_001,2024-11-01 00:00:00,149.03,186.08
bluetooth-speaker,store_001,2024-11-01 00:00:00,487.0,31.89
noise-cancelling-headphones,store_001,2024-11-01 00:00:00,185.07,135.24
4k-webcam,store_001,2024-11-01 00:00:00,273.12,65.83
mechanical-keyboard,store_001,2024-11-01 00:00:00,224.88,84.42
gaming-mouse,store_001,2024-11-01 00:00:00,245.8,50.95
usb-c-hub,store_001,2024-11-01 00:00:00,378.71,27.26
portable-ssd,store_001,2024-11-01 00:00:00,209.99,61.9
smart-display,store_001,2024-11-01 00:00:00,146.04,115.2
robot-vacuum,store_001,2024-11-01 00:00:00,131.46,204.12
action-camera,store_001,2024-11-01 00:00:00,124.54,133.74
wireless-earbuds,store_001,2024-11-02 00:00:00,335.16,54.87
smart-watch,store_001,2024-11-02 00:00:00,169.89,160.34
bluetooth-speaker,store_001,2024-11-02 00:00:00,320.12,38.4
noise-cancelling-headphones,store_001,2024-11-02 00:00:00,227.9,151.34
4k-webcam,store_001,2024-11-02 00:00:00,279.67,58.5
mechanical-keyboard,store_001,2024-11-02 00:00:00,212.2,92.3
gaming-mouse,store_001,2024-11-02 00:00:00,365.87,51.9
usb-c-hub,store_001,2024-11-02 00:00:00,451.31,28.96
portable-ssd,store_001,2024-11-02 00:00:00,207.32,62.32
smart-display,store_001,2024-11-02 00:00:00,167.87,108.41
robot-vacuum,store_001,2024-11-02 00:00:00,109.34,216.7
action-camera,store_001,2024-11-02 00:00:00,154.58,124.35
wireless-earbuds,store_001,2024-11-03 00:00:00,297.46,60.5
smart-watch,store_001,2024-11-03 00:00:00,122.41,165.21
bluetooth-speaker,store_001,2024-11-03 00:00:00,373.79,32.36
noise-cancelling-headphones,store_001,2024-11-03 00:00:00,219.22,140.96
4k-webcam,store_001,2024-11-03 00:00:00,233.38,67.68
mechanical-keyboard,store_001,2024-11-03 00:00:00,187.61,95.84
gaming-mouse,store_001,2024-11-03 00:00:00,247.65,51.12
usb-c-hub,store_001,2024-11-03 00:00:00,382.31,27.33
portable-ssd,store_001,2024-11-03 00:00:00,199.2,66.88
smart-display,store_001,2024-11-03 00:00:00,138.52,96.92
robot-vacuum,store_001,2024-11-03 00:00:00,99.96,228.36
action-camera,store_001,2024-11-03 00:00:00,120.13,116.32
wireless-earbuds,store_001,2024-11-04 00:00:00,195.5,56.85
smart-watch,store_001,2024-11-04 00:00:00,129.17,159.66
bluetooth-speaker,store_001,2024-11-04 00:00:00,222.36,33.73
noise-cancelling-headphones,store_001,2024-11-04 00:00:00,137.78,145.01
4k-webcam,store_001,2024-11-04 00:00:00,190.97,59.49
mechanical-keyboard,store_001,2024-11-04 00:00:00,139.32,91.69
gaming-mouse,store_001,2024-11-04 00:00:00,195.0,52.3
usb-c-hub,store_001,2024-11-04 00:00:00,342.49,27.75
portable-ssd,store_001,2024-11-04 00:00:00,164.32,66.79
smart-display,store_001,2024-11-04 00:00:00,110.72,107.07
robot-vacuum,store_001,2024-11-04 00:00:00,68.46,230.86
action-camera,store_001,2024-11-04 00:00:00,121.47,125.45
wireless-earbuds,store_001,2024-11-05 00:00:00,239.4,54.61
smart-watch,store_001,2024-11-05 00:00:00,81.56,169.15
bluetooth-speaker,store_001,2024-11-05 00:00:00,288.55,37.17
noise-cancelling-headphones,store_001,2024-11-05 00:00:00,122.05,127.47
4k-webcam,store_001,2024-11-05 00:00:00,183.05,61.63
mechanical-keyboard,store_001,2024-11-05 00:00:00,134.48,93.89
gaming-mouse,store_001,2024-11-05 00:00:00,248.49,47.4
usb-c-hub,store_001,2024-11-05 00:00:00,217.28,30.74
portable-ssd,store_001,2024-11-05 00:00:00,166.66,60.26
smart-display,store_001,2024-11-05 00:00:00,95.5,98.59
robot-vacuum,store_001,2024-11-05 00:00:00,79.56,220.59
action-camera,store_001,2024-11-05 00:00:00,78.16,133.68
wireless-earbuds,store_001,2024-11-06 00:00:00,287.61,52.23
smart-watch,store_001,2024-11-06 00:00:00,97.02,181.85
bluetooth-speaker,store_001,2024-11-06 00:00:00,324.05,36.73
noise-cancelling-headphones,store_001,2024-11-06 00:00:00,156.83,126.25
4k-webcam,store_001,2024-11-06 00:00:00,187.25,69.15
mechanical-keyboard,store_001,2024-11-06 00:00:00,148.06,99.19
gaming-mouse,store_001,2024-11-06 00:00:00,174.93,45.03
usb-c-hub,store_001,2024-11-06 00:00:00,371.73,26.2
portable-ssd,store_001,2024-11-06 00:00:00,242.07,64.17
smart-display,store_001,2024-11-06 00:00:00,131.0,107.66
robot-vacuum,store_001,2024-11-06 00:00:00,80.09,209.52
action-camera,store_001,2024-11-06 00:00:00,97.51,137.45
wireless-earbuds,store_001,2024-11-07 00:00:00,248.26,59.3
smart-watch,store_001,2024-11-07 00:00:00,103.28,184.71
bluetooth-speaker,store_001,2024-11-07 00:00:00,385.06,36.07
noise-cancelling-headphones,store_001,2024-11-07 00:00:00,140.42,129.35
4k-webcam,store_001,2024-11-07 00:00:00,226.75,63.12
mechanical-keyboard,store_001,2024-11-07 00:00:00,200.03,92.32
gaming-mouse,store_001,2024-11-07 00:00:00,216.66,51.88
usb-c-hub,store_001,2024-11-07 00:00:00,371.13,27.9
portable-ssd,store_001,2024-11-07 00:00:00,179.83,57.95
smart-display,store_001,2024-11-07 00:00:00,123.44,113.58
robot-vacuum,store_001,2024-11-07 00:00:00,83.21,189.82
action-camera,store_001,2024-11-07 00:00:00,94.87,126.91
wireless-earbuds,store_001,2024-11-08 00:00:00,344.98,56.94
smart-watch,store_001,2024-11-08 00:00:00,119.52,185.14
bluetooth-speaker,store_001,2024-11-08 00:00:00,442.35,37.78
noise-cancelling-headphones,store_001,2024-11-08 00:00:00,227.15,142.77
4k-webcam,store_001,2024-11-08 00:00:00,256.66,58.24
mechanical-keyboard,store_001,2024-11-08 00:00:00,254.57,85.65
gaming-mouse,store_001,2024-11-08 00:00:00,306.31,44.44
usb-c-hub,store_001,2024-11-08 00:00:00,485.62,28.03
portable-ssd,store_001,2024-11-08 00:00:00,216.1,68.6
smart-display,store_001,2024-11-08 00:00:00,186.01,100.81
robot-vacuum,store_001,2024-11-08 00:00:00,112.32,216.68
action-camera,store_001,2024-11-08 00:00:00,119.23,127.94
wireless-earbuds,store_001,2024-11-09 00:00:00,320.95,54.34
smart-watch,store_001,2024-11-09 00:00:00,130.87,164.84
bluetooth-speaker,store_001,2024-11-09 00:00:00,536.91,32.81
noise-cancelling-headphones,store_001,2024-11-09 00:00:00,240.97,149.31
4k-webcam,store_001,2024-11-09 00:00:00,322.29,61.22
mechanical-keyboard,store_001,2024-11-09 00:00:00,232.3,93.22
gaming-mouse,store_001,2024-11-09 00:00:00,350.09,52.95
usb-c-hub,store_001,2024-11-09 00:00:00,517.33,25.66
portable-ssd,store_001,2024-11-09 00:00:00,251.75,63.45
smart-display,store_001,2024-11-09 00:00:00,202.66,109.88
robot-vacuum,store_001,2024-11-09 00:00:00,135.39,204.62
action-camera,store_001,2024-11-09 00:00:00,132.13,134.07
wireless-earbuds,store_001,2024-11-10 00:00:00,292.59,61.51
smart-watch,store_001,2024-11-10 00:00:00,124.47,158.4
bluetooth-speaker,store_001,2024-11-10 00:00:00,388.77,32.26
noise-cancelling-headphones,store_001,2024-11-10 00:00:00,177.21,127.84
4k-webcam,store_001,2024-11-10 00:00:00,224.19,60.14
mechanical-keyboard,store_001,2024-11-10 00:00:00,179.63,86.0
gaming-mouse,store_001,2024-11-10 00:00:00,297.53,47.8
usb-c-hub,store_001,2024-11-10 00:00:00,453.4,30.38
portable-ssd,store_001,2024-11-10 00:00:00,251.56,67.04
smart-display,store_001,2024-11-10 00:00:00,177.46,105.6
robot-vacuum,store_001,2024-11-10 00:00:00,89.5,214.51
action-camera,store_001,2024-11-10 00:00:00,87.66,117.7
wireless-earbuds,store_001,2024-11-11 00:00:00,273.19,58.7
smart-watch,store_001,2024-11-11 00:00:00,94.21,176.1
bluetooth-speaker,store_001,2024-11-11 00:00:00,242.41,32.39
noise-cancelling-headphones,store_001,2024-11-11 00:00:00,129.56,140.37
4k-webcam,store_001,2024-11-11 00:00:00,192.09,65.96
mechanical-keyboard,store_001,2024-11-11 00:00:00,174.43,95.1
gaming-mouse,store_001,2024-11-11 00:00:00,263.71,50.06
usb-c-hub,store_001,2024-11-11 00:00:00,315.94,26.22
portable-ssd,store_001,2024-11-11 00:00:00,212.27,60.17
smart-display,store_001,2024-11-11 00:00:00,115.32,114.27
robot-vacuum,store_001,2024-11-11 00:00:00,88.91,225.03
action-camera,store_001,2024-11-11 00:00:00,74.18,123.64
wireless-earbuds,store_001,2024-11-12 00:00:00,232.52,58.57
smart-watch,store_001,2024-11-12 00:00:00,96.86,163.27
bluetooth-speaker,store_001,2024-11-12 00:00:00,332.01,34.94
noise-cancelling-headphones,store_001,2024-11-12 00:00:00,136.62,152.93
4k-webcam,store_001,2024-11-12 00:00:00,146.58,62.74
mechanical-keyboard,store_001,2024-11-12 00:00:00,158.23,100.06
gaming-mouse,store_001,2024-11-12 00:00:00,234.68,50.13
usb-c-hub,store_001,2024-11-12 00:00:00,263.32,29.37
portable-ssd,store_001,2024-11-12 00:00:00,153.27,59.77
smart-display,store_001,2024-11-12 00:00:00,87.31,114.46
robot-vacuum,store_001,2024-11-12 00:00:00,77.95,214.58
action-camera,store_001,2024-11-12 00:00:00,66.25,137.7
wireless-earbuds,store_001,2024-11-13 00:00:00,225.52,52.91
smart-watch,store_001,2024-11-13 00:00:00,88.86,186.87
bluetooth-speaker,store_001,2024-11-13 00:00:00,224.98,34.15
noise-cancelling-headphones,store_001,2024-11-13 00:00:00,147.66,129.16
4k-webcam,store_001,2024-11-13 00:00:00,207.65,66.35
mechanical-keyboard,store_001,2024-11-13 00:00:00,165.8,87.34
gaming-mouse,store_001,2024-11-13 00:00:00,217.74,49.67
usb-c-hub,store_001,2024-11-13 00:00:00,391.4,26.9
portable-ssd,store_001,2024-11-13 00:00:00,206.18,57.14
smart-display,store_001,2024-11-13 00:00:00,114.9,107.47
robot-vacuum,store_001,2024-11-13 00:00:00,69.38,202.79
action-camera,store_001,2024-11-13 00:00:00,99.06,113.52
wireless-earbuds,store_001,2024-11-14 00:00:00,289.21,51.53
smart-watch,store_001,2024-11-14 00:00:00,109.39,160.46
bluetooth-speaker,store_001,2024-11-14 00:00:00,323.2,34.9
noise-cancelling-headphones,store_001,2024-11-14 00:00:00,162.38,144.38
4k-webcam,store_001,2024-11-14 00:00:00,212.07,62.09
mechanical-keyboard,store_001,2024-11-14 00:00:00,203.8,96.66
gaming-mouse,store_001,2024-11-14 00:00:00,255.38,45.68
usb-c-hub,store_001,2024-11-14 00:00:00,407.24,27.62
portable-ssd,store_001,2024-11-14 00:00:00,170.06,59.08
smart-display,store_001,2024-11-14 00:00:00,161.74,102.78
robot-vacuum,store_001,2024-11-14 00:00:00,85.61,197.35
action-camera,store_001,2024-11-14 00:00:00,75.83,130.16
wireless-earbuds,store_001,2024-11-15 00:00:00,319.16,59.35
smart-watch,store_001,2024-11-15 00:00:00,152.67,168.86
bluetooth-speaker,store_001,2024-11-15 00:00:00,412.27,37.96
noise-cancelling-headphones,store_001,2024-11-15 00:00:00,138.13,136.88
4k-webcam,store_001,2024-11-15 00:00:00,270.67,58.65
mechanical-keyboard,store_001,2024-11-15 00:00:00,220.65,95.86
gaming-mouse,store_001,2024-11-15 00:00:00,300.78,53.66
usb-c-hub,store_001,2024-11-15 00:00:00,515.37,27.63
portable-ssd,store_001,2024-11-15 00:00:00,220.91,59.81
smart-display,store_001,2024-11-15 00:00:00,184.56,105.23
robot-vacuum,store_001,2024-11-15 00:00:00,96.95,230.75
action-camera,store_001,2024-11-15 00:00:00,152.52,134.07
wireless-earbuds,store_001,2024-11-16 00:00:00,361.35,58.25
smart-watch,store_001,2024-11-16 00:00:00,177.63,163.84
bluetooth-speaker,store_001,2024-11-16 00:00:00,500.72,33.1
noise-cancelling-headphones,store_001,2024-11-16 00:00:00,213.33,127.07
4k-webcam,store_001,2024-11-16 00:00:00,344.03,64.46
mechanical-keyboard,store_001,2024-11-16 00:00:00,237.25,82.82
gaming-mouse,store_001,2024-11-16 00:00:00,284.96,46.36
usb-c-hub,store_001,2024-11-16 00:00:00,522.99,27.88
portable-ssd,store_001,2024-11-16 00:00:00,215.9,60.09
smart-display,store_001,2024-11-16 00:00:00,172.44,101.86
robot-vacuum,store_001,2024-11-16 00:00:00,104.27,190.71
action-camera,store_001,2024-11-16 00:00:00,147.51,132.16
wireless-earbuds,store_001,2024-11-17 00:00:00,305.85,51.52
smart-watch,store_001,2024-11-17 00:00:00,155.1,190.68
bluetooth-speaker,store_001,2024-11-17 00:00:00,374.65,31.59
noise-cancelling-headphones,store_001,2024-11-17 00:00:00,194.67,150.13
4k-webcam,store_001,2024-11-17 00:00:00,215.66,66.51
mechanical-keyboard,store_001,2024-11-17 00:00:00,237.32,88.66
gaming-mouse,store_001,2024-11-17 00:00:00,267.78,52.79
usb-c-hub,store_001,2024-11-17 00:00:00,414.94,29.35
portable-ssd,store_001,2024-11-17 00:00:00,239.39,64.94
smart-display,store_001,2024-11-17 00:00:00,171.56,109.29
robot-vacuum,store_001,2024-11-17 00:00:00,99.76,203.39
action-camera,store_001,2024-11-17 00:00:00,112.28,138.33
wireless-earbuds,store_001,2024-11-18 00:00:00,265.29,52.54
smart-watch,store_001,2024-11-18 00:00:00,120.36,166.33
bluetooth-speaker,store_001,2024-11-18 00:00:00,331.81,38.32
noise-cancelling-headphones,store_001,2024-11-18 00:00:00,112.24,138.55
4k-webcam,store_001,2024-11-18 00:00:00,179.72,61.97
mechanical-keyboard,store_001,2024-11-18 00:00:00,110.85,91.06
gaming-mouse,store_001,2024-11-18 00:00:00,243.69,45.36
usb-c-hub,store_001,2024-11-18 00:00:00,353.82,28.36
portable-ssd,store_001,2024-11-18 00:00:00,177.32,61.7
smart-display,store_001,2024-11-18 00:00:00,93.11,112.77
robot-vacuum,store_001,2024-11-18 00:00:00,77.37,205.13
action-camera,store_001,2024-11-18 00:00:00,86.89,123.49
wireless-earbuds,store_001,2024-11-19 00:00:00,230.72,52.83
smart-watch,store_001,2024-11-19 00:00:00,101.26,188.26
bluetooth-speaker,store_001,2024-11-19 00:00:00,282.04,35.17
noise-cancelling-headphones,store_001,2024-11-19 00:00:00,117.39,132.16
4k-webcam,store_001,2024-11-19 00:00:00,169.68,57.27
mechanical-keyboard,store_001,2024-11-19 00:00:00,129.24,82.61
gaming-mouse,store_001,2024-11-19 00:00:00,220.94,46.74
usb-c-hub,store_001,2024-11-19 00:00:00,360.48,28.79
portable-ssd,store_001,2024-11-19 00:00:00,162.47,56.71
smart-display,store_001,2024-11-19 00:00:00,135.01,107.2
robot-vacuum,store_001,2024-11-19 00:00:00,65.93,212.06
action-camera,store_001,2024-11-19 00:00:00,86.32,123.68
wireless-earbuds,store_001,2024-11-20 00:00:00,243.25,59.53
smart-watch,store_001,2024-11-20 00:00:00,97.14,165.17
bluetooth-speaker,store_001,2024-11-20 00:00:00,319.56,35.25
noise-cancelling-headphones,store_001,2024-11-20 00:00:00,138.22,147.78
4k-webcam,store_001,2024-11-20 00:00:00,188.66,61.51
mechanical-keyboard,store_001,2024-11-20 00:00:00,153.73,97.73
gaming-mouse,store_001,2024-11-20 00:00:00,196.75,46.26
usb-c-hub,store_001,2024-11-20 00:00:00,316.71,28.45
portable-ssd,store_001,2024-11-20 00:00:00,203.31,59.61
smart-display,store_001,2024-11-20 00:00:00,96.7,102.23
robot-vacuum,store_001,2024-11-20 00:00:00,84.65,196.76
action-camera,store_001,2024-11-20 00:00:00,89.29,118.15
wireless-earbuds,store_001,2024-11-21 00:00:00,211.42,50.63
smart-watch,store_001,2024-11-21 00:00:00,119.43,163.71
bluetooth-speaker,store_001,2024-11-21 00:00:00,301.38,32.0
noise-cancelling-headphones,store_001,2024-11-21 00:00:00,176.74,151.45
4k-webcam,store_001,2024-11-21 00:00:00,212.48,65.85
mechanical-keyboard,store_001,2024-11-21 00:00:00,167.06,92.87
gaming-mouse,store_001,2024-11-21 00:00:00,226.43,51.57
usb-c-hub,store_001,2024-11-21 00:00:00,367.99,25.44
portable-ssd,store_001,2024-11-21 00:00:00,200.48,64.6
smart-display,store_001,2024-11-21 00:00:00,142.16,114.79
robot-vacuum,store_001,2024-11-21 00:00:00,85.02,203.21
action-camera,store_001,2024-11-21 00:00:00,97.33,118.49
wireless-earbuds,store_001,2024-11-22 00:00:00,274.48,52.22
smart-watch,store_001,2024-11-22 00:00:00,142.93,162.9
bluetooth-speaker,store_001,2024-11-22 00:00:00,462.68,32.36
noise-cancelling-headphones,store_001,2024-11-22 00:00:00,193.82,128.87
4k-webcam,store_001,2024-11-22 00:00:00,225.79,58.48
mechanical-keyboard,store_001,2024-11-22 00:00:00,229.48,82.33
gaming-mouse,store_001,2024-11-22 00:00:00,266.77,46.31
usb-c-hub,store_001,2024-11-22 00:00:00,439.1,27.35
portable-ssd,store_001,2024-11-22 00:00:00,283.59,58.83
smart-display,store_001,2024-11-22 00:00:00,138.02,96.63
robot-vacuum,store_001,2024-11-22 00:00:00,109.47,193.96
action-camera,store_001,2024-11-22 00:00:00,113.04,136.57
wireless-earbuds,store_001,2024-11-23 00:00:00,408.88,56.33
smart-watch,store_001,2024-11-23 00:00:00,133.24,181.27
bluetooth-speaker,store_001,2024-11-23 00:00:00,489.96,37.22
noise-cancelling-headphones,store_001,2024-11-23 00:00:00,238.49,128.9
4k-webcam,store_001,2024-11-23 00:00:00,291.69,66.91
mechanical-keyboard,store_001,2024-11-23 00:00:00,204.12,83.28
gaming-mouse,store_001,2024-11-23 00:00:00,416.39,50.52
usb-c-hub,store_001,2024-11-23 00:00:00,493.77,27.38
portable-ssd,store_001,2024-11-23 00:00:00,244.37,57.54
smart-display,store_001,2024-11-23 00:00:00,132.79,114.64
robot-vacuum,store_001,2024-11-23 00:00:00,101.84,196.63
action-camera,store_001,2024-11-23 00:00:00,141.26,121.44
wireless-earbuds,store_001,2024-11-24 00:00:00,259.59,59.28
smart-watch,store_001,2024-11-24 00:00:00,145.26,185.57
bluetooth-speaker,store_001,2024-11-24 00:00:00,365.49,34.97
noise-cancelling-headphones,store_001,2024-11-24 00:00:00,166.32,140.9
4k-webcam,store_001,2024-11-24 00:00:00,243.18,62.01
mechanical-keyboard,store_001,2024-11-24 00:00:00,178.54,94.51
gaming-mouse,store_001,2024-11-24 00:00:00,283.05,44.12
usb-c-hub,store_001,2024-11-24 00:00:00,326.56,25.29
portable-ssd,store_001,2024-11-24 00:00:00,152.74,57.44
smart-display,store_001,2024-11-24 00:00:00,134.57,112.32
robot-vacuum,store_001,2024-11-24 00:00:00,112.06,195.05
action-camera,store_001,2024-11-24 00:00:00,93.73,137.88
wireless-earbuds,store_001,2024-11-25 00:00:00,298.57,72.88
smart-watch,store_001,2024-11-25 00:00:00,129.78,273.09
bluetooth-speaker,store_001,2024-11-25 00:00:00,389.96,54.64
noise-cancelling-headphones,store_001,2024-11-25 00:00:00,158.48,208.05
4k-webcam,store_001,2024-11-25 00:00:00,157.57,96.66
mechanical-keyboard,store_001,2024-11-25 00:00:00,157.08,126.49
gaming-mouse,store_001,2024-11-25 00:00:00,210.4,74.38
usb-c-hub,store_001,2024-11-25 00:00:00,344.69,37.45
portable-ssd,store_001,2024-11-25 00:00:00,157.5,86.38
smart-display,store_001,2024-11-25 00:00:00,116.79,145.11
robot-vacuum,store_001,2024-11-25 00:00:00,99.53,279.34
action-camera,store_001,2024-11-25 00:00:00,65.49,163.15
wireless-earbuds,store_001,2024-11-26 00:00:00,306.74,85.31
smart-watch,store_001,2024-11-26 00:00:00,98.72,268.79
bluetooth-speaker,store_001,2024-11-26 00:00:00,249.9,50.01
noise-cancelling-headphones,store_001,2024-11-26 00:00:00,144.96,196.94
4k-webcam,store_001,2024-11-26 00:00:00,191.1,98.59
mechanical-keyboard,store_001,2024-11-26 00:00:00,191.89,122.5
gaming-mouse,store_001,2024-11-26 00:00:00,192.02,73.43
usb-c-hub,store_001,2024-11-26 00:00:00,275.87,42.72
portable-ssd,store_001,2024-11-26 00:00:00,170.12,92.54
smart-display,store_001,2024-11-26 00:00:00,110.4,139.94
robot-vacuum,store_001,2024-11-26 00:00:00,97.14,276.49
action-camera,store_001,2024-11-26 00:00:00,73.88,183.7
wireless-earbuds,store_001,2024-11-27 00:00:00,332.73,80.66
smart-watch,store_001,2024-11-27 00:00:00,142.38,254.85
bluetooth-speaker,store_001,2024-11-27 00:00:00,387.05,51.37
noise-cancelling-headphones,store_001,2024-11-27 00:00:00,180.38,190.76
4k-webcam,store_001,2024-11-27 00:00:00,208.42,95.21
mechanical-keyboard,store_001,2024-11-27 00:00:00,168.58,125.17
gaming-mouse,store_001,2024-11-27 00:00:00,225.85,66.94
usb-c-hub,store_001,2024-11-27 00:00:00,337.77,37.55
portable-ssd,store_001,2024-11-27 00:00:00,158.55,93.64
smart-display,store_001,2024-11-27 00:00:00,132.07,147.21
robot-vacuum,store_001,2024-11-27 00:00:00,91.11,279.0
action-camera,store_001,2024-11-27 00:00:00,84.97,175.75
wireless-earbuds,store_001,2024-11-28 00:00:00,275.54,74.42
smart-watch,store_001,2024-11-28 00:00:00,125.27,269.25
bluetooth-speaker,store_001,2024-11-28 00:00:00,439.58,53.06
noise-cancelling-headphones,store_001,2024-11-28 00:00:00,207.86,210.74
4k-webcam,store_001,2024-11-28 00:00:00,224.02,94.11
mechanical-keyboard,store_001,2024-11-28 00:00:00,204.08,141.18
gaming-mouse,store_001,2024-11-28 00:00:00,208.61,68.03
usb-c-hub,store_001,2024-11-28 00:00:00,383.7,39.44
portable-ssd,store_001,2024-11-28 00:00:00,218.63,84.75
smart-display,store_001,2024-11-28 00:00:00,135.71,137.24
robot-vacuum,store_001,2024-11-28 00:00:00,112.72,318.27
action-camera,store_001,2024-11-28 00:00:00,117.72,193.33
wireless-earbuds,store_001,2024-11-29 00:00:00,263.5,73.39
smart-watch,store_001,2024-11-29 00:00:00,167.96,240.68
bluetooth-speaker,store_001,2024-11-29 00:00:00,552.57,48.62
noise-cancelling-headphones,store_001,2024-11-29 00:00:00,246.64,187.16
4k-webcam,store_001,2024-11-29 00:00:00,237.82,85.6
mechanical-keyboard,store_001,2024-11-29 00:00:00,169.41,133.9
gaming-mouse,store_001,2024-11-29 00:00:00,282.94,63.55
usb-c-hub,store_001,2024-11-29 00:00:00,413.01,39.2
portable-ssd,store_001,2024-11-29 00:00:00,279.46,87.59
smart-display,store_001,2024-11-29 00:00:00,142.21,163.55
robot-vacuum,store_001,2024-11-29 00:00:00,108.26,285.76
action-camera,store_001,2024-11-29 00:00:00,122.01,186.56
wireless-earbuds,store_001,2024-11-30 00:00:00,361.97,75.91
smart-watch,store_001,2024-11-30 00:00:00,153.34,225.39
bluetooth-speaker,store_001,2024-11-30 00:00:00,611.23,48.98
noise-cancelling-headphones,store_001,2024-11-30 00:00:00,254.69,195.52
4k-webcam,store_001,2024-11-30 00:00:00,242.23,92.55
mechanical-keyboard,store_001,2024-11-30 00:00:00,204.1,129.08
gaming-mouse,store_001,2024-11-30 00:00:00,320.73,75.9
usb-c-hub,store_001,2024-11-30 00:00:00,480.13,37.59
portable-ssd,store_001,2024-11-30 00:00:00,207.29,89.74
smart-display,store_001,2024-11-30 00:00:00,219.98,149.28
robot-vacuum,store_001,2024-11-30 00:00:00,143.36,298.19
action-camera,store_001,2024-11-30 00:00:00,127.37,173.52
wireless-earbuds,store_001,2024-12-01 00:00:00,453.99,86.97
smart-watch,store_001,2024-12-01 00:00:00,173.36,246.5
bluetooth-speaker,store_001,2024-12-01 00:00:00,422.35,54.52
noise-cancelling-headphones,store_001,2024-12-01 00:00:00,217.34,190.78
4k-webcam,store_001,2024-12-01 00:00:00,234.34,88.28
mechanical-keyboard,store_001,2024-12-01 00:00:00,192.9,135.51
gaming-mouse,store_001,2024-12-01 00:00:00,280.51,66.62
usb-c-hub,store_001,2024-12-01 00:00:00,338.77,36.73
portable-ssd,store_001,2024-12-01 00:00:00,220.28,83.95
smart-display,store_001,2024-12-01 00:00:00,178.05,147.56
robot-vacuum,store_001,2024-12-01 00:00:00,103.75,311.79
action-camera,store_001,2024-12-01 00:00:00,118.03,186.93
wireless-earbuds,store_001,2024-12-02 00:00:00,274.93,81.54
smart-watch,store_001,2024-12-02 00:00:00,138.41,258.39
bluetooth-speaker,store_001,2024-12-02 00:00:00,304.79,54.38
noise-cancelling-headphones,store_001,2024-12-02 00:00:00,153.0,209.46
4k-webcam,store_001,2024-12-02 00:00:00,168.89,83.65
mechanical-keyboard,store_001,2024-12-02 00:00:00,146.61,119.94
gaming-mouse,store_001,2024-12-02 00:00:00,227.21,63.04
usb-c-hub,store_001,2024-12-02 00:00:00,309.15,42.65
portable-ssd,store_001,2024-12-02 00:00:00,162.78,82.74
smart-display,store_001,2024-12-02 00:00:00,164.59,164.36
robot-vacuum,store_001,2024-12-02 00:00:00,84.83,292.64
action-camera,store_001,2024-12-02 00:00:00,95.21,196.27
wireless-earbuds,store_001,2024-12-03 00:00:00,351.93,85.01
smart-watch,store_001,2024-12-03 00:00:00,126.63,269.82
bluetooth-speaker,store_001,2024-12-03 00:00:00,251.16,51.48
noise-cancelling-headphones,store_001,2024-12-03 00:00:00,163.73,196.41
4k-webcam,store_001,2024-12-03 00:00:00,146.83,94.76
mechanical-keyboard,store_001,2024-12-03 00:00:00,168.92,121.56
gaming-mouse,store_001,2024-12-03 00:00:00,175.24,70.59
usb-c-hub,store_001,2024-12-03 00:00:00,311.52,42.75
portable-ssd,store_001,2024-12-03 00:00:00,153.6,92.16
smart-display,store_001,2024-12-03 00:00:00,108.06,160.7
robot-vacuum,store_001,2024-12-03 00:00:00,113.24,308.97
action-camera,store_001,2024-12-03 00:00:00,78.65,176.8
wireless-earbuds,store_001,2024-12-04 00:00:00,228.44,73.59
smart-watch,store_001,2024-12-04 00:00:00,135.64,254.05
bluetooth-speaker,store_001,2024-12-04 00:00:00,432.11,47.22
noise-cancelling-headphones,store_001,2024-12-04 00:00:00,188.47,195.23
4k-webcam,store_001,2024-12-04 00:00:00,204.82,98.41
mechanical-keyboard,store_001,2024-12-04 00:00:00,162.75,127.73
gaming-mouse,store_001,2024-12-04 00:00:00,221.42,63.1
usb-c-hub,store_001,2024-12-04 00:00:00,282.19,37.78
portable-ssd,store_001,2024-12-04 00:00:00,172.74,96.08
smart-display,store_001,2024-12-04 00:00:00,176.13,147.43
robot-vacuum,store_001,2024-12-04 00:00:00,99.93,270.92
action-camera,store_001,2024-12-04 00:00:00,122.51,175.47
wireless-earbuds,store_001,2024-12-05 00:00:00,352.13,77.35
smart-watch,store_001,2024-12-05 00:00:00,101.98,274.63
bluetooth-speaker,store_001,2024-12-05 00:00:00,441.37,51.43
noise-cancelling-headphones,store_001,2024-12-05 00:00:00,238.75,212.04
4k-webcam,store_001,2024-12-05 00:00:00,176.65,98.58
mechanical-keyboard,store_001,2024-12-05 00:00:00,171.66,140.5
gaming-mouse,store_001,2024-12-05 00:00:00,214.06,74.21
usb-c-hub,store_001,2024-12-05 00:00:00,344.48,41.04
portable-ssd,store_001,2024-12-05 00:00:00,187.71,85.67
smart-display,store_001,2024-12-05 00:00:00,121.88,163.45
robot-vacuum,store_001,2024-12-05 00:00:00,105.12,307.72
action-camera,store_001,2024-12-05 00:00:00,99.15,162.99
wireless-earbuds,store_001,2024-12-06 00:00:00,401.56,78.11
smart-watch,store_001,2024-12-06 00:00:00,119.95,231.52
bluetooth-speaker,store_001,2024-12-06 00:00:00,426.34,47.39
noise-cancelling-headphones,store_001,2024-12-06 00:00:00,225.59,191.87
4k-webcam,store_001,2024-12-06 00:00:00,200.36,95.14
mechanical-keyboard,store_001,2024-12-06 00:00:00,186.3,134.13
gaming-mouse,store_001,2024-12-06 00:00:00,256.24,71.93
usb-c-hub,store_001,2024-12-06 00:00:00,531.77,36.82
portable-ssd,store_001,2024-12-06 00:00:00,202.12,86.07
smart-display,store_001,2024-12-06 00:00:00,184.57,137.77
robot-vacuum,store_001,2024-12-06 00:00:00,102.26,293.44
action-camera,store_001,2024-12-06 00:00:00,117.02,162.78
wireless-earbuds,store_001,2024-12-07 00:00:00,597.65,82.99
smart-watch,store_001,2024-12-07 00:00:00,215.58,240.67
bluetooth-speaker,store_001,2024-12-07 00:00:00,676.95,45.09
noise-cancelling-headphones,store_001,2024-12-07 00:00:00,238.16,202.68
4k-webcam,store_001,2024-12-07 00:00:00,223.3,98.88
mechanical-keyboard,store_001,2024-12-07 00:00:00,214.92,132.95
gaming-mouse,store_001,2024-12-07 00:00:00,265.17,75.96
usb-c-hub,store_001,2024-12-07 00:00:00,478.05,36.23
portable-ssd,store_001,2024-12-07 00:00:00,294.82,96.59
smart-display,store_001,2024-12-07 00:00:00,229.94,141.5
robot-vacuum,store_001,2024-12-07 00:00:00,123.25,326.38
action-camera,store_001,2024-12-07 00:00:00,142.17,179.33
wireless-earbuds,store_001,2024-12-08 00:00:00,417.34,76.7
smart-watch,store_001,2024-12-08 00:00:00,149.99,249.78
bluetooth-speaker,store_001,2024-12-08 00:00:00,441.48,46.72
noise-cancelling-headphones,store_001,2024-12-08 00:00:00,213.0,215.48
4k-webcam,store_001,2024-12-08 00:00:00,213.59,94.79
mechanical-keyboard,store_001,2024-12-08 00:00:00,222.76,137.64
gaming-mouse,store_001,2024-12-08 00:00:00,275.0,68.92
usb-c-hub,store_001,2024-12-08 00:00:00,369.08,42.52
portable-ssd,store_001,2024-12-08 00:00:00,190.0,91.2
smart-display,store_001,2024-12-08 00:00:00,167.04,153.97
robot-vacuum,store_001,2024-12-08 00:00:00,137.94,300.67
action-camera,store_001,2024-12-08 00:00:00,112.39,172.56
wireless-earbuds,store_001,2024-12-09 00:00:00,288.43,77.63
smart-watch,store_001,2024-12-09 00:00:00,116.65,233.99
bluetooth-speaker,store_001,2024-12-09 00:00:00,340.7,45.72
noise-cancelling-headphones,store_001,2024-12-09 00:00:00,199.04,194.87
4k-webcam,store_001,2024-12-09 00:00:00,180.08,81.19
mechanical-keyboard,store_001,2024-12-09 00:00:00,144.22,129.09
gaming-mouse,store_001,2024-12-09 00:00:00,215.01,68.39
usb-c-hub,store_001,2024-12-09 00:00:00,230.62,40.21
portable-ssd,store_001,2024-12-09 00:00:00,172.88,96.89
smart-display,store_001,2024-12-09 00:00:00,139.61,137.24
robot-vacuum,store_001,2024-12-09 00:00:00,95.2,289.06
action-camera,store_001,2024-12-09 00:00:00,82.02,169.09
wireless-earbuds,store_001,2024-12-10 00:00:00,261.37,78.73
smart-watch,store_001,2024-12-10 00:00:00,110.39,233.55
bluetooth-speaker,store_001,2024-12-10 00:00:00,320.16,47.84
noise-cancelling-headphones,store_001,2024-12-10 00:00:00,174.22,214.23
4k-webcam,store_001,2024-12-10 00:00:00,213.11,96.14
mechanical-keyboard,store_001,2024-12-10 00:00:00,139.51,140.28
gaming-mouse,store_001,2024-12-10 00:00:00,191.01,63.96
usb-c-hub,store_001,2024-12-10 00:00:00,312.48,42.41
portable-ssd,store_001,2024-12-10 00:00:00,144.14,88.2
smart-display,store_001,2024-12-10 00:00:00,119.71,144.39
robot-vacuum,store_001,2024-12-10 00:00:00,75.06,297.26
action-camera,store_001,2024-12-10 00:00:00,69.35,196.81
wireless-earbuds,store_001,2024-12-11 00:00:00,329.83,72.46
smart-watch,store_001,2024-12-11 00:00:00,156.97,225.51
bluetooth-speaker,store_001,2024-12-11 00:00:00,403.48,49.35
noise-cancelling-headphones,store_001,2024-12-11 00:00:00,207.4,187.64
4k-webcam,store_001,2024-12-11 00:00:00,182.95,98.8
mechanical-keyboard,store_001,2024-12-11 00:00:00,133.91,139.56
gaming-mouse,store_001,2024-12-11 00:00:00,228.7,76.25
usb-c-hub,store_001,2024-12-11 00:00:00,434.11,38.62
portable-ssd,store_001,2024-12-11 00:00:00,151.31,84.06
smart-display,store_001,2024-12-11 00:00:00,138.3,148.81
robot-vacuum,store_001,2024-12-11 00:00:00,107.2,323.26
action-camera,store_001,2024-12-11 00:00:00,96.49,176.87
wireless-earbuds,store_001,2024-12-12 00:00:00,308.17,81.24
smart-watch,store_001,2024-12-12 00:00:00,138.85,273.81
bluetooth-speaker,store_001,2024-12-12 00:00:00,394.14,47.63
noise-cancelling-headphones,store_001,2024-12-12 00:00:00,235.78,183.3
4k-webcam,store_001,2024-12-12 00:00:00,143.56,94.22
mechanical-keyboard,store_001,2024-12-12 00:00:00,160.15,119.02
gaming-mouse,store_001,2024-12-12 00:00:00,259.32,66.02
usb-c-hub,store_001,2024-12-12 00:00:00,324.3,37.49
portable-ssd,store_001,2024-12-12 00:00:00,191.6,90.49
smart-display,store_001,2024-12-12 00:00:00,154.8,157.8
robot-vacuum,store_001,2024-12-12 00:00:00,103.69,300.26
action-camera,store_001,2024-12-12 00:00:00,98.78,169.87
wireless-earbuds,store_001,2024-12-13 00:00:00,290.08,80.21
smart-watch,store_001,2024-12-13 00:00:00,200.31,234.39
bluetooth-speaker,store_001,2024-12-13 00:00:00,506.93,53.69
noise-cancelling-headphones,store_001,2024-12-13 00:00:00,242.5,185.88
4k-webcam,store_001,2024-12-13 00:00:00,278.95,97.08
mechanical-keyboard,store_001,2024-12-13 00:00:00,183.54,117.73
gaming-mouse,store_001,2024-12-13 00:00:00,267.55,75.97
usb-c-hub,store_001,2024-12-13 00:00:00,406.34,39.44
portable-ssd,store_001,2024-12-13 00:00:00,239.79,81.95
smart-display,store_001,2024-12-13 00:00:00,224.06,137.93
robot-vacuum,store_001,2024-12-13 00:00:00,110.94,287.63
action-camera,store_001,2024-12-13 00:00:00,99.89,183.38
wireless-earbuds,store_001,2024-12-14 00:00:00,378.19,82.89
smart-watch,store_001,2024-12-14 00:00:00,174.99,272.94
bluetooth-speaker,store_001,2024-12-14 00:00:00,591.54,47.65
noise-cancelling-headphones,store_001,2024-12-14 00:00:00,286.47,184.03
4k-webcam,store_001,2024-12-14 00:00:00,247.61,88.04
mechanical-keyboard,store_001,2024-12-14 00:00:00,274.41,136.07
gaming-mouse,store_001,2024-12-14 00:00:00,337.83,73.99
usb-c-hub,store_001,2024-12-14 00:00:00,442.38,38.29
portable-ssd,store_001,2024-12-14 00:00:00,218.78,90.05
smart-display,store_001,2024-12-14 00:00:00,178.28,149.29
robot-vacuum,store_001,2024-12-14 00:00:00,128.75,288.9
action-camera,store_001,2024-12-14 00:00:00,170.85,168.74
wireless-earbuds,store_001,2024-12-15 00:00:00,440.44,79.58
smart-watch,store_001,2024-12-15 00:00:00,161.69,233.87
bluetooth-speaker,store_001,2024-12-15 00:00:00,453.97,53.52
noise-cancelling-headphones,store_001,2024-12-15 00:00:00,229.55,218.77
4k-webcam,store_001,2024-12-15 00:00:00,205.37,82.96
mechanical-keyboard,store_001,2024-12-15 00:00:00,167.25,131.74
gaming-mouse,store_001,2024-12-15 00:00:00,320.82,65.33
usb-c-hub,store_001,2024-12-15 00:00:00,426.77,36.74
portable-ssd,store_001,2024-12-15 00:00:00,200.05,94.22
smart-display,store_001,2024-12-15 00:00:00,196.46,142.71
robot-vacuum,store_001,2024-12-15 00:00:00,114.94,291.15
action-camera,store_001,2024-12-15 00:00:00,107.49,194.08
wireless-earbuds,store_001,2024-12-16 00:00:00,280.51,81.52
smart-watch,store_001,2024-12-16 00:00:00,103.89,259.28
bluetooth-speaker,store_001,2024-12-16 00:00:00,329.27,53.55
noise-cancelling-headphones,store_001,2024-12-16 00:00:00,162.98,185.66
4k-webcam,store_001,2024-12-16 00:00:00,148.8,98.51
mechanical-keyboard,store_001,2024-12-16 00:00:00,152.69,136.34
gaming-mouse,store_001,2024-12-16 00:00:00,217.74,76.51
usb-c-hub,store_001,2024-12-16 00:00:00,369.63,41.42
portable-ssd,store_001,2024-12-16 00:00:00,164.66,90.47
smart-display,store_001,2024-12-16 00:00:00,137.23,155.36
robot-vacuum,store_001,2024-12-16 00:00:00,101.32,329.63
action-camera,store_001,2024-12-16 00:00:00,82.26,163.47
wireless-earbuds,store_001,2024-12-17 00:00:00,241.27,78.93
smart-watch,store_001,2024-12-17 00:00:00,117.88,273.4
bluetooth-speaker,store_001,2024-12-17 00:00:00,319.79,49.98
noise-cancelling-headphones,store_001,2024-12-17 00:00:00,141.46,198.64
4k-webcam,store_001,2024-12-17 00:00:00,186.63,92.95
mechanical-keyboard,store_001,2024-12-17 00:00:00,181.9,124.49
gaming-mouse,store_001,2024-12-17 00:00:00,210.0,66.95
usb-c-hub,store_001,2024-12-17 00:00:00,282.69,36.42
portable-ssd,store_001,2024-12-17 00:00:00,142.86,81.0
smart-display,store_001,2024-12-17 00:00:00,157.2,145.5
robot-vacuum,store_001,2024-12-17 00:00:00,79.05,316.12
action-camera,store_001,2024-12-17 00:00:00,106.5,165.09
wireless-earbuds,store_001,2024-12-18 00:00:00,313.63,81.35
smart-watch,store_001,2024-12-18 00:00:00,201.51,235.93
bluetooth-speaker,store_001,2024-12-18 00:00:00,322.7,51.36
noise-cancelling-headphones,store_001,2024-12-18 00:00:00,189.09,218.67
4k-webcam,store_001,2024-12-18 00:00:00,203.54,86.58
mechanical-keyboard,store_001,2024-12-18 00:00:00,163.5,134.64
gaming-mouse,store_001,2024-12-18 00:00:00,192.76,65.78
usb-c-hub,store_001,2024-12-18 00:00:00,405.11,40.42
portable-ssd,store_001,2024-12-18 00:00:00,168.61,92.3
smart-display,store_001,2024-12-18 00:00:00,156.32,146.27
robot-vacuum,store_001,2024-12-18 00:00:00,113.24,296.5
action-camera,store_001,2024-12-18 00:00:00,85.83,195.64
wireless-earbuds,store_001,2024-12-19 00:00:00,323.46,78.72
smart-watch,store_001,2024-12-19 00:00:00,124.48,226.37
bluetooth-speaker,store_001,2024-12-19 00:00:00,298.39,52.55
noise-cancelling-headphones,store_001,2024-12-19 00:00:00,167.95,192.09
4k-webcam,store_001,2024-12-19 00:00:00,207.79,90.77
mechanical-keyboard,store_001,2024-12-19 00:00:00,187.25,124.62
gaming-mouse,store_001,2024-12-19 00:00:00,232.36,63.07
usb-c-hub,store_001,2024-12-19 00:00:00,288.52,42.99
portable-ssd,store_001,2024-12-19 00:00:00,191.92,95.93
smart-display,store_001,2024-12-19 00:00:00,155.68,144.99
robot-vacuum,store_001,2024-12-19 00:00:00,110.88,289.87
action-camera,store_001,2024-12-19 00:00:00,110.45,188.65
wireless-earbuds,store_001,2024-12-20 00:00:00,395.16,75.27
smart-watch,store_001,2024-12-20 00:00:00,150.62,262.01
bluetooth-speaker,store_001,2024-12-20 00:00:00,436.66,53.51
noise-cancelling-headphones,store_001,2024-12-20 00:00:00,243.58,192.43
4k-webcam,store_001,2024-12-20 00:00:00,236.48,93.37
mechanical-keyboard,store_001,2024-12-20 00:00:00,216.17,116.99
gaming-mouse,store_001,2024-12-20 00:00:00,282.66,65.85
usb-c-hub,store_001,2024-12-20 00:00:00,409.42,42.65
portable-ssd,store_001,2024-12-20 00:00:00,229.74,88.27
smart-display,store_001,2024-12-20 00:00:00,176.29,159.6
robot-vacuum,store_001,2024-12-20 00:00:00,125.27,310.87
action-camera,store_001,2024-12-20 00:00:00,94.29,184.21
wireless-earbuds,store_001,2024-12-21 00:00:00,389.11,85.09
smart-watch,store_001,2024-12-21 00:00:00,192.12,233.53
bluetooth-speaker,store_001,2024-12-21 00:00:00,536.36,47.89
noise-cancelling-headphones,store_001,2024-12-21 00:00:00,208.55,218.35
4k-webcam,store_001,2024-12-21 00:00:00,212.45,93.55
mechanical-keyboard,store_001,2024-12-21 00:00:00,237.45,127.83
gaming-mouse,store_001,2024-12-21 00:00:00,293.8,70.89
usb-c-hub,store_001,2024-12-21 00:00:00,511.4,38.41
portable-ssd,store_001,2024-12-21 00:00:00,199.01,81.76
smart-display,store_001,2024-12-21 00:00:00,153.64,163.87
robot-vacuum,store_001,2024-12-21 00:00:00,114.04,328.89
action-camera,store_001,2024-12-21 00:00:00,135.07,192.8
wireless-earbuds,store_001,2024-12-22 00:00:00,325.18,78.24
smart-watch,store_001,2024-12-22 00:00:00,177.03,257.79
bluetooth-speaker,store_001,2024-12-22 00:00:00,433.09,52.14
noise-cancelling-headphones,store_001,2024-12-22 00:00:00,243.2,191.12
4k-webcam,store_001,2024-12-22 00:00:00,229.23,97.48
mechanical-keyboard,store_001,2024-12-22 00:00:00,167.75,126.78
gaming-mouse,store_001,2024-12-22 00:00:00,214.27,75.97
usb-c-hub,store_001,2024-12-22 00:00:00,394.47,40.19
portable-ssd,store_001,2024-12-22 00:00:00,207.31,87.26
smart-display,store_001,2024-12-22 00:00:00,193.77,147.1
robot-vacuum,store_001,2024-12-22 00:00:00,154.99,275.78
action-camera,store_001,2024-12-22 00:00:00,127.95,195.62
wireless-earbuds,store_001,2024-12-23 00:00:00,213.15,84.93
smart-watch,store_001,2024-12-23 00:00:00,123.87,236.82
bluetooth-speaker,store_001,2024-12-23 00:00:00,357.72,52.55
noise-cancelling-headphones,store_001,2024-12-23 00:00:00,168.02,182.57
4k-webcam,store_001,2024-12-23 00:00:00,152.98,82.3
mechanical-keyboard,store_001,2024-12-23 00:00:00,135.45,132.76
gaming-mouse,store_001,2024-12-23 00:00:00,241.64,72.77
usb-c-hub,store_001,2024-12-23 00:00:00,247.19,43.9
portable-ssd,store_001,2024-12-23 00:00:00,160.09,88.87
smart-display,store_001,2024-12-23 00:00:00,143.19,141.03
robot-vacuum,store_001,2024-12-23 00:00:00,95.81,281.53
action-camera,store_001,2024-12-23 00:00:00,100.51,184.64
wireless-earbuds,store_001,2024-12-24 00:00:00,250.24,86.28
smart-watch,store_001,2024-12-24 00:00:00,113.49,245.39
bluetooth-speaker,store_001,2024-12-24 00:00:00,350.29,52.29
noise-cancelling-headphones,store_001,2024-12-24 00:00:00,147.45,205.68
4k-webcam,store_001,2024-12-24 00:00:00,123.58,89.52
mechanical-keyboard,store_001,2024-12-24 00:00:00,144.92,133.07
gaming-mouse,store_001,2024-12-24 00:00:00,195.47,68.98
usb-c-hub,store_001,2024-12-24 00:00:00,294.91,36.56
portable-ssd,store_001,2024-12-24 00:00:00,190.73,83.11
smart-display,store_001,2024-12-24 00:00:00,155.29,153.03
robot-vacuum,store_001,2024-12-24 00:00:00,75.34,325.33
action-camera,store_001,2024-12-24 00:00:00,91.43,187.31
wireless-earbuds,store_001,2024-12-25 00:00:00,133.12,73.19
smart-watch,store_001,2024-12-25 00:00:00,55.75,267.65
bluetooth-speaker,store_001,2024-12-25 00:00:00,171.89,45.56
noise-cancelling-headphones,store_001,2024-12-25 00:00:00,63.74,184.43
4k-webcam,store_001,2024-12-25 00:00:00,70.37,81.53
mechanical-keyboard,store_001,2024-12-25 00:00:00,85.3,123.77
gaming-mouse,store_001,2024-12-25 00:00:00,103.65,70.65
usb-c-hub,store_001,2024-12-25 00:00:00,185.96,43.38
portable-ssd,store_001,2024-12-25 00:00:00,80.0,82.3
smart-display,store_001,2024-12-25 00:00:00,41.72,162.12
robot-vacuum,store_001,2024-12-25 00:00:00,38.37,328.85
action-camera,store_001,2024-12-25 00:00:00,33.39,183.52
wireless-earbuds,store_001,2024-12-26 00:00:00,121.02,87.13
smart-watch,store_001,2024-12-26 00:00:00,54.99,227.08
bluetooth-speaker,store_001,2024-12-26 00:00:00,174.26,49.31
noise-cancelling-headphones,store_001,2024-12-26 00:00:00,79.84,213.98
4k-webcam,store_001,2024-12-26 00:00:00,107.51,94.91
mechanical-keyboard,store_001,2024-12-26 00:00:00,77.7,130.88
gaming-mouse,store_001,2024-12-26 00:00:00,121.05,70.72
usb-c-hub,store_001,2024-12-26 00:00:00,164.22,42.11
portable-ssd,store_001,2024-12-26 00:00:00,89.34,83.47
smart-display,store_001,2024-12-26 00:00:00,54.65,161.9
robot-vacuum,store_001,2024-12-26 00:00:00,46.62,296.18
action-camera,store_001,2024-12-26 00:00:00,51.78,170.34
wireless-earbuds,store_001,2024-12-27 00:00:00,135.56,86.2
smart-watch,store_001,2024-12-27 00:00:00,59.12,253.39
bluetooth-speaker,store_001,2024-12-27 00:00:00,186.4,53.12
noise-cancelling-headphones,store_001,2024-12-27 00:00:00,97.72,185.06
4k-webcam,store_001,2024-12-27 00:00:00,122.07,92.78
mechanical-keyboard,store_001,2024-12-27 00:00:00,109.42,124.59
gaming-mouse,store_001,2024-12-27 00:00:00,132.41,64.07
usb-c-hub,store_001,2024-12-27 00:00:00,203.98,40.34
portable-ssd,store_001,2024-12-27 00:00:00,92.2,97.46
smart-display,store_001,2024-12-27 00:00:00,78.93,156.38
robot-vacuum,store_001,2024-12-27 00:00:00,59.43,309.21
action-camera,store_001,2024-12-27 00:00:00,53.69,171.62
wireless-earbuds,store_001,2024-12-28 00:00:00,173.97,86.4
smart-watch,store_001,2024-12-28 00:00:00,59.4,256.08
bluetooth-speaker,store_001,2024-12-28 00:00:00,219.51,54.75
noise-cancelling-headphones,store_001,2024-12-28 00:00:00,111.63,209.67
4k-webcam,store_001,2024-12-28 00:00:00,122.31,83.55
mechanical-keyboard,store_001,2024-12-28 00:00:00,110.32,135.15
gaming-mouse,store_001,2024-12-28 00:00:00,149.09,69.97
usb-c-hub,store_001,2024-12-28 00:00:00,225.46,38.21
portable-ssd,store_001,2024-12-28 00:00:00,109.24,86.01
smart-display,store_001,2024-12-28 00:00:00,90.85,149.85
robot-vacuum,store_001,2024-12-28 00:00:00,61.04,282.33
action-camera,store_001,2024-12-28 00:00:00,61.43,177.51
wireless-earbuds,store_001,2024-12-29 00:00:00,160.36,77.56
smart-watch,store_001,2024-12-29 00:00:00,71.28,255.43
bluetooth-speaker,store_001,2024-12-29 00:00:00,203.83,53.09
noise-cancelling-headphones,store_001,2024-12-29 00:00:00,70.51,210.28
4k-webcam,store_001,2024-12-29 00:00:00,99.48,88.69
mechanical-keyboard,store_001,2024-12-29 00:00:00,109.64,136.11
gaming-mouse,store_001,2024-12-29 00:00:00,142.42,73.09
usb-c-hub,store_001,2024-12-29 00:00:00,200.07,42.86
portable-ssd,store_001,2024-12-29 00:00:00,118.22,91.22
smart-display,store_001,2024-12-29 00:00:00,67.28,139.87
robot-vacuum,store_001,2024-12-29 00:00:00,35.76,277.9
action-camera,store_001,2024-12-29 00:00:00,69.6,190.77
wireless-earbuds,store_001,2024-12-30 00:00:00,125.49,80.67
smart-watch,store_001,2024-12-30 00:00:00,49.55,244.72
bluetooth-speaker,store_001,2024-12-30 00:00:00,125.37,52.81
noise-cancelling-headphones,store_001,2024-12-30 00:00:00,57.95,204.31
4k-webcam,store_001,2024-12-30 00:00:00,99.47,85.75
mechanical-keyboard,store_001,2024-12-30 00:00:00,88.19,129.02
gaming-mouse,store_001,2024-12-30 00:00:00,81.1,69.71
usb-c-hub,store_001,2024-12-30 00:00:00,153.69,37.73
portable-ssd,store_001,2024-12-30 00:00:00,109.06,91.98
smart-display,store_001,2024-12-30 00:00:00,62.91,136.91
robot-vacuum,store_001,2024-12-30 00:00:00,40.19,322.13
action-camera,store_001,2024-12-30 00:00:00,55.06,184.68
wireless-earbuds,store_001,2024-12-31 00:00:00,128.83,73.82
smart-watch,store_001,2024-12-31 00:00:00,56.81,259.21
bluetooth-speaker,store_001,2024-12-31 00:00:00,160.25,52.16
noise-cancelling-headphones,store_001,2024-12-31 00:00:00,60.17,208.57
4k-webcam,store_001,2024-12-31 00:00:00,78.15,96.42
mechanical-keyboard,store_001,2024-12-31 00:00:00,79.12,135.67
gaming-mouse,store_001,2024-12-31 00:00:00,95.03,69.2
usb-c-hub,store_001,2024-12-31 00:00:00,138.07,37.89
portable-ssd,store_001,2024-12-31 00:00:00,68.89,88.48
smart-display,store_001,2024-12-31 00:00:00,55.55,161.26
robot-vacuum,store_001,2024-12-31 00:00:00,33.49,290.09
action-camera,store_001,2024-12-31 00:00:00,44.95,185.46
wireless-earbuds,store_001,2025-01-01 00:00:00,67.76,85.74
smart-watch,store_001,2025-01-01 00:00:00,52.26,312.23
bluetooth-speaker,store_001,2025-01-01 00:00:00,126.63,61.03
noise-cancelling-headphones,store_001,2025-01-01 00:00:00,59.18,242.91
4k-webcam,store_001,2025-01-01 00:00:00,68.37,97.59
mechanical-keyboard,store_001,2025-01-01 00:00:00,60.78,135.51
gaming-mouse,store_001,2025-01-01 00:00:00,78.3,73.7
usb-c-hub,store_001,2025-01-01 00:00:00,139.54,49.99
portable-ssd,store_001,2025-01-01 00:00:00,74.53,104.49
smart-display,store_001,2025-01-01 00:00:00,57.8,180.53
robot-vacuum,store_001,2025-01-01 00:00:00,38.77,343.08
action-camera,store_001,2025-01-01 00:00:00,34.05,204.55
wireless-earbuds,store_001,2025-01-02 00:00:00,111.46,87.28
smart-watch,store_001,2025-01-02 00:00:00,60.87,302.88
bluetooth-speaker,store_001,2025-01-02 00:00:00,114.92,53.07
noise-cancelling-headphones,store_001,2025-01-02 00:00:00,74.95,240.7
4k-webcam,store_001,2025-01-02 00:00:00,92.74,103.61
mechanical-keyboard,store_001,2025-01-02 00:00:00,58.22,154.07
gaming-mouse,store_001,2025-01-02 00:00:00,89.16,81.6
usb-c-hub,store_001,2025-01-02 00:00:00,125.5,42.54
portable-ssd,store_001,2025-01-02 00:00:00,64.28,105.24
smart-display,store_001,2025-01-02 00:00:00,54.72,164.22
robot-vacuum,store_001,2025-01-02 00:00:00,36.6,339.54
action-camera,store_001,2025-01-02 00:00:00,39.41,210.14
wireless-earbuds,store_001,2025-01-03 00:00:00,100.98,98.91
smart-watch,store_001,2025-01-03 00:00:00,53.88,265.68
bluetooth-speaker,store_001,2025-01-03 00:00:00,142.41,60.28
noise-cancelling-headphones,store_001,2025-01-03 00:00:00,97.79,208.56
4k-webcam,store_001,2025-01-03 00:00:00,72.09,95.88
mechanical-keyboard,store_001,2025-01-03 00:00:00,83.56,162.0
gaming-mouse,store_001,2025-01-03 00:00:00,132.21,81.41
usb-c-hub,store_001,2025-01-03 00:00:00,160.11,42.48
portable-ssd,store_001,2025-01-03 00:00:00,111.92,105.9
smart-display,store_001,2025-01-03 00:00:00,46.52,156.8
robot-vacuum,store_001,2025-01-03 00:00:00,41.05,338.7
action-camera,store_001,2025-01-03 00:00:00,44.89,220.85
wireless-earbuds,store_001,2025-01-04 00:00:00,151.98,86.16
smart-watch,store_001,2025-01-04 00:00:00,64.3,311.43
bluetooth-speaker,store_001,2025-01-04 00:00:00,165.94,58.56
noise-cancelling-headphones,store_001,2025-01-04 00:00:00,85.14,236.86
4k-webcam,store_001,2025-01-04 00:00:00,98.15,105.31
mechanical-keyboard,store_001,2025-01-04 00:00:00,89.77,137.44
gaming-mouse,store_001,2025-01-04 00:00:00,122.01,86.88
usb-c-hub,store_001,2025-01-04 00:00:00,213.35,49.15
portable-ssd,store_001,2025-01-04 00:00:00,98.39,96.83
smart-display,store_001,2025-01-04 00:00:00,79.31,183.32
robot-vacuum,store_001,2025-01-04 00:00:00,46.21,346.31
action-camera,store_001,2025-01-04 00:00:00,34.06,211.77
wireless-earbuds,store_001,2025-01-05 00:00:00,150.15,87.83
smart-watch,store_001,2025-01-05 00:00:00,57.94,309.65
bluetooth-speaker,store_001,2025-01-05 00:00:00,127.06,60.4
noise-cancelling-headphones,store_001,2025-01-05 00:00:00,82.43,237.64
4k-webcam,store_001,2025-01-05 00:00:00,91.35,108.76
mechanical-keyboard,store_001,2025-01-05 00:00:00,99.04,161.52
gaming-mouse,store_001,2025-01-05 00:00:00,118.91,72.55
usb-c-hub,store_001,2025-01-05 00:00:00,152.31,41.63
portable-ssd,store_001,2025-01-05 00:00:00,96.96,108.29
smart-display,store_001,2025-01-05 00:00:00,77.08,183.91
robot-vacuum,store_001,2025-01-05 00:00:00,36.34,368.78
action-camera,store_001,2025-01-05 00:00:00,51.23,204.18
wireless-earbuds,store_001,2025-01-06 00:00:00,82.84,96.25
smart-watch,store_001,2025-01-06 00:00:00,57.03,279.08
bluetooth-speaker,store_001,2025-01-06 00:00:00,134.9,55.5
noise-cancelling-headphones,store_001,2025-01-06 00:00:00,62.85,219.69
4k-webcam,store_001,2025-01-06 00:00:00,61.72,107.77
mechanical-keyboard,store_001,2025-01-06 00:00:00,60.03,162.19
gaming-mouse,store_001,2025-01-06 00:00:00,60.0,77.55
usb-c-hub,store_001,2025-01-06 00:00:00,135.89,47.47
portable-ssd,store_001,2025-01-06 00:00:00,69.63,93.3
smart-display,store_001,2025-01-06 00:00:00,50.54,168.22
robot-vacuum,store_001,2025-01-06 00:00:00,37.6,320.94
action-camera,store_001,2025-01-06 00:00:00,31.72,216.66
wireless-earbuds,store_001,2025-01-07 00:00:00,81.21,100.28
smart-watch,store_001,2025-01-07 00:00:00,38.27,301.83
bluetooth-speaker,store_001,2025-01-07 00:00:00,117.32,54.14
noise-cancelling-headphones,store_001,2025-01-07 00:00:00,58.61,226.22
4k-webcam,store_001,2025-01-07 00:00:00,67.47,106.34
mechanical-keyboard,store_001,2025-01-07 00:00:00,67.53,154.18
gaming-mouse,store_001,2025-01-07 00:00:00,92.17,77.14
usb-c-hub,store_001,2025-01-07 00:00:00,138.93,48.72
portable-ssd,store_001,2025-01-07 00:00:00,61.01,95.14
smart-display,store_001,2025-01-07 00:00:00,52.48,185.63
robot-vacuum,store_001,2025-01-07 00:00:00,24.97,332.94
action-camera,store_001,2025-01-07 00:00:00,30.03,191.08
wireless-earbuds,store_001,2025-01-08 00:00:00,102.59,95.61
smart-watch,store_001,2025-01-08 00:00:00,42.77,303.22
bluetooth-speaker,store_001,2025-01-08 00:00:00,101.07,56.48
noise-cancelling-headphones,store_001,2025-01-08 00:00:00,66.47,220.37
4k-webcam,store_001,2025-01-08 00:00:00,54.26,94.4
mechanical-keyboard,store_001,2025-01-08 00:00:00,62.08,142.36
gaming-mouse,store_001,2025-01-08 00:00:00,89.61,78.86
usb-c-hub,store_001,2025-01-08 00:00:00,140.66,43.86
portable-ssd,store_001,2025-01-08 00:00:00,67.47,99.53
smart-display,store_001,2025-01-08 00:00:00,45.64,174.99
robot-vacuum,store_001,2025-01-08 00:00:00,32.3,375.89
action-camera,store_001,2025-01-08 00:00:00,40.74,199.94
wireless-earbuds,store_001,2025-01-09 00:00:00,100.85,97.55
smart-watch,store_001,2025-01-09 00:00:00,51.19,299.26
bluetooth-speaker,store_001,2025-01-09 00:00:00,157.19,59.27
noise-cancelling-headphones,store_001,2025-01-09 00:00:00,56.96,223.65
4k-webcam,store_001,2025-01-09 00:00:00,84.02,110.93
mechanical-keyboard,store_001,2025-01-09 00:00:00,82.03,158.5
gaming-mouse,store_001,2025-01-09 00:00:00,115.25,84.24
usb-c-hub,store_001,2025-01-09 00:00:00,125.28,41.72
portable-ssd,store_001,2025-01-09 00:00:00,112.54,101.38
smart-display,store_001,2025-01-09 00:00:00,54.92,160.65
robot-vacuum,store_001,2025-01-09 00:00:00,30.58,327.55
action-camera,store_001,2025-01-09 00:00:00,47.67,191.41
wireless-earbuds,store_001,2025-01-10 00:00:00,151.26,96.41
smart-watch,store_001,2025-01-10 00:00:00,49.92,263.62
bluetooth-speaker,store_001,2025-01-10 00:00:00,179.15,56.52
noise-cancelling-headphones,store_001,2025-01-10 00:00:00,95.5,245.18
4k-webcam,store_001,2025-01-10 00:00:00,89.04,109.55
mechanical-keyboard,store_001,2025-01-10 00:00:00,90.09,152.65
gaming-mouse,store_001,2025-01-10 00:00:00,113.69,72.82
usb-c-hub,store_001,2025-01-10 00:00:00,213.12,43.25
portable-ssd,store_001,2025-01-10 00:00:00,95.24,99.17
smart-display,store_001,2025-01-10 00:00:00,83.47,188.6
robot-vacuum,store_001,2025-01-10 00:00:00,31.93,347.28
action-camera,store_001,2025-01-10 00:00:00,51.0,187.0
wireless-earbuds,store_001,2025-01-11 00:00:00,131.37,92.85
smart-watch,store_001,2025-01-11 00:00:00,68.4,271.62
bluetooth-speaker,store_001,2025-01-11 00:00:00,215.07,55.99
noise-cancelling-headphones,store_001,2025-01-11 00:00:00,81.6,236.56
4k-webcam,store_001,2025-01-11 00:00:00,85.06,95.11
mechanical-keyboard,store_001,2025-01-11 00:00:00,122.59,160.4
gaming-mouse,store_001,2025-01-11 00:00:00,129.07,82.36
usb-c-hub,store_001,2025-01-11 00:00:00,201.69,48.04
portable-ssd,store_001,2025-01-11 00:00:00,89.22,98.36
smart-display,store_001,2025-01-11 00:00:00,70.63,166.9
robot-vacuum,store_001,2025-01-11 00:00:00,46.72,338.54
action-camera,store_001,2025-01-11 00:00:00,67.39,214.87
wireless-earbuds,store_001,2025-01-12 00:00:00,126.46,88.55
smart-watch,store_001,2025-01-12 00:00:00,41.02,277.24
bluetooth-speaker,store_001,2025-01-12 00:00:00,137.32,63.15
noise-cancelling-headphones,store_001,2025-01-12 00:00:00,71.43,211.82
4k-webcam,store_001,2025-01-12 00:00:00,86.5,96.49
mechanical-keyboard,store_001,2025-01-12 00:00:00,69.13,139.51
gaming-mouse,store_001,2025-01-12 00:00:00,90.23,79.27
usb-c-hub,store_001,2025-01-12 00:00:00,214.48,48.78
portable-ssd,store_001,2025-01-12 00:00:00,72.85,101.41
smart-display,store_001,2025-01-12 00:00:00,65.81,170.26
robot-vacuum,store_001,2025-01-12 00:00:00,34.79,346.54
action-camera,store_001,2025-01-12 00:00:00,58.92,201.67
wireless-earbuds,store_001,2025-01-13 00:00:00,94.0,86.55
smart-watch,store_001,2025-01-13 00:00:00,38.6,299.82
bluetooth-speaker,store_001,2025-01-13 00:00:00,112.23,62.5
noise-cancelling-headphones,store_001,2025-01-13 00:00:00,50.46,240.11
4k-webcam,store_001,2025-01-13 00:00:00,77.06,110.31
mechanical-keyboard,store_001,2025-01-13 00:00:00,69.26,146.99
gaming-mouse,store_001,2025-01-13 00:00:00,78.86,77.46
usb-c-hub,store_001,2025-01-13 00:00:00,152.55,47.77
portable-ssd,store_001,2025-01-13 00:00:00,71.4,102.84
smart-display,store_001,2025-01-13 00:00:00,50.62,167.33
robot-vacuum,store_001,2025-01-13 00:00:00,27.12,374.51
action-camera,store_001,2025-01-13 00:00:00,38.37,220.27
wireless-earbuds,store_001,2025-01-14 00:00:00,108.15,94.28
smart-watch,store_001,2025-01-14 00:00:00,35.94,273.39
bluetooth-speaker,store_001,2025-01-14 00:00:00,106.48,53.49
noise-cancelling-headphones,store_001,2025-01-14 00:00:00,48.7,219.87
4k-webcam,store_001,2025-01-14 00:00:00,64.44,105.3
mechanical-keyboard,store_001,2025-01-14 00:00:00,59.54,144.41
gaming-mouse,store_001,2025-01-14 00:00:00,90.15,85.44
usb-c-hub,store_001,2025-01-14 00:00:00,96.8,47.54
portable-ssd,store_001,2025-01-14 00:00:00,57.58,113.61
smart-display,store_001,2025-01-14 00:00:00,50.34,182.95
robot-vacuum,store_001,2025-01-14 00:00:00,27.0,332.8
action-camera,store_001,2025-01-14 00:00:00,33.22,188.45
wireless-earbuds,store_001,2025-01-15 00:00:00,87.01,88.81
smart-watch,store_001,2025-01-15 00:00:00,44.27,265.48
bluetooth-speaker,store_001,2025-01-15 00:00:00,119.27,57.2
noise-cancelling-headphones,store_001,2025-01-15 00:00:00,61.62,231.0
4k-webcam,store_001,2025-01-15 00:00:00,54.39,112.91
mechanical-keyboard,store_001,2025-01-15 00:00:00,57.36,159.46
gaming-mouse,store_001,2025-01-15 00:00:00,87.1,80.33
usb-c-hub,store_001,2025-01-15 00:00:00,103.27,47.69
portable-ssd,store_001,2025-01-15 00:00:00,69.35,93.66
smart-display,store_001,2025-01-15 00:00:00,49.91,171.32
robot-vacuum,store_001,2025-01-15 00:00:00,31.69,349.11
action-camera,store_001,2025-01-15 00:00:00,28.48,225.18
wireless-earbuds,store_001,2025-01-16 00:00:00,97.37,82.99
smart-watch,store_001,2025-01-16 00:00:00,50.43,288.98
bluetooth-speaker,store_001,2025-01-16 00:00:00,168.01,55.98
noise-cancelling-headphones,store_001,2025-01-16 00:00:00,69.36,249.38
4k-webcam,store_001,2025-01-16 00:00:00,86.76,103.05
mechanical-keyboard,store_001,2025-01-16 00:00:00,79.76,155.33
gaming-mouse,store_001,2025-01-16 00:00:00,86.18,85.69
usb-c-hub,store_001,2025-01-16 00:00:00,160.56,49.92
portable-ssd,store_001,2025-01-16 00:00:00,93.86,102.94
smart-display,store_001,2025-01-16 00:00:00,47.8,181.13
robot-vacuum,store_001,2025-01-16 00:00:00,39.13,372.19
action-camera,store_001,2025-01-16 00:00:00,44.42,216.77
wireless-earbuds,store_001,2025-01-17 00:00:00,142.93,98.35
smart-watch,store_001,2025-01-17 00:00:00,61.22,295.39
bluetooth-speaker,store_001,2025-01-17 00:00:00,172.61,63.05
noise-cancelling-headphones,store_001,2025-01-17 00:00:00,86.82,235.23
4k-webcam,store_001,2025-01-17 00:00:00,113.02,99.69
mechanical-keyboard,store_001,2025-01-17 00:00:00,84.8,161.62
gaming-mouse,store_001,2025-01-17 00:00:00,90.13,87.58
usb-c-hub,store_001,2025-01-17 00:00:00,161.28,49.09
portable-ssd,store_001,2025-01-17 00:00:00,86.62,103.52
smart-display,store_001,2025-01-17 00:00:00,58.35,158.14
robot-vacuum,store_001,2025-01-17 00:00:00,40.92,345.37
action-camera,store_001,2025-01-17 00:00:00,57.18,217.21
wireless-earbuds,store_001,2025-01-18 00:00:00,155.61,89.24
smart-watch,store_001,2025-01-18 00:00:00,64.53,291.41
bluetooth-speaker,store_001,2025-01-18 00:00:00,173.56,53.08
noise-cancelling-headphones,store_001,2025-01-18 00:00:00,81.1,240.55
4k-webcam,store_001,2025-01-18 00:00:00,102.84,109.01
mechanical-keyboard,store_001,2025-01-18 00:00:00,101.13,141.04
gaming-mouse,store_001,2025-01-18 00:00:00,118.59,76.41
usb-c-hub,store_001,2025-01-18 00:00:00,189.29,47.3
portable-ssd,store_001,2025-01-18 00:00:00,104.61,95.89
smart-display,store_001,2025-01-18 00:00:00,75.37,179.59
robot-vacuum,store_001,2025-01-18 00:00:00,48.91,326.08
action-camera,store_001,2025-01-18 00:00:00,63.58,222.87
wireless-earbuds,store_001,2025-01-19 00:00:00,127.15,87.66
smart-watch,store_001,2025-01-19 00:00:00,60.11,292.01
bluetooth-speaker,store_001,2025-01-19 00:00:00,145.64,59.0
noise-cancelling-headphones,store_001,2025-01-19 00:00:00,78.23,208.68
4k-webcam,store_001,2025-01-19 00:00:00,102.38,97.5
mechanical-keyboard,store_001,2025-01-19 00:00:00,71.53,144.91
gaming-mouse,store_001,2025-01-19 00:00:00,134.39,83.7
usb-c-hub,store_001,2025-01-19 00:00:00,142.05,49.02
portable-ssd,store_001,2025-01-19 00:00:00,87.48,98.48
smart-display,store_001,2025-01-19 00:00:00,59.48,156.32
robot-vacuum,store_001,2025-01-19 00:00:00,49.01,320.14
action-camera,store_001,2025-01-19 00:00:00,53.19,201.7
wireless-earbuds,store_001,2025-01-20 00:00:00,99.22,95.69
smart-watch,store_001,2025-01-20 00:00:00,45.64,308.72
bluetooth-speaker,store_001,2025-01-20 00:00:00,145.31,59.19
noise-cancelling-headphones,store_001,2025-01-20 00:00:00,65.08,248.99
4k-webcam,store_001,2025-01-20 00:00:00,78.13,93.59
mechanical-keyboard,store_001,2025-01-20 00:00:00,67.32,148.19
gaming-mouse,store_001,2025-01-20 00:00:00,81.25,85.87
usb-c-hub,store_001,2025-01-20 00:00:00,137.9,44.82
portable-ssd,store_001,2025-01-20 00:00:00,68.79,113.23
smart-display,store_001,2025-01-20 00:00:00,49.8,181.57
robot-vacuum,store_001,2025-01-20 00:00:00,35.22,363.9
action-camera,store_001,2025-01-20 00:00:00,30.37,202.88
wireless-earbuds,store_001,2025-01-21 00:00:00,94.91,99.1
smart-watch,store_001,2025-01-21 00:00:00,35.99,312.95
bluetooth-speaker,store_001,2025-01-21 00:00:00,119.72,53.23
noise-cancelling-headphones,store_001,2025-01-21 00:00:00,75.05,251.14
4k-webcam,store_001,2025-01-21 00:00:00,72.8,109.73
mechanical-keyboard,store_001,2025-01-21 00:00:00,61.01,139.48
gaming-mouse,store_001,2025-01-21 00:00:00,80.56,77.29
usb-c-hub,store_001,2025-01-21 00:00:00,144.24,43.56
portable-ssd,store_001,2025-01-21 00:00:00,73.77,107.31
smart-display,store_001,2025-01-21 00:00:00,43.13,168.15
robot-vacuum,store_001,2025-01-21 00:00:00,26.16,357.88
action-camera,store_001,2025-01-21 00:00:00,34.22,224.08
wireless-earbuds,store_001,2025-01-22 00:00:00,88.82,96.83
smart-watch,store_001,2025-01-22 00:00:00,40.29,266.13
bluetooth-speaker,store_001,2025-01-22 00:00:00,122.28,62.06
noise-cancelling-headphones,store_001,2025-01-22 00:00:00,53.03,240.59
4k-webcam,store_001,2025-01-22 00:00:00,80.0,103.25
mechanical-keyboard,store_001,2025-01-22 00:00:00,68.36,152.07
gaming-mouse,store_001,2025-01-22 00:00:00,90.55,78.38
usb-c-hub,store_001,2025-01-22 00:00:00,176.87,48.96
portable-ssd,store_001,2025-01-22 00:00:00,57.56,106.5
smart-display,store_001,2025-01-22 00:00:00,48.89,161.72
robot-vacuum,store_001,2025-01-22 00:00:00,35.32,355.62
action-camera,store_001,2025-01-22 00:00:00,46.04,198.09
wireless-earbuds,store_001,2025-01-23 00:00:00,104.73,100.42
smart-watch,store_001,2025-01-23 00:00:00,55.96,268.14
bluetooth-speaker,store_001,2025-01-23 00:00:00,127.05,52.69
noise-cancelling-headphones,store_001,2025-01-23 00:00:00,49.38,211.65
4k-webcam,store_001,2025-01-23 00:00:00,109.6,99.74
mechanical-keyboard,store_001,2025-01-23 00:00:00,60.0,146.02
gaming-mouse,store_001,2025-01-23 00:00:00,76.17,78.91
usb-c-hub,store_001,2025-01-23 00:00:00,148.59,44.18
portable-ssd,store_001,2025-01-23 00:00:00,78.03,109.75
smart-display,store_001,2025-01-23 00:00:00,64.05,168.1
robot-vacuum,store_001,2025-01-23 00:00:00,30.72,335.66
action-camera,store_001,2025-01-23 00:00:00,39.87,226.89
wireless-earbuds,store_001,2025-01-24 00:00:00,114.35,85.56
smart-watch,store_001,2025-01-24 00:00:00,59.17,312.45
bluetooth-speaker,store_001,2025-01-24 00:00:00,143.84,60.11
noise-cancelling-headphones,store_001,2025-01-24 00:00:00,77.09,209.22
4k-webcam,store_001,2025-01-24 00:00:00,102.0,100.74
mechanical-keyboard,store_001,2025-01-24 00:00:00,84.32,155.06
gaming-mouse,store_001,2025-01-24 00:00:00,128.18,85.63
usb-c-hub,store_001,2025-01-24 00:00:00,205.19,43.03
portable-ssd,store_001,2025-01-24 00:00:00,101.5,106.3
smart-display,store_001,2025-01-24 00:00:00,64.95,167.56
robot-vacuum,store_001,2025-01-24 00:00:00,53.6,316.29
action-camera,store_001,2025-01-24 00:00:00,59.69,216.38
wireless-earbuds,store_001,2025-01-25 00:00:00,143.42,100.67
smart-watch,store_001,2025-01-25 00:00:00,54.3,272.77
bluetooth-speaker,store_001,2025-01-25 00:00:00,189.86,57.76
noise-cancelling-headphones,store_001,2025-01-25 00:00:00,69.87,210.51
4k-webcam,store_001,2025-01-25 00:00:00,93.06,106.34
mechanical-keyboard,store_001,2025-01-25 00:00:00,91.04,145.96
gaming-mouse,store_001,2025-01-25 00:00:00,122.84,84.5
usb-c-hub,store_001,2025-01-25 00:00:00,206.88,41.6
portable-ssd,store_001,2025-01-25 00:00:00,111.64,111.41
smart-display,store_001,2025-01-25 00:00:00,63.01,170.19
robot-vacuum,store_001,2025-01-25 00:00:00,51.68,331.41
action-camera,store_001,2025-01-25 00:00:00,58.77,221.65
wireless-earbuds,store_001,2025-01-26 00:00:00,135.92,91.49
smart-watch,store_001,2025-01-26 00:00:00,62.92,283.86
bluetooth-speaker,store_001,2025-01-26 00:00:00,170.87,59.46
noise-cancelling-headphones,store_001,2025-01-26 00:00:00,58.78,248.84
4k-webcam,store_001,2025-01-26 00:00:00,97.12,93.53
mechanical-keyboard,store_001,2025-01-26 00:00:00,79.84,138.42
gaming-mouse,store_001,2025-01-26 00:00:00,100.04,77.56
usb-c-hub,store_001,2025-01-26 00:00:00,224.49,41.56
portable-ssd,store_001,2025-01-26 00:00:00,97.83,107.88
smart-display,store_001,2025-01-26 00:00:00,59.58,175.52
robot-vacuum,store_001,2025-01-26 00:00:00,38.71,374.65
action-camera,store_001,2025-01-26 00:00:00,51.47,200.39
wireless-earbuds,store_001,2025-01-27 00:00:00,94.41,96.45
smart-watch,store_001,2025-01-27 00:00:00,51.51,298.86
bluetooth-speaker,store_001,2025-01-27 00:00:00,135.08,61.54
noise-cancelling-headphones,store_001,2025-01-27 00:00:00,47.46,236.03
4k-webcam,store_001,2025-01-27 00:00:00,74.16,113.52
mechanical-keyboard,store_001,2025-01-27 00:00:00,65.62,143.26
gaming-mouse,store_001,2025-01-27 00:00:00,94.67,82.5
usb-c-hub,store_001,2025-01-27 00:00:00,176.79,44.62
portable-ssd,store_001,2025-01-27 00:00:00,52.72,113.29
smart-display,store_001,2025-01-27 00:00:00,55.92,172.17
robot-vacuum,store_001,2025-01-27 00:00:00,35.33,352.38
action-camera,store_001,2025-01-27 00:00:00,43.99,190.3
wireless-earbuds,store_001,2025-01-28 00:00:00,100.26,86.08
smart-watch,store_001,2025-01-28 00:00:00,60.73,303.45
bluetooth-speaker,store_001,2025-01-28 00:00:00,119.64,60.38
noise-cancelling-headphones,store_001,2025-01-28 00:00:00,50.14,234.55
4k-webcam,store_001,2025-01-28 00:00:00,76.06,111.45
mechanical-keyboard,store_001,2025-01-28 00:00:00,60.24,157.31
gaming-mouse,store_001,2025-01-28 00:00:00,82.44,86.27
usb-c-hub,store_001,2025-01-28 00:00:00,149.27,45.66
portable-ssd,store_001,2025-01-28 00:00:00,64.7,96.82
smart-display,store_001,2025-01-28 00:00:00,42.93,173.62
robot-vacuum,store_001,2025-01-28 00:00:00,29.99,373.09
action-camera,store_001,2025-01-28 00:00:00,41.55,213.33
wireless-earbuds,store_001,2025-01-29 00:00:00,115.92,94.18
smart-watch,store_001,2025-01-29 00:00:00,49.37,294.38
bluetooth-speaker,store_001,2025-01-29 00:00:00,145.1,62.61
noise-cancelling-headphones,store_001,2025-01-29 00:00:00,65.81,218.49
4k-webcam,store_001,2025-01-29 00:00:00,79.3,100.8
mechanical-keyboard,store_001,2025-01-29 00:00:00,61.93,160.95
gaming-mouse,store_001,2025-01-29 00:00:00,79.27,86.13
usb-c-hub,store_001,2025-01-29 00:00:00,141.34,44.78
portable-ssd,store_001,2025-01-29 00:00:00,72.11,112.21
smart-display,store_001,2025-01-29 00:00:00,51.42,165.35
robot-vacuum,store_001,2025-01-29 00:00:00,35.82,327.4
action-camera,store_001,2025-01-29 00:00:00,37.58,227.26
wireless-earbuds,store_001,2025-01-30 00:00:00,124.1,84.83
smart-watch,store_001,2025-01-30 00:00:00,32.62,277.79
bluetooth-speaker,store_001,2025-01-30 00:00:00,151.19,62.81
noise-cancelling-headphones,store_001,2025-01-30 00:00:00,72.86,208.48
4k-webcam,store_001,2025-01-30 00:00:00,66.6,110.98
mechanical-keyboard,store_001,2025-01-30 00:00:00,65.08,147.01
gaming-mouse,store_001,2025-01-30 00:00:00,110.86,84.94
usb-c-hub,store_001,2025-01-30 00:00:00,178.91,46.3
portable-ssd,store_001,2025-01-30 00:00:00,87.65,99.2
smart-display,store_001,2025-01-30 00:00:00,57.46,183.61
robot-vacuum,store_001,2025-01-30 00:00:00,33.61,345.79
action-camera,store_001,2025-01-30 00:00:00,36.64,204.03
wireless-earbuds,store_001,2025-01-31 00:00:00,153.59,97.97
smart-watch,store_001,2025-01-31 00:00:00,57.44,265.17
bluetooth-speaker,store_001,2025-01-31 00:00:00,189.12,62.24
noise-cancelling-headphones,store_001,2025-01-31 00:00:00,82.3,216.65
4k-webcam,store_001,2025-01-31 00:00:00,132.94,111.75
mechanical-keyboard,store_001,2025-01-31 00:00:00,99.34,141.86
gaming-mouse,store_001,2025-01-31 00:00:00,124.52,85.11
usb-c-hub,store_001,2025-01-31 00:00:00,197.72,46.62
portable-ssd,store_001,2025-01-31 00:00:00,90.83,99.11
smart-display,store_001,2025-01-31 00:00:00,63.38,168.03
robot-vacuum,store_001,2025-01-31 00:00:00,35.16,321.41
action-camera,store_001,2025-01-31 00:00:00,54.15,205.97
wireless-earbuds,store_001,2025-02-01 00:00:00,127.07,95.58
smart-watch,store_001,2025-02-01 00:00:00,72.88,275.55
bluetooth-speaker,store_001,2025-02-01 00:00:00,183.23,54.17
noise-cancelling-headphones,store_001,2025-02-01 00:00:00,103.15,233.86
4k-webcam,store_001,2025-02-01 00:00:00,105.04,113.76
mechanical-keyboard,store_001,2025-02-01 00:00:00,120.09,153.03
gaming-mouse,store_001,2025-02-01 00:00:00,154.79,86.16
usb-c-hub,store_001,2025-02-01 00:00:00,238.35,44.83
portable-ssd,store_001,2025-02-01 00:00:00,129.22,104.01
smart-display,store_001,2025-02-01 00:00:00,70.63,186.19
robot-vacuum,store_001,2025-02-01 00:00:00,62.61,331.83
action-camera,store_001,2025-02-01 00:00:00,62.74,197.81
wireless-earbuds,store_001,2025-02-02 00:00:00,131.65,89.35
smart-watch,store_001,2025-02-02 00:00:00,45.27,311.22
bluetooth-speaker,store_001,2025-02-02 00:00:00,177.35,60.74
noise-cancelling-headphones,store_001,2025-02-02 00:00:00,67.23,217.49
4k-webcam,store_001,2025-02-02 00:00:00,108.5,95.19
mechanical-keyboard,store_001,2025-02-02 00:00:00,106.06,136.55
gaming-mouse,store_001,2025-02-02 00:00:00,95.34,86.49
usb-c-hub,store_001,2025-02-02 00:00:00,151.48,41.9
portable-ssd,store_001,2025-02-02 00:00:00,93.69,108.44
smart-display,store_001,2025-02-02 00:00:00,58.37,177.69
robot-vacuum,store_001,2025-02-02 00:00:00,41.79,313.27
action-camera,store_001,2025-02-02 00:00:00,57.64,209.14
wireless-earbuds,store_001,2025-02-03 00:00:00,99.42,83.96
smart-watch,store_001,2025-02-03 00:00:00,40.69,288.79
bluetooth-speaker,store_001,2025-02-03 00:00:00,134.22,58.42
noise-cancelling-headphones,store_001,2025-02-03 00:00:00,62.6,231.69
4k-webcam,store_001,2025-02-03 00:00:00,76.47,97.21
mechanical-keyboard,store_001,2025-02-03 00:00:00,66.47,137.03
gaming-mouse,store_001,2025-02-03 00:00:00,103.78,80.28
usb-c-hub,store_001,2025-02-03 00:00:00,158.36,46.74
portable-ssd,store_001,2025-02-03 00:00:00,68.94,109.23
smart-display,store_001,2025-02-03 00:00:00,51.16,183.04
robot-vacuum,store_001,2025-02-03 00:00:00,32.5,362.55
action-camera,store_001,2025-02-03 00:00:00,34.51,206.68
wireless-earbuds,store_001,2025-02-04 00:00:00,102.43,100.29
smart-watch,store_001,2025-02-04 00:00:00,49.15,308.61
bluetooth-speaker,store_001,2025-02-04 00:00:00,118.1,55.29
noise-cancelling-headphones,store_001,2025-02-04 00:00:00,63.14,251.94
4k-webcam,store_001,2025-02-04 00:00:00,86.98,113.31
mechanical-keyboard,store_001,2025-02-04 00:00:00,60.88,139.42
gaming-mouse,store_001,2025-02-04 00:00:00,101.93,87.33
usb-c-hub,store_001,2025-02-04 00:00:00,142.3,47.26
portable-ssd,store_001,2025-02-04 00:00:00,59.93,108.93
smart-display,store_001,2025-02-04 00:00:00,49.37,172.55
robot-vacuum,store_001,2025-02-04 00:00:00,31.14,331.19
action-camera,store_001,2025-02-04 00:00:00,40.33,209.93
wireless-earbuds,store_001,2025-02-05 00:00:00,105.15,97.25
smart-watch,store_001,2025-02-05 00:00:00,44.61,293.82
bluetooth-speaker,store_001,2025-02-05 00:00:00,137.21,59.25
noise-cancelling-headphones,store_001,2025-02-05 00:00:00,73.7,242.86
4k-webcam,store_001,2025-02-05 00:00:00,80.5,110.86
mechanical-keyboard,store_001,2025-02-05 00:00:00,96.04,138.87
gaming-mouse,store_001,2025-02-05 00:00:00,86.11,79.68
usb-c-hub,store_001,2025-02-05 00:00:00,168.29,45.01
portable-ssd,store_001,2025-02-05 00:00:00,66.7,113.19
smart-display,store_001,2025-02-05 00:00:00,60.25,183.02
robot-vacuum,store_001,2025-02-05 00:00:00,45.97,359.09
action-camera,store_001,2025-02-05 00:00:00,43.18,215.96
wireless-earbuds,store_001,2025-02-06 00:00:00,117.01,97.34
smart-watch,store_001,2025-02-06 00:00:00,57.4,290.94
bluetooth-speaker,store_001,2025-02-06 00:00:00,146.81,61.59
noise-cancelling-headphones,store_001,2025-02-06 00:00:00,80.74,218.17
4k-webcam,store_001,2025-02-06 00:00:00,77.11,102.86
mechanical-keyboard,store_001,2025-02-06 00:00:00,73.99,135.91
gaming-mouse,store_001,2025-02-06 00:00:00,82.9,80.28
usb-c-hub,store_001,2025-02-06 00:00:00,142.55,46.97
portable-ssd,store_001,2025-02-06 00:00:00,77.21,98.85
smart-display,store_001,2025-02-06 00:00:00,59.92,187.1
robot-vacuum,store_001,2025-02-06 00:00:00,35.02,332.88
action-camera,store_001,2025-02-06 00:00:00,42.17,203.42
wireless-earbuds,store_001,2025-02-07 00:00:00,153.43,86.47
smart-watch,store_001,2025-02-07 00:00:00,70.24,272.84
bluetooth-speaker,store_001,2025-02-07 00:00:00,151.2,57.85
noise-cancelling-headphones,store_001,2025-02-07 00:00:00,78.9,207.99
4k-webcam,store_001,2025-02-07 00:00:00,98.57,107.86
mechanical-keyboard,store_001,2025-02-07 00:00:00,92.02,160.06
gaming-mouse,store_001,2025-02-07 00:00:00,124.56,75.4
usb-c-hub,store_001,2025-02-07 00:00:00,180.44,45.63
portable-ssd,store_001,2025-02-07 00:00:00,87.14,98.42
smart-display,store_001,2025-02-07 00:00:00,72.91,156.04
robot-vacuum,store_001,2025-02-07 00:00:00,48.69,344.05
action-camera,store_001,2025-02-07 00:00:00,64.59,208.16
wireless-earbuds,store_001,2025-02-08 00:00:00,193.65,90.83
smart-watch,store_001,2025-02-08 00:00:00,67.98,287.73
bluetooth-speaker,store_001,2025-02-08 00:00:00,201.73,58.35
noise-cancelling-headphones,store_001,2025-02-08 00:00:00,68.72,240.77
4k-webcam,store_001,2025-02-08 00:00:00,75.08,104.15
mechanical-keyboard,store_001,2025-02-08 00:00:00,79.95,159.84
gaming-mouse,store_001,2025-02-08 00:00:00,163.33,88.42
usb-c-hub,store_001,2025-02-08 00:00:00,223.85,48.45
portable-ssd,store_001,2025-02-08 00:00:00,102.08,111.36
smart-display,store_001,2025-02-08 00:00:00,71.66,177.68
robot-vacuum,store_001,2025-02-08 00:00:00,57.06,346.9
action-camera,store_001,2025-02-08 00:00:00,59.04,220.24
wireless-earbuds,store_001,2025-02-09 00:00:00,128.82,82.91
smart-watch,store_001,2025-02-09 00:00:00,52.96,259.82
bluetooth-speaker,store_001,2025-02-09 00:00:00,181.39,54.3
noise-cancelling-headphones,store_001,2025-02-09 00:00:00,84.54,222.01
4k-webcam,store_001,2025-02-09 00:00:00,78.39,105.03
mechanical-keyboard,store_001,2025-02-09 00:00:00,95.88,160.86
gaming-mouse,store_001,2025-02-09 00:00:00,116.9,75.76
usb-c-hub,store_001,2025-02-09 00:00:00,191.25,41.63
portable-ssd,store_001,2025-02-09 00:00:00,73.34,104.32
smart-display,store_001,2025-02-09 00:00:00,49.08,166.54
robot-vacuum,store_001,2025-02-09 00:00:00,43.48,331.39
action-camera,store_001,2025-02-09 00:00:00,56.22,197.51
wireless-earbuds,store_001,2025-02-10 00:00:00,116.67,85.32
smart-watch,store_001,2025-02-10 00:00:00,38.45,284.02
bluetooth-speaker,store_001,2025-02-10 00:00:00,139.06,60.29
noise-cancelling-headphones,store_001,2025-02-10 00:00:00,51.39,224.49
4k-webcam,store_001,2025-02-10 00:00:00,75.59,101.02
mechanical-keyboard,store_001,2025-02-10 00:00:00,64.95,137.32
gaming-mouse,store_001,2025-02-10 00:00:00,98.33,74.4
usb-c-hub,store_001,2025-02-10 00:00:00,165.4,42.5
portable-ssd,store_001,2025-02-10 00:00:00,58.89,99.7
smart-display,store_001,2025-02-10 00:00:00,55.13,189.23
robot-vacuum,store_001,2025-02-10 00:00:00,35.69,318.22
action-camera,store_001,2025-02-10 00:00:00,35.68,186.59
wireless-earbuds,store_001,2025-02-11 00:00:00,92.37,89.31
smart-watch,store_001,2025-02-11 00:00:00,32.74,306.84
bluetooth-speaker,store_001,2025-02-11 00:00:00,101.22,63.23
noise-cancelling-headphones,store_001,2025-02-11 00:00:00,70.13,236.59
4k-webcam,store_001,2025-02-11 00:00:00,58.66,98.83
mechanical-keyboard,store_001,2025-02-11 00:00:00,67.22,144.2
gaming-mouse,store_001,2025-02-11 00:00:00,91.61,74.5
usb-c-hub,store_001,2025-02-11 00:00:00,158.7,47.78
portable-ssd,store_001,2025-02-11 00:00:00,65.6,111.07
smart-display,store_001,2025-02-11 00:00:00,43.48,168.06
robot-vacuum,store_001,2025-02-11 00:00:00,31.21,375.09
action-camera,store_001,2025-02-11 00:00:00,33.77,217.01
wireless-earbuds,store_001,2025-02-12 00:00:00,102.34,84.8
smart-watch,store_001,2025-02-12 00:00:00,48.1,287.35
bluetooth-speaker,store_001,2025-02-12 00:00:00,115.34,54.79
noise-cancelling-headphones,store_001,2025-02-12 00:00:00,78.92,243.02
4k-webcam,store_001,2025-02-12 00:00:00,83.05,111.19
mechanical-keyboard,store_001,2025-02-12 00:00:00,78.68,135.93
gaming-mouse,store_001,2025-02-12 00:00:00,87.3,74.99
usb-c-hub,store_001,2025-02-12 00:00:00,192.63,49.64
portable-ssd,store_001,2025-02-12 00:00:00,115.29,102.99
smart-display,store_001,2025-02-12 00:00:00,55.64,184.77
robot-vacuum,store_001,2025-02-12 00:00:00,31.36,354.43
action-camera,store_001,2025-02-12 00:00:00,43.56,205.73
wireless-earbuds,store_001,2025-02-13 00:00:00,118.19,89.52
smart-watch,store_001,2025-02-13 00:00:00,46.89,299.93
bluetooth-speaker,store_001,2025-02-13 00:00:00,105.78,54.0
noise-cancelling-headphones,store_001,2025-02-13 00:00:00,76.08,212.96
4k-webcam,store_001,2025-02-13 00:00:00,107.06,95.1
mechanical-keyboard,store_001,2025-02-13 00:00:00,76.5,161.06
gaming-mouse,store_001,2025-02-13 00:00:00,121.96,83.05
usb-c-hub,store_001,2025-02-13 00:00:00,178.35,50.35
portable-ssd,store_001,2025-02-13 00:00:00,77.28,111.43
smart-display,store_001,2025-02-13 00:00:00,46.01,159.78
robot-vacuum,store_001,2025-02-13 00:00:00,30.09,374.98
action-camera,store_001,2025-02-13 00:00:00,54.3,223.8
wireless-earbuds,store_001,2025-02-14 00:00:00,149.74,86.14
smart-watch,store_001,2025-02-14 00:00:00,68.46,260.7
bluetooth-speaker,store_001,2025-02-14 00:00:00,188.99,58.32
noise-cancelling-headphones,store_001,2025-02-14 00:00:00,78.12,222.81
4k-webcam,store_001,2025-02-14 00:00:00,89.65,102.5
mechanical-keyboard,store_001,2025-02-14 00:00:00,84.45,153.12
gaming-mouse,store_001,2025-02-14 00:00:00,127.54,84.81
usb-c-hub,store_001,2025-02-14 00:00:00,170.96,44.49
portable-ssd,store_001,2025-02-14 00:00:00,101.39,103.23
smart-display,store_001,2025-02-14 00:00:00,63.95,178.12
robot-vacuum,store_001,2025-02-14 00:00:00,41.6,314.84
action-camera,store_001,2025-02-14 00:00:00,50.65,212.88
wireless-earbuds,store_001,2025-02-15 00:00:00,176.84,91.21
smart-watch,store_001,2025-02-15 00:00:00,72.36,290.39
bluetooth-speaker,store_001,2025-02-15 00:00:00,188.76,56.75
noise-cancelling-headphones,store_001,2025-02-15 00:00:00,97.57,210.81
4k-webcam,store_001,2025-02-15 00:00:00,132.58,112.62
mechanical-keyboard,store_001,2025-02-15 00:00:00,78.71,140.37
gaming-mouse,store_001,2025-02-15 00:00:00,164.55,84.25
usb-c-hub,store_001,2025-02-15 00:00:00,206.59,46.92
portable-ssd,store_001,2025-02-15 00:00:00,127.02,109.7
smart-display,store_001,2025-02-15 00:00:00,92.81,163.19
robot-vacuum,store_001,2025-02-15 00:00:00,56.77,317.4
action-camera,store_001,2025-02-15 00:00:00,61.12,212.55
wireless-earbuds,store_001,2025-02-16 00:00:00,105.93,85.59
smart-watch,store_001,2025-02-16 00:00:00,43.51,293.79
bluetooth-speaker,store_001,2025-02-16 00:00:00,157.98,62.65
noise-cancelling-headphones,store_001,2025-02-16 00:00:00,78.33,248.43
4k-webcam,store_001,2025-02-16 00:00:00,131.03,95.96
mechanical-keyboard,store_001,2025-02-16 00:00:00,75.58,134.55
gaming-mouse,store_001,2025-02-16 00:00:00,128.89,87.3
usb-c-hub,store_001,2025-02-16 00:00:00,211.13,50.21
portable-ssd,store_001,2025-02-16 00:00:00,121.24,110.16
smart-display,store_001,2025-02-16 00:00:00,64.14,183.08
robot-vacuum,store_001,2025-02-16 00:00:00,42.56,355.07
action-camera,store_001,2025-02-16 00:00:00,52.03,194.29
wireless-earbuds,store_001,2025-02-17 00:00:00,94.98,87.87
smart-watch,store_001,2025-02-17 00:00:00,38.95,265.84
bluetooth-speaker,store_001,2025-02-17 00:00:00,141.44,56.84
noise-cancelling-headphones,store_001,2025-02-17 00:00:00,42.24,241.97
4k-webcam,store_001,2025-02-17 00:00:00,89.68,95.26
mechanical-keyboard,store_001,2025-02-17 00:00:00,67.38,148.62
gaming-mouse,store_001,2025-02-17 00:00:00,99.15,84.4
usb-c-hub,store_001,2025-02-17 00:00:00,135.51,42.04
portable-ssd,store_001,2025-02-17 00:00:00,101.09,98.77
smart-display,store_001,2025-02-17 00:00:00,42.93,168.4
robot-vacuum,store_001,2025-02-17 00:00:00,34.75,350.85
action-camera,store_001,2025-02-17 00:00:00,34.81,214.91
wireless-earbuds,store_001,2025-02-18 00:00:00,113.62,84.69
smart-watch,store_001,2025-02-18 00:00:00,29.85,293.43
bluetooth-speaker,store_001,2025-02-18 00:00:00,101.53,59.38
noise-cancelling-headphones,store_001,2025-02-18 00:00:00,49.82,251.3
4k-webcam,store_001,2025-02-18 00:00:00,58.14,98.94
mechanical-keyboard,store_001,2025-02-18 00:00:00,66.62,142.79
gaming-mouse,store_001,2025-02-18 00:00:00,91.61,85.9
usb-c-hub,store_001,2025-02-18 00:00:00,137.24,42.15
portable-ssd,store_001,2025-02-18 00:00:00,91.14,103.38
smart-display,store_001,2025-02-18 00:00:00,53.24,178.2
robot-vacuum,store_001,2025-02-18 00:00:00,34.2,349.17
action-camera,store_001,2025-02-18 00:00:00,38.9,201.85
wireless-earbuds,store_001,2025-02-19 00:00:00,84.93,93.86
smart-watch,store_001,2025-02-19 00:00:00,45.59,304.37
bluetooth-speaker,store_001,2025-02-19 00:00:00,178.06,60.52
noise-cancelling-headphones,store_001,2025-02-19 00:00:00,65.65,237.93
4k-webcam,store_001,2025-02-19 00:00:00,97.28,108.55
mechanical-keyboard,store_001,2025-02-19 00:00:00,71.57,158.1
gaming-mouse,store_001,2025-02-19 00:00:00,110.11,87.57
usb-c-hub,store_001,2025-02-19 00:00:00,124.73,47.17
portable-ssd,store_001,2025-02-19 00:00:00,95.15,104.87
smart-display,store_001,2025-02-19 00:00:00,50.74,187.87
robot-vacuum,store_001,2025-02-19 00:00:00,39.27,360.79
action-camera,store_001,2025-02-19 00:00:00,44.9,196.78
wireless-earbuds,store_001,2025-02-20 00:00:00,109.03,87.37
smart-watch,store_001,2025-02-20 00:00:00,46.68,261.49
bluetooth-speaker,store_001,2025-02-20 00:00:00,101.77,60.86
noise-cancelling-headphones,store_001,2025-02-20 00:00:00,82.83,242.45
4k-webcam,store_001,2025-02-20 00:00:00,83.71,100.35
mechanical-keyboard,store_001,2025-02-20 00:00:00,69.43,159.79
gaming-mouse,store_001,2025-02-20 00:00:00,110.8,84.35
usb-c-hub,store_001,2025-02-20 00:00:00,137.22,43.48
portable-ssd,store_001,2025-02-20 00:00:00,83.53,106.37
smart-display,store_001,2025-02-20 00:00:00,57.69,172.39
robot-vacuum,store_001,2025-02-20 00:00:00,41.29,359.3
action-camera,store_001,2025-02-20 00:00:00,52.31,219.65
wireless-earbuds,store_001,2025-02-21 00:00:00,147.38,88.73
smart-watch,store_001,2025-02-21 00:00:00,60.18,292.19
bluetooth-speaker,store_001,2025-02-21 00:00:00,204.98,60.44
noise-cancelling-headphones,store_001,2025-02-21 00:00:00,75.7,225.3
4k-webcam,store_001,2025-02-21 00:00:00,119.04,105.52
mechanical-keyboard,store_001,2025-02-21 00:00:00,78.96,146.64
gaming-mouse,store_001,2025-02-21 00:00:00,126.9,78.83
usb-c-hub,store_001,2025-02-21 00:00:00,211.04,42.34
portable-ssd,store_001,2025-02-21 00:00:00,114.02,99.22
smart-display,store_001,2025-02-21 00:00:00,64.61,158.08
robot-vacuum,store_001,2025-02-21 00:00:00,57.21,348.3
action-camera,store_001,2025-02-21 00:00:00,52.53,197.62
wireless-earbuds,store_001,2025-02-22 00:00:00,106.29,87.3
smart-watch,store_001,2025-02-22 00:00:00,73.23,295.99
bluetooth-speaker,store_001,2025-02-22 00:00:00,210.85,51.98
noise-cancelling-headphones,store_001,2025-02-22 00:00:00,91.58,245.53
4k-webcam,store_001,2025-02-22 00:00:00,102.42,101.67
mechanical-keyboard,store_001,2025-02-22 00:00:00,101.18,151.91
gaming-mouse,store_001,2025-02-22 00:00:00,101.81,84.46
usb-c-hub,store_001,2025-02-22 00:00:00,168.85,50.42
portable-ssd,store_001,2025-02-22 00:00:00,122.24,111.77
smart-display,store_001,2025-02-22 00:00:00,61.37,166.28
robot-vacuum,store_001,2025-02-22 00:00:00,43.79,369.82
action-camera,store_001,2025-02-22 00:00:00,64.43,196.51
wireless-earbuds,store_001,2025-02-23 00:00:00,113.99,97.22
smart-watch,store_001,2025-02-23 00:00:00,58.67,286.09
bluetooth-speaker,store_001,2025-02-23 00:00:00,154.14,60.02
noise-cancelling-headphones,store_001,2025-02-23 00:00:00,92.46,236.66
4k-webcam,store_001,2025-02-23 00:00:00,71.82,105.03
mechanical-keyboard,store_001,2025-02-23 00:00:00,90.62,153.04
gaming-mouse,store_001,2025-02-23 00:00:00,95.71,75.2
usb-c-hub,store_001,2025-02-23 00:00:00,189.85,46.53
portable-ssd,store_001,2025-02-23 00:00:00,100.47,96.2
smart-display,store_001,2025-02-23 00:00:00,66.58,157.5
robot-vacuum,store_001,2025-02-23 00:00:00,36.92,360.7
action-camera,store_001,2025-02-23 00:00:00,42.26,206.61
wireless-earbuds,store_001,2025-02-24 00:00:00,86.29,86.75
smart-watch,store_001,2025-02-24 00:00:00,33.95,289.7
bluetooth-speaker,store_001,2025-02-24 00:00:00,125.28,61.81
noise-cancelling-headphones,store_001,2025-02-24 00:00:00,50.41,213.62
4k-webcam,store_001,2025-02-24 00:00:00,71.02,93.28
mechanical-keyboard,store_001,2025-02-24 00:00:00,65.69,155.83
gaming-mouse,store_001,2025-02-24 00:00:00,81.23,82.32
usb-c-hub,store_001,2025-02-24 00:00:00,154.97,48.11
portable-ssd,store_001,2025-02-24 00:00:00,75.42,108.85
smart-display,store_001,2025-02-24 00:00:00,51.63,161.49
robot-vacuum,store_001,2025-02-24 00:00:00,33.96,316.64
action-camera,store_001,2025-02-24 00:00:00,31.99,210.05
wireless-earbuds,store_001,2025-02-25 00:00:00,116.44,95.6
smart-watch,store_001,2025-02-25 00:00:00,46.13,278.48
bluetooth-speaker,store_001,2025-02-25 00:00:00,130.71,61.85
noise-cancelling-headphones,store_001,2025-02-25 00:00:00,63.66,215.48
4k-webcam,store_001,2025-02-25 00:00:00,62.56,106.24
mechanical-keyboard,store_001,2025-02-25 00:00:00,73.27,157.02
gaming-mouse,store_001,2025-02-25 00:00:00,86.75,88.25
usb-c-hub,store_001,2025-02-25 00:00:00,157.05,44.82
portable-ssd,store_001,2025-02-25 00:00:00,84.44,93.24
smart-display,store_001,2025-02-25 00:00:00,64.51,156.19
robot-vacuum,store_001,2025-02-25 00:00:00,32.26,376.43
action-camera,store_001,2025-02-25 00:00:00,38.35,211.99
wireless-earbuds,store_001,2025-02-26 00:00:00,124.19,98.83
smart-watch,store_001,2025-02-26 00:00:00,47.1,293.22
bluetooth-speaker,store_001,2025-02-26 00:00:00,104.47,61.85
noise-cancelling-headphones,store_001,2025-02-26 00:00:00,65.08,213.84
4k-webcam,store_001,2025-02-26 00:00:00,99.5,104.27
mechanical-keyboard,store_001,2025-02-26 00:00:00,64.32,162.66
gaming-mouse,store_001,2025-02-26 00:00:00,113.06,78.06
usb-c-hub,store_001,2025-02-26 00:00:00,155.83,46.16
portable-ssd,store_001,2025-02-26 00:00:00,90.31,113.78
smart-display,store_001,2025-02-26 00:00:00,45.21,187.59
robot-vacuum,store_001,2025-02-26 00:00:00,41.83,341.4
action-camera,store_001,2025-02-26 00:00:00,45.06,209.24
wireless-earbuds,store_001,2025-02-27 00:00:00,122.62,97.83
smart-watch,store_001,2025-02-27 00:00:00,62.02,281.99
bluetooth-speaker,store_001,2025-02-27 00:00:00,111.52,61.06
noise-cancelling-headphones,store_001,2025-02-27 00:00:00,76.75,239.54
4k-webcam,store_001,2025-02-27 00:00:00,94.66,106.87
mechanical-keyboard,store_001,2025-02-27 00:00:00,79.87,150.31
gaming-mouse,store_001,2025-02-27 00:00:00,97.61,81.24
usb-c-hub,store_001,2025-02-27 00:00:00,169.53,44.34
portable-ssd,store_001,2025-02-27 00:00:00,71.81,101.96
smart-display,store_001,2025-02-27 00:00:00,61.42,158.08
robot-vacuum,store_001,2025-02-27 00:00:00,39.28,352.56
action-camera,store_001,2025-02-27 00:00:00,49.08,227.37
wireless-earbuds,store_001,2025-02-28 00:00:00,143.77,92.5
smart-watch,store_001,2025-02-28 00:00:00,56.6,313.18
bluetooth-speaker,store_001,2025-02-28 00:00:00,154.63,57.98
noise-cancelling-headphones,store_001,2025-02-28 00:00:00,95.92,240.99
4k-webcam,store_001,2025-02-28 00:00:00,113.94,97.04
mechanical-keyboard,store_001,2025-02-28 00:00:00,84.1,136.11
gaming-mouse,store_001,2025-02-28 00:00:00,137.93,80.87
usb-c-hub,store_001,2025-02-28 00:00:00,173.69,44.8
portable-ssd,store_001,2025-02-28 00:00:00,108.97,112.8
smart-display,store_001,2025-02-28 00:00:00,47.87,179.82
robot-vacuum,store_001,2025-02-28 00:00:00,53.17,354.68
action-camera,store_001,2025-02-28 00:00:00,65.76,224.46
wireless-earbuds,store_001,2025-03-01 00:00:00,182.36,72.07
smart-watch,store_001,2025-03-01 00:00:00,100.43,265.67
bluetooth-speaker,store_001,2025-03-01 00:00:00,248.63,53.26
noise-cancelling-headphones,store_001,2025-03-01 00:00:00,79.65,213.5
4k-webcam,store_001,2025-03-01 00:00:00,160.92,93.02
mechanical-keyboard,store_001,2025-03-01 00:00:00,116.95,127.98
gaming-mouse,store_001,2025-03-01 00:00:00,129.95,65.86
usb-c-hub,store_001,2025-03-01 00:00:00,217.07,41.88
portable-ssd,store_001,2025-03-01 00:00:00,136.1,88.44
smart-display,store_001,2025-03-01 00:00:00,113.09,162.02
robot-vacuum,store_001,2025-03-01 00:00:00,60.98,307.58
action-camera,store_001,2025-03-01 00:00:00,64.17,187.05
wireless-earbuds,store_001,2025-03-02 00:00:00,147.06,82.19
smart-watch,store_001,2025-03-02 00:00:00,81.41,270.1
bluetooth-speaker,store_001,2025-03-02 00:00:00,198.72,54.42
noise-cancelling-headphones,store_001,2025-03-02 00:00:00,103.53,207.23
4k-webcam,store_001,2025-03-02 00:00:00,139.96,86.12
mechanical-keyboard,store_001,2025-03-02 00:00:00,102.67,119.81
gaming-mouse,store_001,2025-03-02 00:00:00,161.25,76.29
usb-c-hub,store_001,2025-03-02 00:00:00,263.24,39.97
portable-ssd,store_001,2025-03-02 00:00:00,155.66,82.96
smart-display,store_001,2025-03-02 00:00:00,109.36,159.98
robot-vacuum,store_001,2025-03-02 00:00:00,52.77,284.5
action-camera,store_001,2025-03-02 00:00:00,73.64,177.76
wireless-earbuds,store_001,2025-03-03 00:00:00,156.0,86.93
smart-watch,store_001,2025-03-03 00:00:00,59.17,234.44
bluetooth-speaker,store_001,2025-03-03 00:00:00,162.99,54.47
noise-cancelling-headphones,store_001,2025-03-03 00:00:00,86.48,218.01
4k-webcam,store_001,2025-03-03 00:00:00,114.61,92.58
mechanical-keyboard,store_001,2025-03-03 00:00:00,82.32,120.97
gaming-mouse,store_001,2025-03-03 00:00:00,122.31,65.71
usb-c-hub,store_001,2025-03-03 00:00:00,180.66,39.5
portable-ssd,store_001,2025-03-03 00:00:00,101.87,90.5
smart-display,store_001,2025-03-03 00:00:00,59.9,139.29
robot-vacuum,store_001,2025-03-03 00:00:00,40.34,294.59
action-camera,store_001,2025-03-03 00:00:00,48.45,184.26
wireless-earbuds,store_001,2025-03-04 00:00:00,142.57,74.29
smart-watch,store_001,2025-03-04 00:00:00,70.34,236.67
bluetooth-speaker,store_001,2025-03-04 00:00:00,126.37,52.68
noise-cancelling-headphones,store_001,2025-03-04 00:00:00,85.37,188.97
4k-webcam,store_001,2025-03-04 00:00:00,90.06,92.67
mechanical-keyboard,store_001,2025-03-04 00:00:00,65.45,141.36
gaming-mouse,store_001,2025-03-04 00:00:00,100.85,69.29
usb-c-hub,store_001,2025-03-04 00:00:00,148.21,41.45
portable-ssd,store_001,2025-03-04 00:00:00,73.33,89.18
smart-display,store_001,2025-03-04 00:00:00,50.29,139.58
robot-vacuum,store_001,2025-03-04 00:00:00,36.22,308.22
action-camera,store_001,2025-03-04 00:00:00,48.22,196.81
wireless-earbuds,store_001,2025-03-05 00:00:00,177.04,72.33
smart-watch,store_001,2025-03-05 00:00:00,55.41,232.19
bluetooth-speaker,store_001,2025-03-05 00:00:00,139.01,47.26
noise-cancelling-headphones,store_001,2025-03-05 00:00:00,86.49,213.59
4k-webcam,store_001,2025-03-05 00:00:00,88.13,88.51
mechanical-keyboard,store_001,2025-03-05 00:00:00,106.04,128.53
gaming-mouse,store_001,2025-03-05 00:00:00,117.05,68.57
usb-c-hub,store_001,2025-03-05 00:00:00,195.5,37.64
portable-ssd,store_001,2025-03-05 00:00:00,107.91,96.71
smart-display,store_001,2025-03-05 00:00:00,69.53,153.56
robot-vacuum,store_001,2025-03-05 00:00:00,45.61,294.48
action-camera,store_001,2025-03-05 00:00:00,46.4,169.68
wireless-earbuds,store_001,2025-03-06 00:00:00,146.99,76.8
smart-watch,store_001,2025-03-06 00:00:00,61.0,263.72
bluetooth-speaker,store_001,2025-03-06 00:00:00,186.59,50.51
noise-cancelling-headphones,store_001,2025-03-06 00:00:00,89.16,195.36
4k-webcam,store_001,2025-03-06 00:00:00,103.82,93.48
mechanical-keyboard,store_001,2025-03-06 00:00:00,97.22,134.33
gaming-mouse,store_001,2025-03-06 00:00:00,125.75,65.17
usb-c-hub,store_001,2025-03-06 00:00:00,246.17,42.24
portable-ssd,store_001,2025-03-06 00:00:00,110.86,96.61
smart-display,store_001,2025-03-06 00:00:00,84.72,162.93
robot-vacuum,store_001,2025-03-06 00:00:00,39.38,314.11
action-camera,store_001,2025-03-06 00:00:00,64.42,186.33
wireless-earbuds,store_001,2025-03-07 00:00:00,197.35,85.79
smart-watch,store_001,2025-03-07 00:00:00,78.65,267.62
bluetooth-speaker,store_001,2025-03-07 00:00:00,210.2,46.5
noise-cancelling-headphones,store_001,2025-03-07 00:00:00,136.34,213.62
4k-webcam,store_001,2025-03-07 00:00:00,109.8,95.9
mechanical-keyboard,store_001,2025-03-07 00:00:00,140.27,135.28
gaming-mouse,store_001,2025-03-07 00:00:00,155.1,75.6
usb-c-hub,store_001,2025-03-07 00:00:00,276.11,39.31
portable-ssd,store_001,2025-03-07 00:00:00,114.99,90.93
smart-display,store_001,2025-03-07 00:00:00,83.37,164.49
robot-vacuum,store_001,2025-03-07 00:00:00,45.1,309.82
action-camera,store_001,2025-03-07 00:00:00,54.72,178.01
wireless-earbuds,store_001,2025-03-08 00:00:00,198.67,78.06
smart-watch,store_001,2025-03-08 00:00:00,82.53,225.99
bluetooth-speaker,store_001,2025-03-08 00:00:00,201.19,50.84
noise-cancelling-headphones,store_001,2025-03-08 00:00:00,95.98,215.75
4k-webcam,store_001,2025-03-08 00:00:00,186.29,96.93
mechanical-keyboard,store_001,2025-03-08 00:00:00,108.31,140.04
gaming-mouse,store_001,2025-03-08 00:00:00,191.12,68.5
usb-c-hub,store_001,2025-03-08 00:00:00,293.5,43.93
portable-ssd,store_001,2025-03-08 00:00:00,133.04,86.76
smart-display,store_001,2025-03-08 00:00:00,74.07,163.45
robot-vacuum,store_001,2025-03-08 00:00:00,64.48,270.95
action-camera,store_001,2025-03-08 00:00:00,73.2,177.03
wireless-earbuds,store_001,2025-03-09 00:00:00,202.09,76.47
smart-watch,store_001,2025-03-09 00:00:00,87.65,270.79
bluetooth-speaker,store_001,2025-03-09 00:00:00,170.97,47.38
noise-cancelling-headphones,store_001,2025-03-09 00:00:00,105.81,197.95
4k-webcam,store_001,2025-03-09 00:00:00,119.27,94.67
mechanical-keyboard,store_001,2025-03-09 00:00:00,114.48,119.08
gaming-mouse,store_001,2025-03-09 00:00:00,130.21,71.73
usb-c-hub,store_001,2025-03-09 00:00:00,220.09,36.14
portable-ssd,store_001,2025-03-09 00:00:00,102.59,81.64
smart-display,store_001,2025-03-09 00:00:00,93.77,155.9
robot-vacuum,store_001,2025-03-09 00:00:00,43.81,317.04
action-camera,store_001,2025-03-09 00:00:00,78.28,174.31
wireless-earbuds,store_001,2025-03-10 00:00:00,154.49,79.81
smart-watch,store_001,2025-03-10 00:00:00,55.28,270.66
bluetooth-speaker,store_001,2025-03-10 00:00:00,165.93,48.18
noise-cancelling-headphones,store_001,2025-03-10 00:00:00,75.58,184.53
4k-webcam,store_001,2025-03-10 00:00:00,117.12,82.33
mechanical-keyboard,store_001,2025-03-10 00:00:00,71.01,120.99
gaming-mouse,store_001,2025-03-10 00:00:00,117.38,63.13
usb-c-hub,store_001,2025-03-10 00:00:00,160.8,42.45
portable-ssd,store_001,2025-03-10 00:00:00,114.17,92.26
smart-display,store_001,2025-03-10 00:00:00,52.01,148.81
robot-vacuum,store_001,2025-03-10 00:00:00,50.88,277.31
action-camera,store_001,2025-03-10 00:00:00,40.92,169.17
wireless-earbuds,store_001,2025-03-11 00:00:00,135.03,87.21
smart-watch,store_001,2025-03-11 00:00:00,55.85,264.57
bluetooth-speaker,store_001,2025-03-11 00:00:00,168.91,48.19
noise-cancelling-headphones,store_001,2025-03-11 00:00:00,75.62,199.03
4k-webcam,store_001,2025-03-11 00:00:00,103.58,84.34
mechanical-keyboard,store_001,2025-03-11 00:00:00,114.15,134.57
gaming-mouse,store_001,2025-03-11 00:00:00,122.48,63.08
usb-c-hub,store_001,2025-03-11 00:00:00,177.69,37.57
portable-ssd,store_001,2025-03-11 00:00:00,89.55,93.59
smart-display,store_001,2025-03-11 00:00:00,64.71,137.26
robot-vacuum,store_001,2025-03-11 00:00:00,36.4,279.74
action-camera,store_001,2025-03-11 00:00:00,50.62,183.31
wireless-earbuds,store_001,2025-03-12 00:00:00,130.21,78.81
smart-watch,store_001,2025-03-12 00:00:00,51.59,261.76
bluetooth-speaker,store_001,2025-03-12 00:00:00,131.41,47.51
noise-cancelling-headphones,store_001,2025-03-12 00:00:00,75.84,182.58
4k-webcam,store_001,2025-03-12 00:00:00,112.38,92.15
mechanical-keyboard,store_001,2025-03-12 00:00:00,90.19,119.07
gaming-mouse,store_001,2025-03-12 00:00:00,141.16,73.41
usb-c-hub,store_001,2025-03-12 00:00:00,170.59,40.69
portable-ssd,store_001,2025-03-12 00:00:00,108.09,93.2
smart-display,store_001,2025-03-12 00:00:00,69.77,142.86
robot-vacuum,store_001,2025-03-12 00:00:00,44.57,298.82
action-camera,store_001,2025-03-12 00:00:00,47.55,189.47
wireless-earbuds,store_001,2025-03-13 00:00:00,130.86,81.39
smart-watch,store_001,2025-03-13 00:00:00,98.51,242.64
bluetooth-speaker,store_001,2025-03-13 00:00:00,147.53,53.45
noise-cancelling-headphones,store_001,2025-03-13 00:00:00,81.56,198.54
4k-webcam,store_001,2025-03-13 00:00:00,134.22,94.5
mechanical-keyboard,store_001,2025-03-13 00:00:00,91.63,117.63
gaming-mouse,store_001,2025-03-13 00:00:00,128.81,71.84
usb-c-hub,store_001,2025-03-13 00:00:00,226.92,36.1
portable-ssd,store_001,2025-03-13 00:00:00,120.41,91.66
smart-display,store_001,2025-03-13 00:00:00,63.54,137.84
robot-vacuum,store_001,2025-03-13 00:00:00,45.3,271.29
action-camera,store_001,2025-03-13 00:00:00,60.34,172.92
wireless-earbuds,store_001,2025-03-14 00:00:00,218.92,79.77
smart-watch,store_001,2025-03-14 00:00:00,70.91,246.63
bluetooth-speaker,store_001,2025-03-14 00:00:00,217.52,45.59
noise-cancelling-headphones,store_001,2025-03-14 00:00:00,94.21,182.67
4k-webcam,store_001,2025-03-14 00:00:00,134.58,85.22
mechanical-keyboard,store_001,2025-03-14 00:00:00,121.44,137.88
gaming-mouse,store_001,2025-03-14 00:00:00,165.9,65.21
usb-c-hub,store_001,2025-03-14 00:00:00,245.84,41.46
portable-ssd,store_001,2025-03-14 00:00:00,133.18,86.06
smart-display,store_001,2025-03-14 00:00:00,85.76,159.2
robot-vacuum,store_001,2025-03-14 00:00:00,54.81,273.78
action-camera,store_001,2025-03-14 00:00:00,63.44,177.0
wireless-earbuds,store_001,2025-03-15 00:00:00,213.67,85.94
smart-watch,store_001,2025-03-15 00:00:00,96.68,270.78
bluetooth-speaker,store_001,2025-03-15 00:00:00,292.96,50.76
noise-cancelling-headphones,store_001,2025-03-15 00:00:00,115.39,187.77
4k-webcam,store_001,2025-03-15 00:00:00,156.65,98.47
mechanical-keyboard,store_001,2025-03-15 00:00:00,146.8,132.4
gaming-mouse,store_001,2025-03-15 00:00:00,180.74,69.57
usb-c-hub,store_001,2025-03-15 00:00:00,364.77,40.08
portable-ssd,store_001,2025-03-15 00:00:00,162.54,82.45
smart-display,store_001,2025-03-15 00:00:00,106.34,153.07
robot-vacuum,store_001,2025-03-15 00:00:00,79.21,296.96
action-camera,store_001,2025-03-15 00:00:00,57.23,190.48
wireless-earbuds,store_001,2025-03-16 00:00:00,160.46,72.94
smart-watch,store_001,2025-03-16 00:00:00,83.48,256.64
bluetooth-speaker,store_001,2025-03-16 00:00:00,194.49,46.45
noise-cancelling-headphones,store_001,2025-03-16 00:00:00,128.02,192.79
4k-webcam,store_001,2025-03-16 00:00:00,152.69,95.82
mechanical-keyboard,store_001,2025-03-16 00:00:00,109.23,141.89
gaming-mouse,store_001,2025-03-16 00:00:00,141.61,73.29
usb-c-hub,store_001,2025-03-16 00:00:00,246.24,42.38
portable-ssd,store_001,2025-03-16 00:00:00,122.7,95.72
smart-display,store_001,2025-03-16 00:00:00,111.61,142.82
robot-vacuum,store_001,2025-03-16 00:00:00,53.35,315.73
action-camera,store_001,2025-03-16 00:00:00,73.24,178.73
wireless-earbuds,store_001,2025-03-17 00:00:00,139.26,80.87
smart-watch,store_001,2025-03-17 00:00:00,54.63,262.91
bluetooth-speaker,store_001,2025-03-17 00:00:00,188.35,52.05
noise-cancelling-headphones,store_001,2025-03-17 00:00:00,84.75,186.51
4k-webcam,store_001,2025-03-17 00:00:00,133.07,96.61
mechanical-keyboard,store_001,2025-03-17 00:00:00,106.58,126.58
gaming-mouse,store_001,2025-03-17 00:00:00,110.76,71.79
usb-c-hub,store_001,2025-03-17 00:00:00,212.7,39.15
portable-ssd,store_001,2025-03-17 00:00:00,95.65,86.08
smart-display,store_001,2025-03-17 00:00:00,77.39,152.05
robot-vacuum,store_001,2025-03-17 00:00:00,41.32,277.9
action-camera,store_001,2025-03-17 00:00:00,54.2,164.44
wireless-earbuds,store_001,2025-03-18 00:00:00,126.15,75.75
smart-watch,store_001,2025-03-18 00:00:00,57.91,273.61
bluetooth-speaker,store_001,2025-03-18 00:00:00,140.58,49.91
noise-cancelling-headphones,store_001,2025-03-18 00:00:00,81.89,200.98
4k-webcam,store_001,2025-03-18 00:00:00,95.59,95.8
mechanical-keyboard,store_001,2025-03-18 00:00:00,70.97,128.65
gaming-mouse,store_001,2025-03-18 00:00:00,143.53,66.34
usb-c-hub,store_001,2025-03-18 00:00:00,200.7,40.45
portable-ssd,store_001,2025-03-18 00:00:00,118.7,81.75
smart-display,store_001,2025-03-18 00:00:00,69.89,141.97
robot-vacuum,store_001,2025-03-18 00:00:00,45.09,289.37
action-camera,store_001,2025-03-18 00:00:00,55.02,186.12
wireless-earbuds,store_001,2025-03-19 00:00:00,173.34,82.7
smart-watch,store_001,2025-03-19 00:00:00,60.56,252.49
bluetooth-speaker,store_001,2025-03-19 00:00:00,218.33,50.82
noise-cancelling-headphones,store_001,2025-03-19 00:00:00,96.36,208.06
4k-webcam,store_001,2025-03-19 00:00:00,90.39,83.95
mechanical-keyboard,store_001,2025-03-19 00:00:00,94.07,130.93
gaming-mouse,store_001,2025-03-19 00:00:00,157.62,70.78
usb-c-hub,store_001,2025-03-19 00:00:00,178.08,37.27
portable-ssd,store_001,2025-03-19 00:00:00,112.94,86.88
smart-display,store_001,2025-03-19 00:00:00,84.19,138.57
robot-vacuum,store_001,2025-03-19 00:00:00,43.45,309.07
action-camera,store_001,2025-03-19 00:00:00,55.99,176.6
wireless-earbuds,store_001,2025-03-20 00:00:00,145.04,83.87
smart-watch,store_001,2025-03-20 00:00:00,62.19,235.0
bluetooth-speaker,store_001,2025-03-20 00:00:00,144.72,51.73
noise-cancelling-headphones,store_001,2025-03-20 00:00:00,75.38,212.7
4k-webcam,store_001,2025-03-20 00:00:00,109.73,91.19
mechanical-keyboard,store_001,2025-03-20 00:00:00,94.96,123.55
gaming-mouse,store_001,2025-03-20 00:00:00,129.43,65.52
usb-c-hub,store_001,2025-03-20 00:00:00,215.51,39.99
portable-ssd,store_001,2025-03-20 00:00:00,107.23,88.02
smart-display,store_001,2025-03-20 00:00:00,56.67,162.61
robot-vacuum,store_001,2025-03-20 00:00:00,37.34,310.01
action-camera,store_001,2025-03-20 00:00:00,53.78,164.79
wireless-earbuds,store_001,2025-03-21 00:00:00,202.69,72.79
smart-watch,store_001,2025-03-21 00:00:00,86.95,238.7
bluetooth-speaker,store_001,2025-03-21 00:00:00,247.55,54.6
noise-cancelling-headphones,store_001,2025-03-21 00:00:00,117.13,194.71
4k-webcam,store_001,2025-03-21 00:00:00,107.54,87.7
mechanical-keyboard,store_001,2025-03-21 00:00:00,94.46,133.98
gaming-mouse,store_001,2025-03-21 00:00:00,176.7,64.98
usb-c-hub,store_001,2025-03-21 00:00:00,265.09,43.45
portable-ssd,store_001,2025-03-21 00:00:00,182.2,92.45
smart-display,store_001,2025-03-21 00:00:00,78.92,158.77
robot-vacuum,store_001,2025-03-21 00:00:00,73.54,276.75
action-camera,store_001,2025-03-21 00:00:00,54.25,178.38
wireless-earbuds,store_001,2025-03-22 00:00:00,240.17,72.35
smart-watch,store_001,2025-03-22 00:00:00,74.8,228.16
bluetooth-speaker,store_001,2025-03-22 00:00:00,247.69,48.76
noise-cancelling-headphones,store_001,2025-03-22 00:00:00,119.01,197.29
4k-webcam,store_001,2025-03-22 00:00:00,155.59,97.14
mechanical-keyboard,store_001,2025-03-22 00:00:00,129.96,141.93
gaming-mouse,store_001,2025-03-22 00:00:00,196.08,65.83
usb-c-hub,store_001,2025-03-22 00:00:00,252.44,41.36
portable-ssd,store_001,2025-03-22 00:00:00,151.02,95.58
smart-display,store_001,2025-03-22 00:00:00,86.1,136.31
robot-vacuum,store_001,2025-03-22 00:00:00,48.32,312.17
action-camera,store_001,2025-03-22 00:00:00,65.4,187.75
wireless-earbuds,store_001,2025-03-23 00:00:00,191.62,77.87
smart-watch,store_001,2025-03-23 00:00:00,64.17,252.22
bluetooth-speaker,store_001,2025-03-23 00:00:00,172.71,50.4
noise-cancelling-headphones,store_001,2025-03-23 00:00:00,127.97,205.56
4k-webcam,store_001,2025-03-23 00:00:00,120.14,98.69
mechanical-keyboard,store_001,2025-03-23 00:00:00,119.93,120.83
gaming-mouse,store_001,2025-03-23 00:00:00,135.77,68.7
usb-c-hub,store_001,2025-03-23 00:00:00,173.12,36.68
portable-ssd,store_001,2025-03-23 00:00:00,117.72,92.61
smart-display,store_001,2025-03-23 00:00:00,92.38,151.17
robot-vacuum,store_001,2025-03-23 00:00:00,50.85,325.09
action-camera,store_001,2025-03-23 00:00:00,47.04,167.21
wireless-earbuds,store_001,2025-03-24 00:00:00,118.96,85.61
smart-watch,store_001,2025-03-24 00:00:00,66.34,273.85
bluetooth-speaker,store_001,2025-03-24 00:00:00,184.94,53.22
noise-cancelling-headphones,store_001,2025-03-24 00:00:00,58.52,219.61
4k-webcam,store_001,2025-03-24 00:00:00,88.59,85.58
mechanical-keyboard,store_001,2025-03-24 00:00:00,85.85,141.49
gaming-mouse,store_001,2025-03-24 00:00:00,115.1,69.84
usb-c-hub,store_001,2025-03-24 00:00:00,161.01,42.68
portable-ssd,store_001,2025-03-24 00:00:00,79.74,95.74
smart-display,store_001,2025-03-24 00:00:00,84.45,145.52
robot-vacuum,store_001,2025-03-24 00:00:00,38.41,308.42
action-camera,store_001,2025-03-24 00:00:00,58.54,192.03
wireless-earbuds,store_001,2025-03-25 00:00:00,151.87,84.69
smart-watch,store_001,2025-03-25 00:00:00,52.94,230.38
bluetooth-speaker,store_001,2025-03-25 00:00:00,151.17,47.41
noise-cancelling-headphones,store_001,2025-03-25 00:00:00,80.54,213.0
4k-webcam,store_001,2025-03-25 00:00:00,87.66,81.41
mechanical-keyboard,store_001,2025-03-25 00:00:00,91.92,120.14
gaming-mouse,store_001,2025-03-25 00:00:00,136.97,66.54
usb-c-hub,store_001,2025-03-25 00:00:00,194.41,39.37
portable-ssd,store_001,2025-03-25 00:00:00,83.59,86.39
smart-display,store_001,2025-03-25 00:00:00,70.33,141.24
robot-vacuum,store_001,2025-03-25 00:00:00,34.7,306.88
action-camera,store_001,2025-03-25 00:00:00,57.62,179.68
wireless-earbuds,store_001,2025-03-26 00:00:00,177.11,83.2
smart-watch,store_001,2025-03-26 00:00:00,59.43,244.18
bluetooth-speaker,store_001,2025-03-26 00:00:00,166.05,51.19
noise-cancelling-headphones,store_001,2025-03-26 00:00:00,87.43,218.84
4k-webcam,store_001,2025-03-26 00:00:00,118.19,89.76
mechanical-keyboard,store_001,2025-03-26 00:00:00,88.51,129.34
gaming-mouse,store_001,2025-03-26 00:00:00,119.65,73.01
usb-c-hub,store_001,2025-03-26 00:00:00,182.83,39.63
portable-ssd,store_001,2025-03-26 00:00:00,95.95,81.61
smart-display,store_001,2025-03-26 00:00:00,66.99,158.3
robot-vacuum,store_001,2025-03-26 00:00:00,48.74,270.61
action-camera,store_001,2025-03-26 00:00:00,55.84,193.05
wireless-earbuds,store_001,2025-03-27 00:00:00,165.59,80.02
smart-watch,store_001,2025-03-27 00:00:00,48.47,259.85
bluetooth-speaker,store_001,2025-03-27 00:00:00,147.96,45.48
noise-cancelling-headphones,store_001,2025-03-27 00:00:00,105.31,207.92
4k-webcam,store_001,2025-03-27 00:00:00,91.02,83.92
mechanical-keyboard,store_001,2025-03-27 00:00:00,107.59,125.61
gaming-mouse,store_001,2025-03-27 00:00:00,136.88,65.78
usb-c-hub,store_001,2025-03-27 00:00:00,224.4,36.04
portable-ssd,store_001,2025-03-27 00:00:00,107.0,94.89
smart-display,store_001,2025-03-27 00:00:00,64.27,140.47
robot-vacuum,store_001,2025-03-27 00:00:00,40.51,283.71
action-camera,store_001,2025-03-27 00:00:00,68.73,187.22
wireless-earbuds,store_001,2025-03-28 00:00:00,211.75,83.84
smart-watch,store_001,2025-03-28 00:00:00,71.29,253.13
bluetooth-speaker,store_001,2025-03-28 00:00:00,200.95,45.2
noise-cancelling-headphones,store_001,2025-03-28 00:00:00,114.78,207.74
4k-webcam,store_001,2025-03-28 00:00:00,138.4,86.01
mechanical-keyboard,store_001,2025-03-28 00:00:00,116.94,127.97
gaming-mouse,store_001,2025-03-28 00:00:00,167.15,68.0
usb-c-hub,store_001,2025-03-28 00:00:00,275.17,43.34
portable-ssd,store_001,2025-03-28 00:00:00,176.89,83.91
smart-display,store_001,2025-03-28 00:00:00,77.59,154.93
robot-vacuum,store_001,2025-03-28 00:00:00,37.16,285.77
action-camera,store_001,2025-03-28 00:00:00,88.16,190.43
wireless-earbuds,store_001,2025-03-29 00:00:00,213.05,75.71
smart-watch,store_001,2025-03-29 00:00:00,104.81,231.65
bluetooth-speaker,store_001,2025-03-29 00:00:00,276.15,52.87
noise-cancelling-headphones,store_001,2025-03-29 00:00:00,127.61,206.63
4k-webcam,store_001,2025-03-29 00:00:00,142.1,83.46
mechanical-keyboard,store_001,2025-03-29 00:00:00,122.34,139.36
gaming-mouse,store_001,2025-03-29 00:00:00,189.77,69.69
usb-c-hub,store_001,2025-03-29 00:00:00,283.76,39.09
portable-ssd,store_001,2025-03-29 00:00:00,125.8,83.62
smart-display,store_001,2025-03-29 00:00:00,94.77,150.29
robot-vacuum,store_001,2025-03-29 00:00:00,65.47,329.23
action-camera,store_001,2025-03-29 00:00:00,74.29,170.88
wireless-earbuds,store_001,2025-03-30 00:00:00,187.33,75.6
smart-watch,store_001,2025-03-30 00:00:00,62.6,227.97
bluetooth-speaker,store_001,2025-03-30 00:00:00,165.6,45.27
noise-cancelling-headphones,store_001,2025-03-30 00:00:00,113.03,217.22
4k-webcam,store_001,2025-03-30 00:00:00,111.36,94.46
mechanical-keyboard,store_001,2025-03-30 00:00:00,140.97,132.98
gaming-mouse,store_001,2025-03-30 00:00:00,167.89,73.57
usb-c-hub,store_001,2025-03-30 00:00:00,202.28,40.78
portable-ssd,store_001,2025-03-30 00:00:00,126.68,81.55
smart-display,store_001,2025-03-30 00:00:00,114.29,137.54
robot-vacuum,store_001,2025-03-30 00:00:00,57.57,292.16
action-camera,store_001,2025-03-30 00:00:00,67.3,178.71
wireless-earbuds,store_001,2025-03-31 00:00:00,159.75,80.55
smart-watch,store_001,2025-03-31 00:00:00,46.58,240.4
bluetooth-speaker,store_001,2025-03-31 00:00:00,202.77,53.7
noise-cancelling-headphones,store_001,2025-03-31 00:00:00,75.67,207.8
4k-webcam,store_001,2025-03-31 00:00:00,118.17,91.32
mechanical-keyboard,store_001,2025-03-31 00:00:00,85.65,119.36
gaming-mouse,store_001,2025-03-31 00:00:00,111.82,71.83
usb-c-hub,store_001,2025-03-31 00:00:00,204.98,38.14
portable-ssd,store_001,2025-03-31 00:00:00,100.18,86.63
smart-display,store_001,2025-03-31 00:00:00,68.48,162.21
robot-vacuum,store_001,2025-03-31 00:00:00,40.71,319.53
action-camera,store_001,2025-03-31 00:00:00,50.75,176.81
wireless-earbuds,store_001,2025-04-01 00:00:00,127.02,84.28
smart-watch,store_001,2025-04-01 00:00:00,58.86,231.95
bluetooth-speaker,store_001,2025-04-01 00:00:00,160.5,48.61
noise-cancelling-headphones,store_001,2025-04-01 00:00:00,69.42,192.84
4k-webcam,store_001,2025-04-01 00:00:00,112.26,94.03
mechanical-keyboard,store_001,2025-04-01 00:00:00,68.22,133.59
gaming-mouse,store_001,2025-04-01 00:00:00,117.55,65.55
usb-c-hub,store_001,2025-04-01 00:00:00,213.77,39.97
portable-ssd,store_001,2025-04-01 00:00:00,100.85,91.22
smart-display,store_001,2025-04-01 00:00:00,72.34,139.38
robot-vacuum,store_001,2025-04-01 00:00:00,34.64,318.78
action-camera,store_001,2025-04-01 00:00:00,42.88,162.11
wireless-earbuds,store_001,2025-04-02 00:00:00,151.19,79.27
smart-watch,store_001,2025-04-02 00:00:00,72.68,254.17
bluetooth-speaker,store_001,2025-04-02 00:00:00,191.77,45.5
noise-cancelling-headphones,store_001,2025-04-02 00:00:00,102.62,219.26
4k-webcam,store_001,2025-04-02 00:00:00,103.01,83.14
mechanical-keyboard,store_001,2025-04-02 00:00:00,96.28,126.38
gaming-mouse,store_001,2025-04-02 00:00:00,126.44,66.87
usb-c-hub,store_001,2025-04-02 00:00:00,196.61,38.14
portable-ssd,store_001,2025-04-02 00:00:00,110.35,84.68
smart-display,store_001,2025-04-02 00:00:00,48.78,151.99
robot-vacuum,store_001,2025-04-02 00:00:00,50.21,286.62
action-camera,store_001,2025-04-02 00:00:00,57.95,170.29
wireless-earbuds,store_001,2025-04-03 00:00:00,146.73,80.83
smart-watch,store_001,2025-04-03 00:00:00,56.44,232.58
bluetooth-speaker,store_001,2025-04-03 00:00:00,187.12,53.05
noise-cancelling-headphones,store_001,2025-04-03 00:00:00,83.8,188.12
4k-webcam,store_001,2025-04-03 00:00:00,101.11,94.32
mechanical-keyboard,store_001,2025-04-03 00:00:00,75.16,124.0
gaming-mouse,store_001,2025-04-03 00:00:00,125.12,66.08
usb-c-hub,store_001,2025-04-03 00:00:00,221.24,37.32
portable-ssd,store_001,2025-04-03 00:00:00,128.55,85.29
smart-display,store_001,2025-04-03 00:00:00,85.35,152.38
robot-vacuum,store_001,2025-04-03 00:00:00,46.98,276.01
action-camera,store_001,2025-04-03 00:00:00,60.57,187.64
wireless-earbuds,store_001,2025-04-04 00:00:00,160.5,81.83
smart-watch,store_001,2025-04-04 00:00:00,90.03,252.05
bluetooth-speaker,store_001,2025-04-04 00:00:00,230.98,52.89
noise-cancelling-headphones,store_001,2025-04-04 00:00:00,139.72,192.87
4k-webcam,store_001,2025-04-04 00:00:00,113.41,91.91
mechanical-keyboard,store_001,2025-04-04 00:00:00,129.29,135.28
gaming-mouse,store_001,2025-04-04 00:00:00,150.13,74.02
usb-c-hub,store_001,2025-04-04 00:00:00,249.77,38.5
portable-ssd,store_001,2025-04-04 00:00:00,134.16,85.15
smart-display,store_001,2025-04-04 00:00:00,95.59,149.08
robot-vacuum,store_001,2025-04-04 00:00:00,80.13,311.84
action-camera,store_001,2025-04-04 00:00:00,76.76,190.79
wireless-earbuds,store_001,2025-04-05 00:00:00,196.37,79.85
smart-watch,store_001,2025-04-05 00:00:00,91.65,270.45
bluetooth-speaker,store_001,2025-04-05 00:00:00,295.57,48.66
noise-cancelling-headphones,store_001,2025-04-05 00:00:00,116.05,199.13
4k-webcam,store_001,2025-04-05 00:00:00,172.13,91.77
mechanical-keyboard,store_001,2025-04-05 00:00:00,155.18,138.98
gaming-mouse,store_001,2025-04-05 00:00:00,198.24,64.25
usb-c-hub,store_001,2025-04-05 00:00:00,260.99,36.73
portable-ssd,store_001,2025-04-05 00:00:00,162.36,97.77
smart-display,store_001,2025-04-05 00:00:00,98.41,143.78
robot-vacuum,store_001,2025-04-05 00:00:00,63.26,283.74
action-camera,store_001,2025-04-05 00:00:00,76.26,180.73
wireless-earbuds,store_001,2025-04-06 00:00:00,202.64,82.46
smart-watch,store_001,2025-04-06 00:00:00,78.47,272.68
bluetooth-speaker,store_001,2025-04-06 00:00:00,243.14,54.41
noise-cancelling-headphones,store_001,2025-04-06 00:00:00,97.14,189.44
4k-webcam,store_001,2025-04-06 00:00:00,138.06,82.2
mechanical-keyboard,store_001,2025-04-06 00:00:00,121.11,138.24
gaming-mouse,store_001,2025-04-06 00:00:00,171.45,73.64
usb-c-hub,store_001,2025-04-06 00:00:00,257.16,37.21
portable-ssd,store_001,2025-04-06 00:00:00,159.09,96.39
smart-display,store_001,2025-04-06 00:00:00,81.35,150.39
robot-vacuum,store_001,2025-04-06 00:00:00,71.27,278.09
action-camera,store_001,2025-04-06 00:00:00,77.87,167.6
wireless-earbuds,store_001,2025-04-07 00:00:00,155.16,81.17
smart-watch,store_001,2025-04-07 00:00:00,75.23,237.28
bluetooth-speaker,store_001,2025-04-07 00:00:00,191.68,51.39
noise-cancelling-headphones,store_001,2025-04-07 00:00:00,83.81,182.67
4k-webcam,store_001,2025-04-07 00:00:00,109.2,95.37
mechanical-keyboard,store_001,2025-04-07 00:00:00,90.77,127.26
gaming-mouse,store_001,2025-04-07 00:00:00,112.71,76.46
usb-c-hub,store_001,2025-04-07 00:00:00,174.37,38.82
portable-ssd,store_001,2025-04-07 00:00:00,83.71,94.52
smart-display,store_001,2025-04-07 00:00:00,60.74,147.22
robot-vacuum,store_001,2025-04-07 00:00:00,35.85,282.4
action-camera,store_001,2025-04-07 00:00:00,53.1,175.22
wireless-earbuds,store_001,2025-04-08 00:00:00,130.8,78.01
smart-watch,store_001,2025-04-08 00:00:00,68.5,240.72
bluetooth-speaker,store_001,2025-04-08 00:00:00,171.11,51.37
noise-cancelling-headphones,store_001,2025-04-08 00:00:00,86.57,214.6
4k-webcam,store_001,2025-04-08 00:00:00,104.49,86.43
mechanical-keyboard,store_001,2025-04-08 00:00:00,75.1,117.42
gaming-mouse,store_001,2025-04-08 00:00:00,123.77,69.52
usb-c-hub,store_001,2025-04-08 00:00:00,211.72,43.05
portable-ssd,store_001,2025-04-08 00:00:00,93.74,98.05
smart-display,store_001,2025-04-08 00:00:00,61.78,162.67
robot-vacuum,store_001,2025-04-08 00:00:00,41.77,293.18
action-camera,store_001,2025-04-08 00:00:00,51.59,177.59
wireless-earbuds,store_001,2025-04-09 00:00:00,138.15,79.62
smart-watch,store_001,2025-04-09 00:00:00,55.66,268.42
bluetooth-speaker,store_001,2025-04-09 00:00:00,178.57,54.21
noise-cancelling-headphones,store_001,2025-04-09 00:00:00,96.72,219.67
4k-webcam,store_001,2025-04-09 00:00:00,134.91,81.44
mechanical-keyboard,store_001,2025-04-09 00:00:00,121.35,130.54
gaming-mouse,store_001,2025-04-09 00:00:00,144.03,69.43
usb-c-hub,store_001,2025-04-09 00:00:00,208.98,38.27
portable-ssd,store_001,2025-04-09 00:00:00,135.04,88.88
smart-display,store_001,2025-04-09 00:00:00,77.14,157.9
robot-vacuum,store_001,2025-04-09 00:00:00,54.33,303.97
action-camera,store_001,2025-04-09 00:00:00,65.79,196.84
wireless-earbuds,store_001,2025-04-10 00:00:00,172.83,79.03
smart-watch,store_001,2025-04-10 00:00:00,62.77,238.35
bluetooth-speaker,store_001,2025-04-10 00:00:00,252.77,48.83
noise-cancelling-headphones,store_001,2025-04-10 00:00:00,116.64,181.67
4k-webcam,store_001,2025-04-10 00:00:00,117.28,91.24
mechanical-keyboard,store_001,2025-04-10 00:00:00,137.65,138.46
gaming-mouse,store_001,2025-04-10 00:00:00,165.03,75.81
usb-c-hub,store_001,2025-04-10 00:00:00,274.89,36.52
portable-ssd,store_001,2025-04-10 00:00:00,124.23,82.18
smart-display,store_001,2025-04-10 00:00:00,72.66,164.42
robot-vacuum,store_001,2025-04-10 00:00:00,61.05,297.57
action-camera,store_001,2025-04-10 00:00:00,52.73,184.19
wireless-earbuds,store_001,2025-04-11 00:00:00,219.28,76.12
smart-watch,store_001,2025-04-11 00:00:00,80.26,269.45
bluetooth-speaker,store_001,2025-04-11 00:00:00,245.02,50.26
noise-cancelling-headphones,store_001,2025-04-11 00:00:00,99.98,213.4
4k-webcam,store_001,2025-04-11 00:00:00,118.04,95.0
mechanical-keyboard,store_001,2025-04-11 00:00:00,121.73,138.18
gaming-mouse,store_001,2025-04-11 00:00:00,146.1,67.2
usb-c-hub,store_001,2025-04-11 00:00:00,254.02,43.92
portable-ssd,store_001,2025-04-11 00:00:00,153.55,85.63
smart-display,store_001,2025-04-11 00:00:00,92.91,151.64
robot-vacuum,store_001,2025-04-11 00:00:00,57.84,297.85
action-camera,store_001,2025-04-11 00:00:00,73.87,165.54
wireless-earbuds,store_001,2025-04-12 00:00:00,180.72,78.7
smart-watch,store_001,2025-04-12 00:00:00,91.51,229.05
bluetooth-speaker,store_001,2025-04-12 00:00:00,259.63,45.65
noise-cancelling-headphones,store_001,2025-04-12 00:00:00,144.95,215.56
4k-webcam,store_001,2025-04-12 00:00:00,138.01,89.51
mechanical-keyboard,store_001,2025-04-12 00:00:00,166.2,141.37
gaming-mouse,store_001,2025-04-12 00:00:00,188.26,69.88
usb-c-hub,store_001,2025-04-12 00:00:00,283.24,40.7
portable-ssd,store_001,2025-04-12 00:00:00,129.96,91.98
smart-display,store_001,2025-04-12 00:00:00,124.31,139.77
robot-vacuum,store_001,2025-04-12 00:00:00,67.85,274.92
action-camera,store_001,2025-04-12 00:00:00,84.01,162.3
wireless-earbuds,store_001,2025-04-13 00:00:00,176.06,87.51
smart-watch,store_001,2025-04-13 00:00:00,72.89,257.39
bluetooth-speaker,store_001,2025-04-13 00:00:00,250.69,46.33
noise-cancelling-headphones,store_001,2025-04-13 00:00:00,99.64,194.66
4k-webcam,store_001,2025-04-13 00:00:00,133.92,91.29
mechanical-keyboard,store_001,2025-04-13 00:00:00,106.86,140.2
gaming-mouse,store_001,2025-04-13 00:00:00,163.28,76.82
usb-c-hub,store_001,2025-04-13 00:00:00,261.29,42.56
portable-ssd,store_001,2025-04-13 00:00:00,142.92,98.87
smart-display,store_001,2025-04-13 00:00:00,104.73,152.79
robot-vacuum,store_001,2025-04-13 00:00:00,48.56,287.06
action-camera,store_001,2025-04-13 00:00:00,70.07,183.81
wireless-earbuds,store_001,2025-04-14 00:00:00,138.5,73.53
smart-watch,store_001,2025-04-14 00:00:00,71.53,259.44
bluetooth-speaker,store_001,2025-04-14 00:00:00,215.32,51.94
noise-cancelling-headphones,store_001,2025-04-14 00:00:00,83.95,194.34
4k-webcam,store_001,2025-04-14 00:00:00,95.49,88.21
mechanical-keyboard,store_001,2025-04-14 00:00:00,89.19,123.1
gaming-mouse,store_001,2025-04-14 00:00:00,149.2,66.36
usb-c-hub,store_001,2025-04-14 00:00:00,213.15,37.23
portable-ssd,store_001,2025-04-14 00:00:00,129.63,82.93
smart-display,store_001,2025-04-14 00:00:00,76.56,139.47
robot-vacuum,store_001,2025-04-14 00:00:00,51.59,304.75
action-camera,store_001,2025-04-14 00:00:00,57.75,177.66
wireless-earbuds,store_001,2025-04-15 00:00:00,140.96,80.82
smart-watch,store_001,2025-04-15 00:00:00,64.75,271.86
bluetooth-speaker,store_001,2025-04-15 00:00:00,193.09,46.56
noise-cancelling-headphones,store_001,2025-04-15 00:00:00,96.91,182.63
4k-webcam,store_001,2025-04-15 00:00:00,134.82,84.35
mechanical-keyboard,store_001,2025-04-15 00:00:00,94.35,134.11
gaming-mouse,store_001,2025-04-15 00:00:00,108.46,64.85
usb-c-hub,store_001,2025-04-15 00:00:00,218.59,43.72
portable-ssd,store_001,2025-04-15 00:00:00,82.94,91.19
smart-display,store_001,2025-04-15 00:00:00,66.89,135.21
robot-vacuum,store_001,2025-04-15 00:00:00,46.11,299.2
action-camera,store_001,2025-04-15 00:00:00,33.36,167.32
wireless-earbuds,store_001,2025-04-16 00:00:00,162.06,87.3
smart-watch,store_001,2025-04-16 00:00:00,57.35,261.03
bluetooth-speaker,store_001,2025-04-16 00:00:00,153.96,52.1
noise-cancelling-headphones,store_001,2025-04-16 00:00:00,94.2,194.91
4k-webcam,store_001,2025-04-16 00:00:00,125.26,90.01
mechanical-keyboard,store_001,2025-04-16 00:00:00,107.8,125.64
gaming-mouse,store_001,2025-04-16 00:00:00,124.21,70.42
usb-c-hub,store_001,2025-04-16 00:00:00,164.87,43.94
portable-ssd,store_001,2025-04-16 00:00:00,99.54,98.09
smart-display,store_001,2025-04-16 00:00:00,62.87,148.64
robot-vacuum,store_001,2025-04-16 00:00:00,46.4,315.34
action-camera,store_001,2025-04-16 00:00:00,54.71,173.96
wireless-earbuds,store_001,2025-04-17 00:00:00,132.86,79.58
smart-watch,store_001,2025-04-17 00:00:00,70.92,271.44
bluetooth-speaker,store_001,2025-04-17 00:00:00,245.11,48.14
noise-cancelling-headphones,store_001,2025-04-17 00:00:00,86.53,197.96
4k-webcam,store_001,2025-04-17 00:00:00,128.69,85.12
mechanical-keyboard,store_001,2025-04-17 00:00:00,115.28,123.6
gaming-mouse,store_001,2025-04-17 00:00:00,158.46,76.32
usb-c-hub,store_001,2025-04-17 00:00:00,262.44,39.17
portable-ssd,store_001,2025-04-17 00:00:00,81.1,85.92
smart-display,store_001,2025-04-17 00:00:00,83.87,151.39
robot-vacuum,store_001,2025-04-17 00:00:00,40.66,317.67
action-camera,store_001,2025-04-17 00:00:00,64.83,173.01
wireless-earbuds,store_001,2025-04-18 00:00:00,174.13,75.41
smart-watch,store_001,2025-04-18 00:00:00,80.57,239.37
bluetooth-speaker,store_001,2025-04-18 00:00:00,237.79,50.6
noise-cancelling-headphones,store_001,2025-04-18 00:00:00,127.88,201.79
4k-webcam,store_001,2025-04-18 00:00:00,173.06,92.63
mechanical-keyboard,store_001,2025-04-18 00:00:00,139.53,117.53
gaming-mouse,store_001,2025-04-18 00:00:00,212.89,72.19
usb-c-hub,store_001,2025-04-18 00:00:00,304.03,39.31
portable-ssd,store_001,2025-04-18 00:00:00,164.36,82.75
smart-display,store_001,2025-04-18 00:00:00,83.92,144.28
robot-vacuum,store_001,2025-04-18 00:00:00,57.36,328.96
action-camera,store_001,2025-04-18 00:00:00,67.16,192.7
wireless-earbuds,store_001,2025-04-19 00:00:00,223.21,84.7
smart-watch,store_001,2025-04-19 00:00:00,84.74,273.25
bluetooth-speaker,store_001,2025-04-19 00:00:00,318.74,52.65
noise-cancelling-headphones,store_001,2025-04-19 00:00:00,130.48,198.6
4k-webcam,store_001,2025-04-19 00:00:00,194.07,82.49
mechanical-keyboard,store_001,2025-04-19 00:00:00,150.6,126.17
gaming-mouse,store_001,2025-04-19 00:00:00,166.82,73.14
usb-c-hub,store_001,2025-04-19 00:00:00,288.66,40.95
portable-ssd,store_001,2025-04-19 00:00:00,170.22,83.91
smart-display,store_001,2025-04-19 00:00:00,103.9,150.65
robot-vacuum,store_001,2025-04-19 00:00:00,58.98,315.43
action-camera,store_001,2025-04-19 00:00:00,78.59,174.24
wireless-earbuds,store_001,2025-04-20 00:00:00,174.68,80.19
smart-watch,store_001,2025-04-20 00:00:00,86.71,235.61
bluetooth-speaker,store_001,2025-04-20 00:00:00,238.87,52.47
noise-cancelling-headphones,store_001,2025-04-20 00:00:00,141.38,219.71
4k-webcam,store_001,2025-04-20 00:00:00,136.7,89.89
mechanical-keyboard,store_001,2025-04-20 00:00:00,139.29,127.06
gaming-mouse,store_001,2025-04-20 00:00:00,178.06,69.33
usb-c-hub,store_001,2025-04-20 00:00:00,272.25,38.83
portable-ssd,store_001,2025-04-20 00:00:00,172.07,88.47
smart-display,store_001,2025-04-20 00:00:00,84.35,164.08
robot-vacuum,store_001,2025-04-20 00:00:00,57.17,305.67
action-camera,store_001,2025-04-20 00:00:00,68.98,166.18
wireless-earbuds,store_001,2025-04-21 00:00:00,145.92,83.6
smart-watch,store_001,2025-04-21 00:00:00,72.35,256.24
bluetooth-speaker,store_001,2025-04-21 00:00:00,233.48,48.11
noise-cancelling-headphones,store_001,2025-04-21 00:00:00,85.11,191.73
4k-webcam,store_001,2025-04-21 00:00:00,120.01,98.34
mechanical-keyboard,store_001,2025-04-21 00:00:00,100.98,123.71
gaming-mouse,store_001,2025-04-21 00:00:00,130.34,68.76
usb-c-hub,store_001,2025-04-21 00:00:00,232.53,40.24
portable-ssd,store_001,2025-04-21 00:00:00,121.96,81.4
smart-display,store_001,2025-04-21 00:00:00,67.75,144.82
robot-vacuum,store_001,2025-04-21 00:00:00,39.64,306.16
action-camera,store_001,2025-04-21 00:00:00,40.0,175.04
wireless-earbuds,store_001,2025-04-22 00:00:00,155.82,86.2
smart-watch,store_001,2025-04-22 00:00:00,67.0,235.61
bluetooth-speaker,store_001,2025-04-22 00:00:00,186.38,53.4
noise-cancelling-headphones,store_001,2025-04-22 00:00:00,74.48,201.64
4k-webcam,store_001,2025-04-22 00:00:00,119.72,91.38
mechanical-keyboard,store_001,2025-04-22 00:00:00,73.23,124.72
gaming-mouse,store_001,2025-04-22 00:00:00,104.52,73.52
usb-c-hub,store_001,2025-04-22 00:00:00,203.86,43.34
portable-ssd,store_001,2025-04-22 00:00:00,89.68,81.93
smart-display,store_001,2025-04-22 00:00:00,79.58,163.46
robot-vacuum,store_001,2025-04-22 00:00:00,41.51,298.14
action-camera,store_001,2025-04-22 00:00:00,52.91,181.5
wireless-earbuds,store_001,2025-04-23 00:00:00,153.61,84.7
smart-watch,store_001,2025-04-23 00:00:00,84.79,233.41
bluetooth-speaker,store_001,2025-04-23 00:00:00,164.67,51.3
noise-cancelling-headphones,store_001,2025-04-23 00:00:00,88.75,188.73
4k-webcam,store_001,2025-04-23 00:00:00,106.69,96.54
mechanical-keyboard,store_001,2025-04-23 00:00:00,95.89,142.72
gaming-mouse,store_001,2025-04-23 00:00:00,169.45,74.11
usb-c-hub,store_001,2025-04-23 00:00:00,206.61,37.49
portable-ssd,store_001,2025-04-23 00:00:00,116.01,92.99
smart-display,store_001,2025-04-23 00:00:00,79.86,150.82
robot-vacuum,store_001,2025-04-23 00:00:00,44.8,324.63
action-camera,store_001,2025-04-23 00:00:00,68.71,170.96
wireless-earbuds,store_001,2025-04-24 00:00:00,176.1,82.36
smart-watch,store_001,2025-04-24 00:00:00,67.94,273.88
bluetooth-speaker,store_001,2025-04-24 00:00:00,203.37,46.27
noise-cancelling-headphones,store_001,2025-04-24 00:00:00,108.58,205.62
4k-webcam,store_001,2025-04-24 00:00:00,153.69,81.71
mechanical-keyboard,store_001,2025-04-24 00:00:00,110.53,136.36
gaming-mouse,store_001,2025-04-24 00:00:00,157.21,66.04
usb-c-hub,store_001,2025-04-24 00:00:00,171.29,40.59
portable-ssd,store_001,2025-04-24 00:00:00,100.45,81.24
smart-display,store_001,2025-04-24 00:00:00,73.4,141.18
robot-vacuum,store_001,2025-04-24 00:00:00,54.64,322.12
action-camera,store_001,2025-04-24 00:00:00,75.48,176.79
wireless-earbuds,store_001,2025-04-25 00:00:00,184.85,75.22
smart-watch,store_001,2025-04-25 00:00:00,71.39,235.33
bluetooth-speaker,store_001,2025-04-25 00:00:00,199.25,51.61
noise-cancelling-headphones,store_001,2025-04-25 00:00:00,141.94,217.95
4k-webcam,store_001,2025-04-25 00:00:00,142.53,83.85
mechanical-keyboard,store_001,2025-04-25 00:00:00,129.6,138.67
gaming-mouse,store_001,2025-04-25 00:00:00,192.05,64.54
usb-c-hub,store_001,2025-04-25 00:00:00,248.63,38.26
portable-ssd,store_001,2025-04-25 00:00:00,160.84,94.72
smart-display,store_001,2025-04-25 00:00:00,125.85,148.62
robot-vacuum,store_001,2025-04-25 00:00:00,64.74,321.82
action-camera,store_001,2025-04-25 00:00:00,77.39,196.68
wireless-earbuds,store_001,2025-04-26 00:00:00,219.58,74.13
smart-watch,store_001,2025-04-26 00:00:00,101.17,257.25
bluetooth-speaker,store_001,2025-04-26 00:00:00,199.62,51.41
noise-cancelling-headphones,store_001,2025-04-26 00:00:00,170.87,190.7
4k-webcam,store_001,2025-04-26 00:00:00,169.35,96.51
mechanical-keyboard,store_001,2025-04-26 00:00:00,153.69,125.06
gaming-mouse,store_001,2025-04-26 00:00:00,173.32,64.49
usb-c-hub,store_001,2025-04-26 00:00:00,286.93,38.01
portable-ssd,store_001,2025-04-26 00:00:00,147.57,96.39
smart-display,store_001,2025-04-26 00:00:00,136.57,162.72
robot-vacuum,store_001,2025-04-26 00:00:00,71.14,270.19
action-camera,store_001,2025-04-26 00:00:00,69.96,173.78
wireless-earbuds,store_001,2025-04-27 00:00:00,181.09,72.01
smart-watch,store_001,2025-04-27 00:00:00,75.79,230.41
bluetooth-speaker,store_001,2025-04-27 00:00:00,235.65,53.04
noise-cancelling-headphones,store_001,2025-04-27 00:00:00,133.54,205.14
4k-webcam,store_001,2025-04-27 00:00:00,124.23,87.41
mechanical-keyboard,store_001,2025-04-27 00:00:00,95.64,133.23
gaming-mouse,store_001,2025-04-27 00:00:00,175.25,67.99
usb-c-hub,store_001,2025-04-27 00:00:00,237.27,40.25
portable-ssd,store_001,2025-04-27 00:00:00,121.44,93.4
smart-display,store_001,2025-04-27 00:00:00,101.94,161.87
robot-vacuum,store_001,2025-04-27 00:00:00,65.75,294.73
action-camera,store_001,2025-04-27 00:00:00,82.39,164.6
wireless-earbuds,store_001,2025-04-28 00:00:00,131.46,74.16
smart-watch,store_001,2025-04-28 00:00:00,43.12,235.91
bluetooth-speaker,store_001,2025-04-28 00:00:00,184.4,49.08
noise-cancelling-headphones,store_001,2025-04-28 00:00:00,83.86,205.71
4k-webcam,store_001,2025-04-28 00:00:00,147.75,97.61
mechanical-keyboard,store_001,2025-04-28 00:00:00,80.88,119.42
gaming-mouse,store_001,2025-04-28 00:00:00,128.39,76.12
usb-c-hub,store_001,2025-04-28 00:00:00,254.02,39.8
portable-ssd,store_001,2025-04-28 00:00:00,102.23,94.11
smart-display,store_001,2025-04-28 00:00:00,71.3,149.68
robot-vacuum,store_001,2025-04-28 00:00:00,52.35,276.0
action-camera,store_001,2025-04-28 00:00:00,56.52,170.25
wireless-earbuds,store_001,2025-04-29 00:00:00,136.34,86.94
smart-watch,store_001,2025-04-29 00:00:00,57.64,252.8
bluetooth-speaker,store_001,2025-04-29 00:00:00,175.53,50.71
noise-cancelling-headphones,store_001,2025-04-29 00:00:00,94.12,187.69
4k-webcam,store_001,2025-04-29 00:00:00,122.15,84.22
mechanical-keyboard,store_001,2025-04-29 00:00:00,80.16,122.13
gaming-mouse,store_001,2025-04-29 00:00:00,127.18,71.65
usb-c-hub,store_001,2025-04-29 00:00:00,223.19,41.8
portable-ssd,store_001,2025-04-29 00:00:00,95.81,94.69
smart-display,store_001,2025-04-29 00:00:00,56.77,147.94
robot-vacuum,store_001,2025-04-29 00:00:00,43.04,292.68
action-camera,store_001,2025-04-29 00:00:00,45.37,163.26
wireless-earbuds,store_001,2025-04-30 00:00:00,179.8,73.35
smart-watch,store_001,2025-04-30 00:00:00,88.26,228.65
bluetooth-speaker,store_001,2025-04-30 00:00:00,169.87,46.65
noise-cancelling-headphones,store_001,2025-04-30 00:00:00,95.77,208.54
4k-webcam,store_001,2025-04-30 00:00:00,124.09,91.64
mechanical-keyboard,store_001,2025-04-30 00:00:00,85.89,132.22
gaming-mouse,store_001,2025-04-30 00:00:00,125.68,71.31
usb-c-hub,store_001,2025-04-30 00:00:00,238.63,37.72
portable-ssd,store_001,2025-04-30 00:00:00,100.63,89.0
smart-display,store_001,2025-04-30 00:00:00,82.06,153.18
robot-vacuum,store_001,2025-04-30 00:00:00,55.29,281.77
action-camera,store_001,2025-04-30 00:00:00,57.18,189.8
wireless-earbuds,store_001,2025-05-01 00:00:00,158.19,84.74
smart-watch,store_001,2025-05-01 00:00:00,78.77,227.68
bluetooth-speaker,store_001,2025-05-01 00:00:00,192.99,50.59
noise-cancelling-headphones,store_001,2025-05-01 00:00:00,86.46,205.98
4k-webcam,store_001,2025-05-01 00:00:00,132.83,84.23
mechanical-keyboard,store_001,2025-05-01 00:00:00,80.62,137.76
gaming-mouse,store_001,2025-05-01 00:00:00,141.37,70.6
usb-c-hub,store_001,2025-05-01 00:00:00,263.5,40.3
portable-ssd,store_001,2025-05-01 00:00:00,149.52,85.69
smart-display,store_001,2025-05-01 00:00:00,86.96,159.83
robot-vacuum,store_001,2025-05-01 00:00:00,55.62,278.37
action-camera,store_001,2025-05-01 00:00:00,62.86,187.15
wireless-earbuds,store_001,2025-05-02 00:00:00,219.88,78.74
smart-watch,store_001,2025-05-02 00:00:00,88.64,229.0
bluetooth-speaker,store_001,2025-05-02 00:00:00,248.04,54.92
noise-cancelling-headphones,store_001,2025-05-02 00:00:00,107.85,181.32
4k-webcam,store_001,2025-05-02 00:00:00,155.05,81.43
mechanical-keyboard,store_001,2025-05-02 00:00:00,126.6,117.78
gaming-mouse,store_001,2025-05-02 00:00:00,157.58,71.19
usb-c-hub,store_001,2025-05-02 00:00:00,362.96,37.51
portable-ssd,store_001,2025-05-02 00:00:00,147.74,90.69
smart-display,store_001,2025-05-02 00:00:00,100.17,158.61
robot-vacuum,store_001,2025-05-02 00:00:00,60.91,329.29
action-camera,store_001,2025-05-02 00:00:00,67.67,186.19
wireless-earbuds,store_001,2025-05-03 00:00:00,242.49,76.66
smart-watch,store_001,2025-05-03 00:00:00,88.3,252.28
bluetooth-speaker,store_001,2025-05-03 00:00:00,305.11,47.86
noise-cancelling-headphones,store_001,2025-05-03 00:00:00,149.33,210.71
4k-webcam,store_001,2025-05-03 00:00:00,200.2,92.18
mechanical-keyboard,store_001,2025-05-03 00:00:00,189.19,126.86
gaming-mouse,store_001,2025-05-03 00:00:00,247.01,71.38
usb-c-hub,store_001,2025-05-03 00:00:00,350.48,38.08
portable-ssd,store_001,2025-05-03 00:00:00,167.78,87.5
smart-display,store_001,2025-05-03 00:00:00,119.64,150.89
robot-vacuum,store_001,2025-05-03 00:00:00,63.81,278.95
action-camera,store_001,2025-05-03 00:00:00,96.54,170.19
wireless-earbuds,store_001,2025-05-04 00:00:00,187.13,85.13
smart-watch,store_001,2025-05-04 00:00:00,92.25,243.76
bluetooth-speaker,store_001,2025-05-04 00:00:00,282.77,45.52
noise-cancelling-headphones,store_001,2025-05-04 00:00:00,128.54,196.4
4k-webcam,store_001,2025-05-04 00:00:00,160.08,95.15
mechanical-keyboard,store_001,2025-05-04 00:00:00,124.74,133.22
gaming-mouse,store_001,2025-05-04 00:00:00,131.88,65.58
usb-c-hub,store_001,2025-05-04 00:00:00,232.63,38.13
portable-ssd,store_001,2025-05-04 00:00:00,154.63,96.02
smart-display,store_001,2025-05-04 00:00:00,104.3,151.66
robot-vacuum,store_001,2025-05-04 00:00:00,59.03,285.51
action-camera,store_001,2025-05-04 00:00:00,69.38,168.38
wireless-earbuds,store_001,2025-05-05 00:00:00,158.35,80.24
smart-watch,store_001,2025-05-05 00:00:00,63.95,263.18
bluetooth-speaker,store_001,2025-05-05 00:00:00,190.01,46.54
noise-cancelling-headphones,store_001,2025-05-05 00:00:00,96.64,207.86
4k-webcam,store_001,2025-05-05 00:00:00,114.49,91.28
mechanical-keyboard,store_001,2025-05-05 00:00:00,90.14,135.98
gaming-mouse,store_001,2025-05-05 00:00:00,135.59,68.87
usb-c-hub,store_001,2025-05-05 00:00:00,209.45,38.94
portable-ssd,store_001,2025-05-05 00:00:00,114.35,86.56
smart-display,store_001,2025-05-05 00:00:00,59.55,137.46
robot-vacuum,store_001,2025-05-05 00:00:00,57.13,328.92
action-camera,store_001,2025-05-05 00:00:00,49.82,174.76
wireless-earbuds,store_001,2025-05-06 00:00:00,133.63,72.67
smart-watch,store_001,2025-05-06 00:00:00,50.13,236.44
bluetooth-speaker,store_001,2025-05-06 00:00:00,163.9,47.93
noise-cancelling-headphones,store_001,2025-05-06 00:00:00,69.24,216.45
4k-webcam,store_001,2025-05-06 00:00:00,117.62,88.39
mechanical-keyboard,store_001,2025-05-06 00:00:00,99.32,124.55
gaming-mouse,store_001,2025-05-06 00:00:00,103.81,75.84
usb-c-hub,store_001,2025-05-06 00:00:00,169.0,41.84
portable-ssd,store_001,2025-05-06 00:00:00,93.55,84.2
smart-display,store_001,2025-05-06 00:00:00,69.95,144.94
robot-vacuum,store_001,2025-05-06 00:00:00,47.29,273.68
action-camera,store_001,2025-05-06 00:00:00,51.4,163.34
wireless-earbuds,store_001,2025-05-07 00:00:00,148.57,75.81
smart-watch,store_001,2025-05-07 00:00:00,61.25,235.44
bluetooth-speaker,store_001,2025-05-07 00:00:00,190.44,47.57
noise-cancelling-headphones,store_001,2025-05-07 00:00:00,87.71,208.34
4k-webcam,store_001,2025-05-07 00:00:00,123.22,82.83
mechanical-keyboard,store_001,2025-05-07 00:00:00,121.08,132.59
gaming-mouse,store_001,2025-05-07 00:00:00,111.31,70.61
usb-c-hub,store_001,2025-05-07 00:00:00,212.42,37.58
portable-ssd,store_001,2025-05-07 00:00:00,107.15,84.89
smart-display,store_001,2025-05-07 00:00:00,72.43,144.68
robot-vacuum,store_001,2025-05-07 00:00:00,48.61,313.39
action-camera,store_001,2025-05-07 00:00:00,69.74,195.04
wireless-earbuds,store_001,2025-05-08 00:00:00,145.25,77.23
smart-watch,store_001,2025-05-08 00:00:00,68.18,248.08
bluetooth-speaker,store_001,2025-05-08 00:00:00,185.12,53.63
noise-cancelling-headphones,store_001,2025-05-08 00:00:00,92.77,180.42
4k-webcam,store_001,2025-05-08 00:00:00,127.76,81.52
mechanical-keyboard,store_001,2025-05-08 00:00:00,146.18,137.23
gaming-mouse,store_001,2025-05-08 00:00:00,158.27,75.93
usb-c-hub,store_001,2025-05-08 00:00:00,259.18,39.01
portable-ssd,store_001,2025-05-08 00:00:00,106.3,86.1
smart-display,store_001,2025-05-08 00:00:00,77.42,138.58
robot-vacuum,store_001,2025-05-08 00:00:00,57.47,307.25
action-camera,store_001,2025-05-08 00:00:00,60.44,175.23
wireless-earbuds,store_001,2025-05-09 00:00:00,230.58,76.97
smart-watch,store_001,2025-05-09 00:00:00,90.72,231.15
bluetooth-speaker,store_001,2025-05-09 00:00:00,214.77,50.38
noise-cancelling-headphones,store_001,2025-05-09 00:00:00,124.52,195.87
4k-webcam,store_001,2025-05-09 00:00:00,120.12,94.61
mechanical-keyboard,store_001,2025-05-09 00:00:00,143.55,121.43
gaming-mouse,store_001,2025-05-09 00:00:00,173.98,70.07
usb-c-hub,store_001,2025-05-09 00:00:00,223.97,39.6
portable-ssd,store_001,2025-05-09 00:00:00,152.79,97.8
smart-display,store_001,2025-05-09 00:00:00,107.04,160.71
robot-vacuum,store_001,2025-05-09 00:00:00,63.25,314.82
action-camera,store_001,2025-05-09 00:00:00,84.14,184.69
wireless-earbuds,store_001,2025-05-10 00:00:00,231.55,78.32
smart-watch,store_001,2025-05-10 00:00:00,87.73,264.53
bluetooth-speaker,store_001,2025-05-10 00:00:00,356.83,46.28
noise-cancelling-headphones,store_001,2025-05-10 00:00:00,132.2,180.71
4k-webcam,store_001,2025-05-10 00:00:00,167.02,90.35
mechanical-keyboard,store_001,2025-05-10 00:00:00,160.71,127.15
gaming-mouse,store_001,2025-05-10 00:00:00,195.57,63.37
usb-c-hub,store_001,2025-05-10 00:00:00,323.15,39.64
portable-ssd,store_001,2025-05-10 00:00:00,162.37,84.15
smart-display,store_001,2025-05-10 00:00:00,136.44,161.91
robot-vacuum,store_001,2025-05-10 00:00:00,60.69,280.99
action-camera,store_001,2025-05-10 00:00:00,99.59,179.46
wireless-earbuds,store_001,2025-05-11 00:00:00,211.87,86.43
smart-watch,store_001,2025-05-11 00:00:00,74.83,274.19
bluetooth-speaker,store_001,2025-05-11 00:00:00,236.25,46.15
noise-cancelling-headphones,store_001,2025-05-11 00:00:00,111.28,202.17
4k-webcam,store_001,2025-05-11 00:00:00,156.79,87.16
mechanical-keyboard,store_001,2025-05-11 00:00:00,91.71,139.42
gaming-mouse,store_001,2025-05-11 00:00:00,208.12,68.69
usb-c-hub,store_001,2025-05-11 00:00:00,261.92,41.15
portable-ssd,store_001,2025-05-11 00:00:00,149.07,87.66
smart-display,store_001,2025-05-11 00:00:00,89.08,135.53
robot-vacuum,store_001,2025-05-11 00:00:00,59.45,304.84
action-camera,store_001,2025-05-11 00:00:00,71.88,172.41
wireless-earbuds,store_001,2025-05-12 00:00:00,111.03,79.24
smart-watch,store_001,2025-05-12 00:00:00,60.69,265.36
bluetooth-speaker,store_001,2025-05-12 00:00:00,164.24,54.42
noise-cancelling-headphones,store_001,2025-05-12 00:00:00,100.75,204.97
4k-webcam,store_001,2025-05-12 00:00:00,123.6,95.93
mechanical-keyboard,store_001,2025-05-12 00:00:00,76.25,136.74
gaming-mouse,store_001,2025-05-12 00:00:00,130.97,74.95
usb-c-hub,store_001,2025-05-12 00:00:00,189.45,40.17
portable-ssd,store_001,2025-05-12 00:00:00,124.5,92.45
smart-display,store_001,2025-05-12 00:00:00,85.95,139.4
robot-vacuum,store_001,2025-05-12 00:00:00,41.26,323.23
action-camera,store_001,2025-05-12 00:00:00,55.59,190.51
wireless-earbuds,store_001,2025-05-13 00:00:00,159.41,73.72
smart-watch,store_001,2025-05-13 00:00:00,44.64,265.34
bluetooth-speaker,store_001,2025-05-13 00:00:00,177.22,49.29
noise-cancelling-headphones,store_001,2025-05-13 00:00:00,101.87,218.41
4k-webcam,store_001,2025-05-13 00:00:00,140.41,91.03
mechanical-keyboard,store_001,2025-05-13 00:00:00,108.0,133.64
gaming-mouse,store_001,2025-05-13 00:00:00,106.1,71.98
usb-c-hub,store_001,2025-05-13 00:00:00,221.57,37.72
portable-ssd,store_001,2025-05-13 00:00:00,71.36,91.91
smart-display,store_001,2025-05-13 00:00:00,62.22,154.87
robot-vacuum,store_001,2025-05-13 00:00:00,47.76,301.2
action-camera,store_001,2025-05-13 00:00:00,48.52,182.19
wireless-earbuds,store_001,2025-05-14 00:00:00,209.37,72.04
smart-watch,store_001,2025-05-14 00:00:00,74.28,245.36
bluetooth-speaker,store_001,2025-05-14 00:00:00,154.85,50.65
noise-cancelling-headphones,store_001,2025-05-14 00:00:00,69.31,181.19
4k-webcam,store_001,2025-05-14 00:00:00,136.1,94.73
mechanical-keyboard,store_001,2025-05-14 00:00:00,85.67,120.8
gaming-mouse,store_001,2025-05-14 00:00:00,141.84,71.01
usb-c-hub,store_001,2025-05-14 00:00:00,223.36,41.03
portable-ssd,store_001,2025-05-14 00:00:00,126.38,95.55
smart-display,store_001,2025-05-14 00:00:00,82.45,159.91
robot-vacuum,store_001,2025-05-14 00:00:00,55.15,288.81
action-camera,store_001,2025-05-14 00:00:00,55.53,195.25
wireless-earbuds,store_001,2025-05-15 00:00:00,191.9,78.37
smart-watch,store_001,2025-05-15 00:00:00,92.18,254.37
bluetooth-speaker,store_001,2025-05-15 00:00:00,233.36,53.98
noise-cancelling-headphones,store_001,2025-05-15 00:00:00,72.82,213.29
4k-webcam,store_001,2025-05-15 00:00:00,160.01,93.01
mechanical-keyboard,store_001,2025-05-15 00:00:00,133.17,132.6
gaming-mouse,store_001,2025-05-15 00:00:00,154.33,64.63
usb-c-hub,store_001,2025-05-15 00:00:00,202.62,39.09
portable-ssd,store_001,2025-05-15 00:00:00,135.61,92.0
smart-display,store_001,2025-05-15 00:00:00,82.22,159.69
robot-vacuum,store_001,2025-05-15 00:00:00,71.11,273.35
action-camera,store_001,2025-05-15 00:00:00,66.96,164.87
wireless-earbuds,store_001,2025-05-16 00:00:00,194.39,72.86
smart-watch,store_001,2025-05-16 00:00:00,88.69,233.85
bluetooth-speaker,store_001,2025-05-16 00:00:00,243.43,49.42
noise-cancelling-headphones,store_001,2025-05-16 00:00:00,118.54,185.74
4k-webcam,store_001,2025-05-16 00:00:00,165.21,81.29
mechanical-keyboard,store_001,2025-05-16 00:00:00,126.65,128.5
gaming-mouse,store_001,2025-05-16 00:00:00,178.39,69.28
usb-c-hub,store_001,2025-05-16 00:00:00,333.59,39.22
portable-ssd,store_001,2025-05-16 00:00:00,167.22,87.19
smart-display,store_001,2025-05-16 00:00:00,86.99,137.75
robot-vacuum,store_001,2025-05-16 00:00:00,69.37,325.36
action-camera,store_001,2025-05-16 00:00:00,63.07,197.34
wireless-earbuds,store_001,2025-05-17 00:00:00,185.71,84.43
smart-watch,store_001,2025-05-17 00:00:00,95.54,271.82
bluetooth-speaker,store_001,2025-05-17 00:00:00,247.12,46.97
noise-cancelling-headphones,store_001,2025-05-17 00:00:00,124.47,183.56
4k-webcam,store_001,2025-05-17 00:00:00,212.52,97.74
mechanical-keyboard,store_001,2025-05-17 00:00:00,192.09,140.8
gaming-mouse,store_001,2025-05-17 00:00:00,167.58,69.49
usb-c-hub,store_001,2025-05-17 00:00:00,361.52,43.96
portable-ssd,store_001,2025-05-17 00:00:00,207.44,83.93
smart-display,store_001,2025-05-17 00:00:00,102.23,141.56
robot-vacuum,store_001,2025-05-17 00:00:00,51.67,289.06
action-camera,store_001,2025-05-17 00:00:00,96.88,181.65
wireless-earbuds,store_001,2025-05-18 00:00:00,239.58,79.15
smart-watch,store_001,2025-05-18 00:00:00,78.36,252.25
bluetooth-speaker,store_001,2025-05-18 00:00:00,226.24,46.68
noise-cancelling-headphones,store_001,2025-05-18 00:00:00,134.29,181.9
4k-webcam,store_001,2025-05-18 00:00:00,178.52,95.7
mechanical-keyboard,store_001,2025-05-18 00:00:00,124.22,124.39
gaming-mouse,store_001,2025-05-18 00:00:00,196.5,74.64
usb-c-hub,store_001,2025-05-18 00:00:00,296.9,40.26
portable-ssd,store_001,2025-05-18 00:00:00,172.05,89.98
smart-display,store_001,2025-05-18 00:00:00,86.27,162.44
robot-vacuum,store_001,2025-05-18 00:00:00,73.4,322.68
action-camera,store_001,2025-05-18 00:00:00,78.0,183.19
wireless-earbuds,store_001,2025-05-19 00:00:00,170.49,80.3
smart-watch,store_001,2025-05-19 00:00:00,57.61,233.57
bluetooth-speaker,store_001,2025-05-19 00:00:00,158.23,52.3
noise-cancelling-headphones,store_001,2025-05-19 00:00:00,84.8,189.35
4k-webcam,store_001,2025-05-19 00:00:00,87.82,90.7
mechanical-keyboard,store_001,2025-05-19 00:00:00,104.39,139.04
gaming-mouse,store_001,2025-05-19 00:00:00,157.11,63.4
usb-c-hub,store_001,2025-05-19 00:00:00,264.73,41.99
portable-ssd,store_001,2025-05-19 00:00:00,109.57,91.58
smart-display,store_001,2025-05-19 00:00:00,71.79,147.85
robot-vacuum,store_001,2025-05-19 00:00:00,41.04,312.0
action-camera,store_001,2025-05-19 00:00:00,39.3,195.76
wireless-earbuds,store_001,2025-05-20 00:00:00,140.8,74.34
smart-watch,store_001,2025-05-20 00:00:00,66.64,243.24
bluetooth-speaker,store_001,2025-05-20 00:00:00,228.12,53.4
noise-cancelling-headphones,store_001,2025-05-20 00:00:00,92.22,205.16
4k-webcam,store_001,2025-05-20 00:00:00,97.57,93.21
mechanical-keyboard,store_001,2025-05-20 00:00:00,99.43,117.38
gaming-mouse,store_001,2025-05-20 00:00:00,98.59,72.6
usb-c-hub,store_001,2025-05-20 00:00:00,271.64,37.19
portable-ssd,store_001,2025-05-20 00:00:00,112.74,82.3
smart-display,store_001,2025-05-20 00:00:00,75.64,144.81
robot-vacuum,store_001,2025-05-20 00:00:00,40.16,272.36
action-camera,store_001,2025-05-20 00:00:00,59.32,189.8
wireless-earbuds,store_001,2025-05-21 00:00:00,160.22,76.61
smart-watch,store_001,2025-05-21 00:00:00,79.31,225.8
bluetooth-speaker,store_001,2025-05-21 00:00:00,256.53,48.3
noise-cancelling-headphones,store_001,2025-05-21 00:00:00,129.16,204.2
4k-webcam,store_001,2025-05-21 00:00:00,122.23,98.54
mechanical-keyboard,store_001,2025-05-21 00:00:00,88.05,134.97
gaming-mouse,store_001,2025-05-21 00:00:00,144.13,75.34
usb-c-hub,store_001,2025-05-21 00:00:00,235.66,41.87
portable-ssd,store_001,2025-05-21 00:00:00,97.14,86.09
smart-display,store_001,2025-05-21 00:00:00,79.97,151.36
robot-vacuum,store_001,2025-05-21 00:00:00,37.34,311.71
action-camera,store_001,2025-05-21 00:00:00,67.45,174.84
wireless-earbuds,store_001,2025-05-22 00:00:00,198.86,78.24
smart-watch,store_001,2025-05-22 00:00:00,98.03,263.44
bluetooth-speaker,store_001,2025-05-22 00:00:00,209.81,47.74
noise-cancelling-headphones,store_001,2025-05-22 00:00:00,94.99,218.53
4k-webcam,store_001,2025-05-22 00:00:00,139.45,89.9
mechanical-keyboard,store_001,2025-05-22 00:00:00,121.88,126.99
gaming-mouse,store_001,2025-05-22 00:00:00,158.72,70.07
usb-c-hub,store_001,2025-05-22 00:00:00,263.21,37.22
portable-ssd,store_001,2025-05-22 00:00:00,131.95,89.88
smart-display,store_001,2025-05-22 00:00:00,73.26,158.71
robot-vacuum,store_001,2025-05-22 00:00:00,49.31,308.6
action-camera,store_001,2025-05-22 00:00:00,61.88,190.52
wireless-earbuds,store_001,2025-05-23 00:00:00,171.98,82.61
smart-watch,store_001,2025-05-23 00:00:00,95.85,262.77
bluetooth-speaker,store_001,2025-05-23 00:00:00,232.51,49.56
noise-cancelling-headphones,store_001,2025-05-23 00:00:00,153.2,206.91
4k-webcam,store_001,2025-05-23 00:00:00,193.89,94.43
mechanical-keyboard,store_001,2025-05-23 00:00:00,158.76,123.97
gaming-mouse,store_001,2025-05-23 00:00:00,204.03,68.51
usb-c-hub,store_001,2025-05-23 00:00:00,356.9,42.6
portable-ssd,store_001,2025-05-23 00:00:00,152.52,98.12
smart-display,store_001,2025-05-23 00:00:00,94.14,157.17
robot-vacuum,store_001,2025-05-23 00:00:00,69.21,283.32
action-camera,store_001,2025-05-23 00:00:00,60.86,181.65
wireless-earbuds,store_001,2025-05-24 00:00:00,282.12,78.47
smart-watch,store_001,2025-05-24 00:00:00,94.44,259.21
bluetooth-speaker,store_001,2025-05-24 00:00:00,290.93,52.21
noise-cancelling-headphones,store_001,2025-05-24 00:00:00,119.33,187.11
4k-webcam,store_001,2025-05-24 00:00:00,177.26,84.08
mechanical-keyboard,store_001,2025-05-24 00:00:00,132.75,122.75
gaming-mouse,store_001,2025-05-24 00:00:00,195.72,72.6
usb-c-hub,store_001,2025-05-24 00:00:00,309.48,42.87
portable-ssd,store_001,2025-05-24 00:00:00,169.3,87.64
smart-display,store_001,2025-05-24 00:00:00,119.95,154.36
robot-vacuum,store_001,2025-05-24 00:00:00,45.96,303.51
action-camera,store_001,2025-05-24 00:00:00,93.02,173.53
wireless-earbuds,store_001,2025-05-25 00:00:00,156.49,75.58
smart-watch,store_001,2025-05-25 00:00:00,93.97,256.4
bluetooth-speaker,store_001,2025-05-25 00:00:00,286.16,50.76
noise-cancelling-headphones,store_001,2025-05-25 00:00:00,123.03,184.52
4k-webcam,store_001,2025-05-25 00:00:00,145.84,90.38
mechanical-keyboard,store_001,2025-05-25 00:00:00,130.44,132.12
gaming-mouse,store_001,2025-05-25 00:00:00,170.05,65.93
usb-c-hub,store_001,2025-05-25 00:00:00,302.26,38.59
portable-ssd,store_001,2025-05-25 00:00:00,137.37,82.92
smart-display,store_001,2025-05-25 00:00:00,96.98,145.97
robot-vacuum,store_001,2025-05-25 00:00:00,74.34,320.74
action-camera,store_001,2025-05-25 00:00:00,65.9,170.56
wireless-earbuds,store_001,2025-05-26 00:00:00,136.25,87.35
smart-watch,store_001,2025-05-26 00:00:00,78.15,267.32
bluetooth-speaker,store_001,2025-05-26 00:00:00,199.64,54.49
noise-cancelling-headphones,store_001,2025-05-26 00:00:00,73.02,181.4
4k-webcam,store_001,2025-05-26 00:00:00,107.69,98.05
mechanical-keyboard,store_001,2025-05-26 00:00:00,123.1,132.37
gaming-mouse,store_001,2025-05-26 00:00:00,129.48,64.83
usb-c-hub,store_001,2025-05-26 00:00:00,220.53,38.16
portable-ssd,store_001,2025-05-26 00:00:00,131.91,96.41
smart-display,store_001,2025-05-26 00:00:00,91.86,139.87
robot-vacuum,store_001,2025-05-26 00:00:00,49.24,318.55
action-camera,store_001,2025-05-26 00:00:00,65.77,164.09
wireless-earbuds,store_001,2025-05-27 00:00:00,134.88,84.67
smart-watch,store_001,2025-05-27 00:00:00,76.18,247.1
bluetooth-speaker,store_001,2025-05-27 00:00:00,181.08,48.37
noise-cancelling-headphones,store_001,2025-05-27 00:00:00,96.39,209.62
4k-webcam,store_001,2025-05-27 00:00:00,108.12,91.58
mechanical-keyboard,store_001,2025-05-27 00:00:00,76.91,137.7
gaming-mouse,store_001,2025-05-27 00:00:00,120.33,65.48
usb-c-hub,store_001,2025-05-27 00:00:00,258.8,43.65
portable-ssd,store_001,2025-05-27 00:00:00,127.99,88.7
smart-display,store_001,2025-05-27 00:00:00,61.85,139.07
robot-vacuum,store_001,2025-05-27 00:00:00,57.87,318.09
action-camera,store_001,2025-05-27 00:00:00,46.34,170.26
wireless-earbuds,store_001,2025-05-28 00:00:00,144.37,74.09
smart-watch,store_001,2025-05-28 00:00:00,61.69,269.14
bluetooth-speaker,store_001,2025-05-28 00:00:00,212.21,45.68
noise-cancelling-headphones,store_001,2025-05-28 00:00:00,87.49,193.59
4k-webcam,store_001,2025-05-28 00:00:00,133.68,90.99
mechanical-keyboard,store_001,2025-05-28 00:00:00,118.87,119.6
gaming-mouse,store_001,2025-05-28 00:00:00,138.12,68.35
usb-c-hub,store_001,2025-05-28 00:00:00,277.66,43.95
portable-ssd,store_001,2025-05-28 00:00:00,97.02,98.82
smart-display,store_001,2025-05-28 00:00:00,86.19,148.46
robot-vacuum,store_001,2025-05-28 00:00:00,43.39,308.58
action-camera,store_001,2025-05-28 00:00:00,61.39,162.22
wireless-earbuds,store_001,2025-05-29 00:00:00,152.52,74.67
smart-watch,store_001,2025-05-29 00:00:00,86.14,235.45
bluetooth-speaker,store_001,2025-05-29 00:00:00,235.89,46.72
noise-cancelling-headphones,store_001,2025-05-29 00:00:00,99.13,212.64
4k-webcam,store_001,2025-05-29 00:00:00,145.3,84.59
mechanical-keyboard,store_001,2025-05-29 00:00:00,114.75,138.86
gaming-mouse,store_001,2025-05-29 00:00:00,189.43,68.27
usb-c-hub,store_001,2025-05-29 00:00:00,269.73,36.71
portable-ssd,store_001,2025-05-29 00:00:00,137.51,93.91
smart-display,store_001,2025-05-29 00:00:00,94.26,135.72
robot-vacuum,store_001,2025-05-29 00:00:00,58.58,275.22
action-camera,store_001,2025-05-29 00:00:00,75.74,190.32
wireless-earbuds,store_001,2025-05-30 00:00:00,296.64,83.94
smart-watch,store_001,2025-05-30 00:00:00,104.09,256.38
bluetooth-speaker,store_001,2025-05-30 00:00:00,262.17,54.41
noise-cancelling-headphones,store_001,2025-05-30 00:00:00,158.23,204.73
4k-webcam,store_001,2025-05-30 00:00:00,149.81,89.15
mechanical-keyboard,store_001,2025-05-30 00:00:00,153.17,131.39
gaming-mouse,store_001,2025-05-30 00:00:00,225.31,65.53
usb-c-hub,store_001,2025-05-30 00:00:00,317.05,36.96
portable-ssd,store_001,2025-05-30 00:00:00,172.02,84.56
smart-display,store_001,2025-05-30 00:00:00,118.28,156.84
robot-vacuum,store_001,2025-05-30 00:00:00,83.88,327.39
action-camera,store_001,2025-05-30 00:00:00,115.36,173.72
wireless-earbuds,store_001,2025-05-31 00:00:00,297.08,81.83
smart-watch,store_001,2025-05-31 00:00:00,130.02,269.07
bluetooth-speaker,store_001,2025-05-31 00:00:00,388.67,51.56
noise-cancelling-headphones,store_001,2025-05-31 00:00:00,152.89,205.6
4k-webcam,store_001,2025-05-31 00:00:00,226.91,83.99
mechanical-keyboard,store_001,2025-05-31 00:00:00,205.05,135.25
gaming-mouse,store_001,2025-05-31 00:00:00,232.88,65.84
usb-c-hub,store_001,2025-05-31 00:00:00,442.73,38.45
portable-ssd,store_001,2025-05-31 00:00:00,173.37,94.26
smart-display,store_001,2025-05-31 00:00:00,133.63,141.56
robot-vacuum,store_001,2025-05-31 00:00:00,82.17,304.25
action-camera,store_001,2025-05-31 00:00:00,141.59,171.13
wireless-earbuds,store_001,2025-06-01 00:00:00,260.22,83.59
smart-watch,store_001,2025-06-01 00:00:00,90.78,247.33
bluetooth-speaker,store_001,2025-06-01 00:00:00,343.97,46.86
noise-cancelling-headphones,store_001,2025-06-01 00:00:00,121.51,182.79
4k-webcam,store_001,2025-06-01 00:00:00,187.02,89.42
mechanical-keyboard,store_001,2025-06-01 00:00:00,165.96,129.93
gaming-mouse,store_001,2025-06-01 00:00:00,225.62,67.57
usb-c-hub,store_001,2025-06-01 00:00:00,365.67,40.46
portable-ssd,store_001,2025-06-01 00:00:00,206.21,95.61
smart-display,store_001,2025-06-01 00:00:00,108.08,137.95
robot-vacuum,store_001,2025-06-01 00:00:00,74.56,321.77
action-camera,store_001,2025-06-01 00:00:00,114.83,168.23
wireless-earbuds,store_001,2025-06-02 00:00:00,202.27,81.7
smart-watch,store_001,2025-06-02 00:00:00,69.83,269.23
bluetooth-speaker,store_001,2025-06-02 00:00:00,200.85,48.48
noise-cancelling-headphones,store_001,2025-06-02 00:00:00,116.54,209.59
4k-webcam,store_001,2025-06-02 00:00:00,139.88,84.31
mechanical-keyboard,store_001,2025-06-02 00:00:00,108.23,127.24
gaming-mouse,store_001,2025-06-02 00:00:00,197.3,76.95
usb-c-hub,store_001,2025-06-02 00:00:00,270.73,37.61
portable-ssd,store_001,2025-06-02 00:00:00,124.43,92.61
smart-display,store_001,2025-06-02 00:00:00,95.11,160.64
robot-vacuum,store_001,2025-06-02 00:00:00,61.12,320.1
action-camera,store_001,2025-06-02 00:00:00,105.52,169.55
wireless-earbuds,store_001,2025-06-03 00:00:00,160.89,72.36
smart-watch,store_001,2025-06-03 00:00:00,61.44,253.85
bluetooth-speaker,store_001,2025-06-03 00:00:00,227.38,48.47
noise-cancelling-headphones,store_001,2025-06-03 00:00:00,93.52,192.1
4k-webcam,store_001,2025-06-03 00:00:00,107.63,84.46
mechanical-keyboard,store_001,2025-06-03 00:00:00,118.09,122.1
gaming-mouse,store_001,2025-06-03 00:00:00,182.56,65.94
usb-c-hub,store_001,2025-06-03 00:00:00,244.6,36.73
portable-ssd,store_001,2025-06-03 00:00:00,151.5,83.71
smart-display,store_001,2025-06-03 00:00:00,91.7,141.21
robot-vacuum,store_001,2025-06-03 00:00:00,60.86,297.61
action-camera,store_001,2025-06-03 00:00:00,108.13,185.76
wireless-earbuds,store_001,2025-06-04 00:00:00,222.53,73.42
smart-watch,store_001,2025-06-04 00:00:00,98.44,245.13
bluetooth-speaker,store_001,2025-06-04 00:00:00,284.82,52.21
noise-cancelling-headphones,store_001,2025-06-04 00:00:00,126.72,208.91
4k-webcam,store_001,2025-06-04 00:00:00,124.79,97.77
mechanical-keyboard,store_001,2025-06-04 00:00:00,108.09,133.19
gaming-mouse,store_001,2025-06-04 00:00:00,178.38,69.03
usb-c-hub,store_001,2025-06-04 00:00:00,279.27,40.28
portable-ssd,store_001,2025-06-04 00:00:00,126.15,95.59
smart-display,store_001,2025-06-04 00:00:00,82.11,138.1
robot-vacuum,store_001,2025-06-04 00:00:00,68.54,287.06
action-camera,store_001,2025-06-04 00:00:00,91.55,186.58
wireless-earbuds,store_001,2025-06-05 00:00:00,210.85,72.13
smart-watch,store_001,2025-06-05 00:00:00,84.41,274.09
bluetooth-speaker,store_001,2025-06-05 00:00:00,302.14,53.39
noise-cancelling-headphones,store_001,2025-06-05 00:00:00,133.09,208.01
4k-webcam,store_001,2025-06-05 00:00:00,122.59,96.1
mechanical-keyboard,store_001,2025-06-05 00:00:00,188.11,136.28
gaming-mouse,store_001,2025-06-05 00:00:00,178.23,72.33
usb-c-hub,store_001,2025-06-05 00:00:00,237.66,37.02
portable-ssd,store_001,2025-06-05 00:00:00,161.9,82.74
smart-display,store_001,2025-06-05 00:00:00,81.31,138.55
robot-vacuum,store_001,2025-06-05 00:00:00,66.97,289.59
action-camera,store_001,2025-06-05 00:00:00,131.29,173.04
wireless-earbuds,store_001,2025-06-06 00:00:00,304.93,87.05
smart-watch,store_001,2025-06-06 00:00:00,98.44,263.92
bluetooth-speaker,store_001,2025-06-06 00:00:00,400.34,49.21
noise-cancelling-headphones,store_001,2025-06-06 00:00:00,165.45,186.47
4k-webcam,store_001,2025-06-06 00:00:00,217.76,91.77
mechanical-keyboard,store_001,2025-06-06 00:00:00,210.65,135.68
gaming-mouse,store_001,2025-06-06 00:00:00,242.59,63.3
usb-c-hub,store_001,2025-06-06 00:00:00,366.53,37.0
portable-ssd,store_001,2025-06-06 00:00:00,166.93,87.15
smart-display,store_001,2025-06-06 00:00:00,153.63,160.91
robot-vacuum,store_001,2025-06-06 00:00:00,84.93,283.3
action-camera,store_001,2025-06-06 00:00:00,110.75,172.27
wireless-earbuds,store_001,2025-06-07 00:00:00,275.73,86.52
smart-watch,store_001,2025-06-07 00:00:00,130.58,249.81
bluetooth-speaker,store_001,2025-06-07 00:00:00,412.49,53.92
noise-cancelling-headphones,store_001,2025-06-07 00:00:00,156.68,182.59
4k-webcam,store_001,2025-06-07 00:00:00,160.24,87.69
mechanical-keyboard,store_001,2025-06-07 00:00:00,199.61,121.48
gaming-mouse,store_001,2025-06-07 00:00:00,273.9,74.7
usb-c-hub,store_001,2025-06-07 00:00:00,464.73,39.46
portable-ssd,store_001,2025-06-07 00:00:00,216.09,95.34
smart-display,store_001,2025-06-07 00:00:00,149.15,136.15
robot-vacuum,store_001,2025-06-07 00:00:00,103.96,303.22
action-camera,store_001,2025-06-07 00:00:00,169.0,176.34
wireless-earbuds,store_001,2025-06-08 00:00:00,266.56,80.25
smart-watch,store_001,2025-06-08 00:00:00,99.87,250.83
bluetooth-speaker,store_001,2025-06-08 00:00:00,333.06,46.47
noise-cancelling-headphones,store_001,2025-06-08 00:00:00,133.07,208.78
4k-webcam,store_001,2025-06-08 00:00:00,225.08,84.51
mechanical-keyboard,store_001,2025-06-08 00:00:00,172.4,128.77
gaming-mouse,store_001,2025-06-08 00:00:00,235.62,64.11
usb-c-hub,store_001,2025-06-08 00:00:00,423.84,42.95
portable-ssd,store_001,2025-06-08 00:00:00,170.24,86.39
smart-display,store_001,2025-06-08 00:00:00,125.53,140.24
robot-vacuum,store_001,2025-06-08 00:00:00,75.56,280.89
action-camera,store_001,2025-06-08 00:00:00,127.79,181.0
wireless-earbuds,store_001,2025-06-09 00:00:00,179.79,76.05
smart-watch,store_001,2025-06-09 00:00:00,98.89,231.02
bluetooth-speaker,store_001,2025-06-09 00:00:00,248.87,53.71
noise-cancelling-headphones,store_001,2025-06-09 00:00:00,119.76,196.09
4k-webcam,store_001,2025-06-09 00:00:00,165.1,85.57
mechanical-keyboard,store_001,2025-06-09 00:00:00,96.68,127.22
gaming-mouse,store_001,2025-06-09 00:00:00,173.06,70.33
usb-c-hub,store_001,2025-06-09 00:00:00,236.83,41.59
portable-ssd,store_001,2025-06-09 00:00:00,122.02,88.24
smart-display,store_001,2025-06-09 00:00:00,94.63,144.31
robot-vacuum,store_001,2025-06-09 00:00:00,52.23,317.7
action-camera,store_001,2025-06-09 00:00:00,126.84,183.18
wireless-earbuds,store_001,2025-06-10 00:00:00,184.12,72.31
smart-watch,store_001,2025-06-10 00:00:00,70.99,254.27
bluetooth-speaker,store_001,2025-06-10 00:00:00,176.98,52.14
noise-cancelling-headphones,store_001,2025-06-10 00:00:00,92.83,214.31
4k-webcam,store_001,2025-06-10 00:00:00,141.22,85.48
mechanical-keyboard,store_001,2025-06-10 00:00:00,99.36,118.7
gaming-mouse,store_001,2025-06-10 00:00:00,159.92,70.02
usb-c-hub,store_001,2025-06-10 00:00:00,226.27,38.37
portable-ssd,store_001,2025-06-10 00:00:00,132.72,88.1
smart-display,store_001,2025-06-10 00:00:00,68.85,164.68
robot-vacuum,store_001,2025-06-10 00:00:00,52.93,305.41
action-camera,store_001,2025-06-10 00:00:00,80.28,191.28
wireless-earbuds,store_001,2025-06-11 00:00:00,188.27,78.56
smart-watch,store_001,2025-06-11 00:00:00,98.4,229.97
bluetooth-speaker,store_001,2025-06-11 00:00:00,281.53,49.79
noise-cancelling-headphones,store_001,2025-06-11 00:00:00,137.11,189.32
4k-webcam,store_001,2025-06-11 00:00:00,172.39,94.25
mechanical-keyboard,store_001,2025-06-11 00:00:00,132.44,134.4
gaming-mouse,store_001,2025-06-11 00:00:00,145.66,76.93
usb-c-hub,store_001,2025-06-11 00:00:00,258.75,36.11
portable-ssd,store_001,2025-06-11 00:00:00,147.5,88.74
smart-display,store_001,2025-06-11 00:00:00,66.03,154.8
robot-vacuum,store_001,2025-06-11 00:00:00,71.43,319.18
action-camera,store_001,2025-06-11 00:00:00,109.72,168.17
wireless-earbuds,store_001,2025-06-12 00:00:00,237.83,82.64
smart-watch,store_001,2025-06-12 00:00:00,102.89,265.15
bluetooth-speaker,store_001,2025-06-12 00:00:00,235.07,54.35
noise-cancelling-headphones,store_001,2025-06-12 00:00:00,110.54,211.96
4k-webcam,store_001,2025-06-12 00:00:00,157.71,91.28
mechanical-keyboard,store_001,2025-06-12 00:00:00,163.43,140.0
gaming-mouse,store_001,2025-06-12 00:00:00,211.7,64.56
usb-c-hub,store_001,2025-06-12 00:00:00,234.06,43.69
portable-ssd,store_001,2025-06-12 00:00:00,149.23,98.35
smart-display,store_001,2025-06-12 00:00:00,80.96,150.24
robot-vacuum,store_001,2025-06-12 00:00:00,66.17,325.67
action-camera,store_001,2025-06-12 00:00:00,82.67,172.94
wireless-earbuds,store_001,2025-06-13 00:00:00,297.61,86.07
smart-watch,store_001,2025-06-13 00:00:00,132.38,250.65
bluetooth-speaker,store_001,2025-06-13 00:00:00,373.39,50.06
noise-cancelling-headphones,store_001,2025-06-13 00:00:00,144.05,180.45
4k-webcam,store_001,2025-06-13 00:00:00,228.55,81.83
mechanical-keyboard,store_001,2025-06-13 00:00:00,204.98,129.3
gaming-mouse,store_001,2025-06-13 00:00:00,259.53,68.31
usb-c-hub,store_001,2025-06-13 00:00:00,439.36,40.76
portable-ssd,store_001,2025-06-13 00:00:00,234.26,83.83
smart-display,store_001,2025-06-13 00:00:00,126.96,155.22
robot-vacuum,store_001,2025-06-13 00:00:00,65.09,295.4
action-camera,store_001,2025-06-13 00:00:00,112.71,167.41
wireless-earbuds,store_001,2025-06-14 00:00:00,253.79,82.71
smart-watch,store_001,2025-06-14 00:00:00,99.44,258.22
bluetooth-speaker,store_001,2025-06-14 00:00:00,374.45,52.12
noise-cancelling-headphones,store_001,2025-06-14 00:00:00,176.15,211.61
4k-webcam,store_001,2025-06-14 00:00:00,228.31,81.78
mechanical-keyboard,store_001,2025-06-14 00:00:00,150.07,133.69
gaming-mouse,store_001,2025-06-14 00:00:00,244.35,72.66
usb-c-hub,store_001,2025-06-14 00:00:00,420.48,38.66
portable-ssd,store_001,2025-06-14 00:00:00,179.92,91.45
smart-display,store_001,2025-06-14 00:00:00,132.1,154.75
robot-vacuum,store_001,2025-06-14 00:00:00,81.42,323.08
action-camera,store_001,2025-06-14 00:00:00,129.62,187.26
wireless-earbuds,store_001,2025-06-15 00:00:00,246.76,75.97
smart-watch,store_001,2025-06-15 00:00:00,129.76,255.58
bluetooth-speaker,store_001,2025-06-15 00:00:00,363.37,45.64
noise-cancelling-headphones,store_001,2025-06-15 00:00:00,164.02,202.42
4k-webcam,store_001,2025-06-15 00:00:00,180.26,87.39
mechanical-keyboard,store_001,2025-06-15 00:00:00,161.22,138.45
gaming-mouse,store_001,2025-06-15 00:00:00,210.52,70.03
usb-c-hub,store_001,2025-06-15 00:00:00,367.42,42.3
portable-ssd,store_001,2025-06-15 00:00:00,184.24,90.02
smart-display,store_001,2025-06-15 00:00:00,134.97,161.4
robot-vacuum,store_001,2025-06-15 00:00:00,82.48,329.42
action-camera,store_001,2025-06-15 00:00:00,134.74,178.02
wireless-earbuds,store_001,2025-06-16 00:00:00,167.11,73.01
smart-watch,store_001,2025-06-16 00:00:00,80.85,235.71
bluetooth-speaker,store_001,2025-06-16 00:00:00,244.64,52.24
noise-cancelling-headphones,store_001,2025-06-16 00:00:00,100.07,210.21
4k-webcam,store_001,2025-06-16 00:00:00,108.27,96.71
mechanical-keyboard,store_001,2025-06-16 00:00:00,105.37,119.8
gaming-mouse,store_001,2025-06-16 00:00:00,166.33,67.77
usb-c-hub,store_001,2025-06-16 00:00:00,285.38,36.34
portable-ssd,store_001,2025-06-16 00:00:00,150.42,86.97
smart-display,store_001,2025-06-16 00:00:00,100.32,135.65
robot-vacuum,store_001,2025-06-16 00:00:00,70.81,288.12
action-camera,store_001,2025-06-16 00:00:00,134.49,166.48
wireless-earbuds,store_001,2025-06-17 00:00:00,215.79,75.08
smart-watch,store_001,2025-06-17 00:00:00,85.85,226.4
bluetooth-speaker,store_001,2025-06-17 00:00:00,218.05,52.55
noise-cancelling-headphones,store_001,2025-06-17 00:00:00,101.52,216.45
4k-webcam,store_001,2025-06-17 00:00:00,147.66,85.65
mechanical-keyboard,store_001,2025-06-17 00:00:00,93.75,136.57
gaming-mouse,store_001,2025-06-17 00:00:00,132.79,73.2
usb-c-hub,store_001,2025-06-17 00:00:00,206.63,39.68
portable-ssd,store_001,2025-06-17 00:00:00,135.31,85.87
smart-display,store_001,2025-06-17 00:00:00,85.92,164.85
robot-vacuum,store_001,2025-06-17 00:00:00,57.94,325.14
action-camera,store_001,2025-06-17 00:00:00,73.04,196.09
wireless-earbuds,store_001,2025-06-18 00:00:00,170.61,84.87
smart-watch,store_001,2025-06-18 00:00:00,87.49,273.75
bluetooth-speaker,store_001,2025-06-18 00:00:00,222.94,54.29
noise-cancelling-headphones,store_001,2025-06-18 00:00:00,135.17,192.48
4k-webcam,store_001,2025-06-18 00:00:00,166.6,85.69
mechanical-keyboard,store_001,2025-06-18 00:00:00,134.44,134.15
gaming-mouse,store_001,2025-06-18 00:00:00,197.46,72.5
usb-c-hub,store_001,2025-06-18 00:00:00,339.49,41.49
portable-ssd,store_001,2025-06-18 00:00:00,126.23,87.86
smart-display,store_001,2025-06-18 00:00:00,96.38,145.53
robot-vacuum,store_001,2025-06-18 00:00:00,63.83,273.7
action-camera,store_001,2025-06-18 00:00:00,103.48,181.35
wireless-earbuds,store_001,2025-06-19 00:00:00,235.22,77.02
smart-watch,store_001,2025-06-19 00:00:00,73.68,260.46
bluetooth-speaker,store_001,2025-06-19 00:00:00,309.43,48.71
noise-cancelling-headphones,store_001,2025-06-19 00:00:00,151.95,199.41
4k-webcam,store_001,2025-06-19 00:00:00,183.24,86.41
mechanical-keyboard,store_001,2025-06-19 00:00:00,159.21,130.78
gaming-mouse,store_001,2025-06-19 00:00:00,188.29,68.26
usb-c-hub,store_001,2025-06-19 00:00:00,294.14,42.91
portable-ssd,store_001,2025-06-19 00:00:00,161.33,88.82
smart-display,store_001,2025-06-19 00:00:00,84.24,136.49
robot-vacuum,store_001,2025-06-19 00:00:00,75.2,317.42
action-camera,store_001,2025-06-19 00:00:00,108.2,177.24
wireless-earbuds,store_001,2025-06-20 00:00:00,234.05,86.27
smart-watch,store_001,2025-06-20 00:00:00,126.95,264.12
bluetooth-speaker,store_001,2025-06-20 00:00:00,329.73,52.8
noise-cancelling-headphones,store_001,2025-06-20 00:00:00,158.03,181.15
4k-webcam,store_001,2025-06-20 00:00:00,236.31,95.37
mechanical-keyboard,store_001,2025-06-20 00:00:00,185.9,137.35
gaming-mouse,store_001,2025-06-20 00:00:00,249.35,72.8
usb-c-hub,store_001,2025-06-20 00:00:00,368.97,39.16
portable-ssd,store_001,2025-06-20 00:00:00,183.08,81.96
smart-display,store_001,2025-06-20 00:00:00,138.52,155.25
robot-vacuum,store_001,2025-06-20 00:00:00,89.98,287.64
action-camera,store_001,2025-06-20 00:00:00,134.19,190.72
wireless-earbuds,store_001,2025-06-21 00:00:00,212.32,79.57
smart-watch,store_001,2025-06-21 00:00:00,137.34,263.18
bluetooth-speaker,store_001,2025-06-21 00:00:00,346.42,46.76
noise-cancelling-headphones,store_001,2025-06-21 00:00:00,147.22,183.99
4k-webcam,store_001,2025-06-21 00:00:00,167.28,98.21
mechanical-keyboard,store_001,2025-06-21 00:00:00,227.71,130.43
gaming-mouse,store_001,2025-06-21 00:00:00,233.78,76.7
usb-c-hub,store_001,2025-06-21 00:00:00,441.85,39.79
portable-ssd,store_001,2025-06-21 00:00:00,173.52,98.84
smart-display,store_001,2025-06-21 00:00:00,145.63,161.23
robot-vacuum,store_001,2025-06-21 00:00:00,86.47,296.64
action-camera,store_001,2025-06-21 00:00:00,162.67,162.48
wireless-earbuds,store_001,2025-06-22 00:00:00,234.89,78.53
smart-watch,store_001,2025-06-22 00:00:00,98.21,233.2
bluetooth-speaker,store_001,2025-06-22 00:00:00,301.68,54.18
noise-cancelling-headphones,store_001,2025-06-22 00:00:00,152.71,201.14
4k-webcam,store_001,2025-06-22 00:00:00,195.74,85.09
mechanical-keyboard,store_001,2025-06-22 00:00:00,202.93,132.3
gaming-mouse,store_001,2025-06-22 00:00:00,207.64,70.75
usb-c-hub,store_001,2025-06-22 00:00:00,353.58,41.07
portable-ssd,store_001,2025-06-22 00:00:00,169.16,86.57
smart-display,store_001,2025-06-22 00:00:00,138.88,151.71
robot-vacuum,store_001,2025-06-22 00:00:00,71.84,291.71
action-camera,store_001,2025-06-22 00:00:00,108.24,196.19
wireless-earbuds,store_001,2025-06-23 00:00:00,229.89,76.88
smart-watch,store_001,2025-06-23 00:00:00,89.34,257.6
bluetooth-speaker,store_001,2025-06-23 00:00:00,245.55,53.79
noise-cancelling-headphones,store_001,2025-06-23 00:00:00,129.15,217.77
4k-webcam,store_001,2025-06-23 00:00:00,164.17,94.84
mechanical-keyboard,store_001,2025-06-23 00:00:00,143.13,136.14
gaming-mouse,store_001,2025-06-23 00:00:00,199.61,74.41
usb-c-hub,store_001,2025-06-23 00:00:00,281.36,39.5
portable-ssd,store_001,2025-06-23 00:00:00,151.66,86.27
smart-display,store_001,2025-06-23 00:00:00,72.41,157.26
robot-vacuum,store_001,2025-06-23 00:00:00,53.94,303.3
action-camera,store_001,2025-06-23 00:00:00,105.38,168.1
wireless-earbuds,store_001,2025-06-24 00:00:00,195.51,82.47
smart-watch,store_001,2025-06-24 00:00:00,89.76,267.33
bluetooth-speaker,store_001,2025-06-24 00:00:00,215.32,45.41
noise-cancelling-headphones,store_001,2025-06-24 00:00:00,102.21,205.4
4k-webcam,store_001,2025-06-24 00:00:00,150.91,85.12
mechanical-keyboard,store_001,2025-06-24 00:00:00,117.91,130.07
gaming-mouse,store_001,2025-06-24 00:00:00,189.76,74.86
usb-c-hub,store_001,2025-06-24 00:00:00,262.66,36.09
portable-ssd,store_001,2025-06-24 00:00:00,142.86,94.32
smart-display,store_001,2025-06-24 00:00:00,71.28,156.44
robot-vacuum,store_001,2025-06-24 00:00:00,52.53,324.29
action-camera,store_001,2025-06-24 00:00:00,97.47,174.42
wireless-earbuds,store_001,2025-06-25 00:00:00,195.82,87.28
smart-watch,store_001,2025-06-25 00:00:00,99.19,246.37
bluetooth-speaker,store_001,2025-06-25 00:00:00,262.0,48.61
noise-cancelling-headphones,store_001,2025-06-25 00:00:00,120.92,204.1
4k-webcam,store_001,2025-06-25 00:00:00,159.59,81.27
mechanical-keyboard,store_001,2025-06-25 00:00:00,152.89,136.64
gaming-mouse,store_001,2025-06-25 00:00:00,203.89,71.33
usb-c-hub,store_001,2025-06-25 00:00:00,251.09,39.64
portable-ssd,store_001,2025-06-25 00:00:00,112.99,94.23
smart-display,store_001,2025-06-25 00:00:00,92.62,152.03
robot-vacuum,store_001,2025-06-25 00:00:00,54.35,279.29
action-camera,store_001,2025-06-25 00:00:00,107.56,186.85
wireless-earbuds,store_001,2025-06-26 00:00:00,303.08,81.25
smart-watch,store_001,2025-06-26 00:00:00,113.28,248.96
bluetooth-speaker,store_001,2025-06-26 00:00:00,282.08,48.76
noise-cancelling-headphones,store_001,2025-06-26 00:00:00,156.43,183.57
4k-webcam,store_001,2025-06-26 00:00:00,152.54,87.85
mechanical-keyboard,store_001,2025-06-26 00:00:00,124.77,123.95
gaming-mouse,store_001,2025-06-26 00:00:00,223.23,71.28
usb-c-hub,store_001,2025-06-26 00:00:00,277.63,37.87
portable-ssd,store_001,2025-06-26 00:00:00,134.44,98.72
smart-display,store_001,2025-06-26 00:00:00,98.69,149.99
robot-vacuum,store_001,2025-06-26 00:00:00,50.62,303.98
action-camera,store_001,2025-06-26 00:00:00,118.11,180.6
wireless-earbuds,store_001,2025-06-27 00:00:00,247.82,86.78
smart-watch,store_001,2025-06-27 00:00:00,118.92,231.05
bluetooth-speaker,store_001,2025-06-27 00:00:00,345.31,53.88
noise-cancelling-headphones,store_001,2025-06-27 00:00:00,165.06,207.66
4k-webcam,store_001,2025-06-27 00:00:00,193.21,97.37
mechanical-keyboard,store_001,2025-06-27 00:00:00,185.58,133.41
gaming-mouse,store_001,2025-06-27 00:00:00,204.44,69.72
usb-c-hub,store_001,2025-06-27 00:00:00,319.33,36.08
portable-ssd,store_001,2025-06-27 00:00:00,211.22,95.33
smart-display,store_001,2025-06-27 00:00:00,138.32,162.51
robot-vacuum,store_001,2025-06-27 00:00:00,75.31,308.98
action-camera,store_001,2025-06-27 00:00:00,155.53,165.05
wireless-earbuds,store_001,2025-06-28 00:00:00,274.81,78.73
smart-watch,store_001,2025-06-28 00:00:00,115.25,267.8
bluetooth-speaker,store_001,2025-06-28 00:00:00,348.36,53.65
noise-cancelling-headphones,store_001,2025-06-28 00:00:00,153.74,213.27
4k-webcam,store_001,2025-06-28 00:00:00,230.64,94.91
mechanical-keyboard,store_001,2025-06-28 00:00:00,198.05,138.71
gaming-mouse,store_001,2025-06-28 00:00:00,245.24,74.41
usb-c-hub,store_001,2025-06-28 00:00:00,372.94,43.61
portable-ssd,store_001,2025-06-28 00:00:00,199.07,81.34
smart-display,store_001,2025-06-28 00:00:00,123.17,148.07
robot-vacuum,store_001,2025-06-28 00:00:00,105.4,275.51
action-camera,store_001,2025-06-28 00:00:00,160.68,185.29
wireless-earbuds,store_001,2025-06-29 00:00:00,344.65,58.75
smart-watch,store_001,2025-06-29 00:00:00,116.36,219.72
bluetooth-speaker,store_001,2025-06-29 00:00:00,363.11,40.33
noise-cancelling-headphones,store_001,2025-06-29 00:00:00,203.36,163.64
4k-webcam,store_001,2025-06-29 00:00:00,250.76,71.55
mechanical-keyboard,store_001,2025-06-29 00:00:00,181.44,93.91
gaming-mouse,store_001,2025-06-29 00:00:00,279.75,56.53
usb-c-hub,store_001,2025-06-29 00:00:00,340.22,29.69
portable-ssd,store_001,2025-06-29 00:00:00,181.5,67.09
smart-display,store_001,2025-06-29 00:00:00,138.19,126.83
robot-vacuum,store_001,2025-06-29 00:00:00,78.88,240.95
action-camera,store_001,2025-06-29 00:00:00,152.54,133.0
wireless-earbuds,store_001,2025-06-30 00:00:00,187.06,67.6
smart-watch,store_001,2025-06-30 00:00:00,101.42,181.22
bluetooth-speaker,store_001,2025-06-30 00:00:00,305.5,42.74
noise-cancelling-headphones,store_001,2025-06-30 00:00:00,118.61,172.69
4k-webcam,store_001,2025-06-30 00:00:00,214.33,78.37
mechanical-keyboard,store_001,2025-06-30 00:00:00,163.27,111.92
gaming-mouse,store_001,2025-06-30 00:00:00,200.37,57.46
usb-c-hub,store_001,2025-06-30 00:00:00,281.11,34.11
portable-ssd,store_001,2025-06-30 00:00:00,158.62,72.76
smart-display,store_001,2025-06-30 00:00:00,121.7,130.64
robot-vacuum,store_001,2025-06-30 00:00:00,82.43,219.49
action-camera,store_001,2025-06-30 00:00:00,115.31,139.26
wireless-earbuds,store_001,2025-07-01 00:00:00,193.51,63.44
smart-watch,store_001,2025-07-01 00:00:00,115.99,206.83
bluetooth-speaker,store_001,2025-07-01 00:00:00,284.86,42.26
noise-cancelling-headphones,store_001,2025-07-01 00:00:00,145.28,165.53
4k-webcam,store_001,2025-07-01 00:00:00,183.7,73.55
mechanical-keyboard,store_001,2025-07-01 00:00:00,122.83,113.14
gaming-mouse,store_001,2025-07-01 00:00:00,191.05,60.95
usb-c-hub,store_001,2025-07-01 00:00:00,316.98,32.55
portable-ssd,store_001,2025-07-01 00:00:00,118.87,77.94
smart-display,store_001,2025-07-01 00:00:00,116.21,125.55
robot-vacuum,store_001,2025-07-01 00:00:00,64.43,232.63
action-camera,store_001,2025-07-01 00:00:00,126.74,143.59
wireless-earbuds,store_001,2025-07-02 00:00:00,249.17,59.21
smart-watch,store_001,2025-07-02 00:00:00,91.14,185.65
bluetooth-speaker,store_001,2025-07-02 00:00:00,310.23,41.67
noise-cancelling-headphones,store_001,2025-07-02 00:00:00,138.69,167.49
4k-webcam,store_001,2025-07-02 00:00:00,195.42,77.73
mechanical-keyboard,store_001,2025-07-02 00:00:00,170.54,113.36
gaming-mouse,store_001,2025-07-02 00:00:00,212.46,59.88
usb-c-hub,store_001,2025-07-02 00:00:00,347.31,29.93
portable-ssd,store_001,2025-07-02 00:00:00,196.52,75.18
smart-display,store_001,2025-07-02 00:00:00,129.03,108.11
robot-vacuum,store_001,2025-07-02 00:00:00,80.56,255.2
action-camera,store_001,2025-07-02 00:00:00,146.46,149.43
wireless-earbuds,store_001,2025-07-03 00:00:00,266.86,62.96
smart-watch,store_001,2025-07-03 00:00:00,102.69,217.35
bluetooth-speaker,store_001,2025-07-03 00:00:00,389.39,39.84
noise-cancelling-headphones,store_001,2025-07-03 00:00:00,145.16,155.24
4k-webcam,store_001,2025-07-03 00:00:00,153.19,66.11
mechanical-keyboard,store_001,2025-07-03 00:00:00,156.23,113.87
gaming-mouse,store_001,2025-07-03 00:00:00,181.29,51.62
usb-c-hub,store_001,2025-07-03 00:00:00,291.84,29.34
portable-ssd,store_001,2025-07-03 00:00:00,181.66,75.5
smart-display,store_001,2025-07-03 00:00:00,135.59,127.6
robot-vacuum,store_001,2025-07-03 00:00:00,80.58,225.57
action-camera,store_001,2025-07-03 00:00:00,140.66,131.63
wireless-earbuds,store_001,2025-07-04 00:00:00,302.56,69.84
smart-watch,store_001,2025-07-04 00:00:00,144.65,208.02
bluetooth-speaker,store_001,2025-07-04 00:00:00,409.08,42.27
noise-cancelling-headphones,store_001,2025-07-04 00:00:00,181.71,154.46
4k-webcam,store_001,2025-07-04 00:00:00,234.84,72.96
mechanical-keyboard,store_001,2025-07-04 00:00:00,250.0,105.93
gaming-mouse,store_001,2025-07-04 00:00:00,223.31,51.87
usb-c-hub,store_001,2025-07-04 00:00:00,399.2,34.91
portable-ssd,store_001,2025-07-04 00:00:00,222.9,78.61
smart-display,store_001,2025-07-04 00:00:00,127.61,120.34
robot-vacuum,store_001,2025-07-04 00:00:00,101.44,254.92
action-camera,store_001,2025-07-04 00:00:00,194.45,155.56
wireless-earbuds,store_001,2025-07-05 00:00:00,349.47,58.17
smart-watch,store_001,2025-07-05 00:00:00,141.92,202.45
bluetooth-speaker,store_001,2025-07-05 00:00:00,412.35,39.74
noise-cancelling-headphones,store_001,2025-07-05 00:00:00,194.1,175.06
4k-webcam,store_001,2025-07-05 00:00:00,271.4,72.34
mechanical-keyboard,store_001,2025-07-05 00:00:00,171.86,98.63
gaming-mouse,store_001,2025-07-05 00:00:00,318.91,54.94
usb-c-hub,store_001,2025-07-05 00:00:00,460.42,32.28
portable-ssd,store_001,2025-07-05 00:00:00,288.67,72.68
smart-display,store_001,2025-07-05 00:00:00,158.59,131.91
robot-vacuum,store_001,2025-07-05 00:00:00,128.49,242.26
action-camera,store_001,2025-07-05 00:00:00,139.97,138.75
wireless-earbuds,store_001,2025-07-06 00:00:00,298.85,65.66
smart-watch,store_001,2025-07-06 00:00:00,155.02,196.23
bluetooth-speaker,store_001,2025-07-06 00:00:00,389.83,39.56
noise-cancelling-headphones,store_001,2025-07-06 00:00:00,182.18,152.85
4k-webcam,store_001,2025-07-06 00:00:00,248.04,69.87
mechanical-keyboard,store_001,2025-07-06 00:00:00,207.09,101.85
gaming-mouse,store_001,2025-07-06 00:00:00,262.62,57.05
usb-c-hub,store_001,2025-07-06 00:00:00,441.67,30.93
portable-ssd,store_001,2025-07-06 00:00:00,218.6,74.87
smart-display,store_001,2025-07-06 00:00:00,132.36,123.98
robot-vacuum,store_001,2025-07-06 00:00:00,78.08,219.99
action-camera,store_001,2025-07-06 00:00:00,142.91,152.02
wireless-earbuds,store_001,2025-07-07 00:00:00,227.48,57.84
smart-watch,store_001,2025-07-07 00:00:00,99.38,191.79
bluetooth-speaker,store_001,2025-07-07 00:00:00,356.51,41.61
noise-cancelling-headphones,store_001,2025-07-07 00:00:00,132.71,144.75
4k-webcam,store_001,2025-07-07 00:00:00,177.68,76.56
mechanical-keyboard,store_001,2025-07-07 00:00:00,126.87,108.12
gaming-mouse,store_001,2025-07-07 00:00:00,235.94,51.32
usb-c-hub,store_001,2025-07-07 00:00:00,347.63,31.59
portable-ssd,store_001,2025-07-07 00:00:00,152.47,77.35
smart-display,store_001,2025-07-07 00:00:00,141.68,111.78
robot-vacuum,store_001,2025-07-07 00:00:00,54.93,219.78
action-camera,store_001,2025-07-07 00:00:00,143.46,135.77
wireless-earbuds,store_001,2025-07-08 00:00:00,203.95,69.96
smart-watch,store_001,2025-07-08 00:00:00,84.44,207.45
bluetooth-speaker,store_001,2025-07-08 00:00:00,263.62,36.25
noise-cancelling-headphones,store_001,2025-07-08 00:00:00,153.8,174.58
4k-webcam,store_001,2025-07-08 00:00:00,128.05,76.95
mechanical-keyboard,store_001,2025-07-08 00:00:00,144.91,105.05
gaming-mouse,store_001,2025-07-08 00:00:00,226.06,54.49
usb-c-hub,store_001,2025-07-08 00:00:00,294.21,30.27
portable-ssd,store_001,2025-07-08 00:00:00,168.21,70.45
smart-display,store_001,2025-07-08 00:00:00,94.44,122.92
robot-vacuum,store_001,2025-07-08 00:00:00,86.66,249.11
action-camera,store_001,2025-07-08 00:00:00,110.07,129.68
wireless-earbuds,store_001,2025-07-09 00:00:00,194.68,63.08
smart-watch,store_001,2025-07-09 00:00:00,128.86,207.94
bluetooth-speaker,store_001,2025-07-09 00:00:00,303.42,41.01
noise-cancelling-headphones,store_001,2025-07-09 00:00:00,129.9,174.56
4k-webcam,store_001,2025-07-09 00:00:00,202.97,77.63
mechanical-keyboard,store_001,2025-07-09 00:00:00,149.76,101.06
gaming-mouse,store_001,2025-07-09 00:00:00,224.7,56.74
usb-c-hub,store_001,2025-07-09 00:00:00,322.34,31.1
portable-ssd,store_001,2025-07-09 00:00:00,172.83,72.99
smart-display,store_001,2025-07-09 00:00:00,119.22,123.45
robot-vacuum,store_001,2025-07-09 00:00:00,64.57,255.56
action-camera,store_001,2025-07-09 00:00:00,148.3,145.34
wireless-earbuds,store_001,2025-07-10 00:00:00,266.63,66.49
smart-watch,store_001,2025-07-10 00:00:00,99.08,199.15
bluetooth-speaker,store_001,2025-07-10 00:00:00,305.74,43.64
noise-cancelling-headphones,store_001,2025-07-10 00:00:00,175.04,162.24
4k-webcam,store_001,2025-07-10 00:00:00,177.01,70.19
mechanical-keyboard,store_001,2025-07-10 00:00:00,202.62,93.65
gaming-mouse,store_001,2025-07-10 00:00:00,195.33,52.15
usb-c-hub,store_001,2025-07-10 00:00:00,367.36,30.19
portable-ssd,store_001,2025-07-10 00:00:00,168.0,67.85
smart-display,store_001,2025-07-10 00:00:00,105.66,114.11
robot-vacuum,store_001,2025-07-10 00:00:00,89.67,241.78
action-camera,store_001,2025-07-10 00:00:00,136.62,131.35
wireless-earbuds,store_001,2025-07-11 00:00:00,338.72,59.51
smart-watch,store_001,2025-07-11 00:00:00,163.13,192.3
bluetooth-speaker,store_001,2025-07-11 00:00:00,386.73,36.25
noise-cancelling-headphones,store_001,2025-07-11 00:00:00,187.69,172.63
4k-webcam,store_001,2025-07-11 00:00:00,203.46,64.87
mechanical-keyboard,store_001,2025-07-11 00:00:00,214.61,104.85
gaming-mouse,store_001,2025-07-11 00:00:00,325.77,52.09
usb-c-hub,store_001,2025-07-11 00:00:00,378.11,29.36
portable-ssd,store_001,2025-07-11 00:00:00,221.89,78.15
smart-display,store_001,2025-07-11 00:00:00,163.66,124.27
robot-vacuum,store_001,2025-07-11 00:00:00,123.31,252.19
action-camera,store_001,2025-07-11 00:00:00,144.07,145.62
wireless-earbuds,store_001,2025-07-12 00:00:00,366.02,68.61
smart-watch,store_001,2025-07-12 00:00:00,151.06,203.73
bluetooth-speaker,store_001,2025-07-12 00:00:00,394.51,36.36
noise-cancelling-headphones,store_001,2025-07-12 00:00:00,174.13,151.68
4k-webcam,store_001,2025-07-12 00:00:00,218.38,77.53
mechanical-keyboard,store_001,2025-07-12 00:00:00,182.4,101.29
gaming-mouse,store_001,2025-07-12 00:00:00,291.62,55.58
usb-c-hub,store_001,2025-07-12 00:00:00,495.45,32.61
portable-ssd,store_001,2025-07-12 00:00:00,293.37,69.75
smart-display,store_001,2025-07-12 00:00:00,171.65,125.12
robot-vacuum,store_001,2025-07-12 00:00:00,98.79,261.95
action-camera,store_001,2025-07-12 00:00:00,185.64,152.5
wireless-earbuds,store_001,2025-07-13 00:00:00,301.38,69.24
smart-watch,store_001,2025-07-13 00:00:00,114.03,200.88
bluetooth-speaker,store_001,2025-07-13 00:00:00,420.61,40.52
noise-cancelling-headphones,store_001,2025-07-13 00:00:00,158.56,168.72
4k-webcam,store_001,2025-07-13 00:00:00,211.6,72.72
mechanical-keyboard,store_001,2025-07-13 00:00:00,206.45,105.83
gaming-mouse,store_001,2025-07-13 00:00:00,241.13,55.66
usb-c-hub,store_001,2025-07-13 00:00:00,475.02,29.4
portable-ssd,store_001,2025-07-13 00:00:00,221.66,79.08
smart-display,store_001,2025-07-13 00:00:00,145.57,113.66
robot-vacuum,store_001,2025-07-13 00:00:00,72.02,226.36
action-camera,store_001,2025-07-13 00:00:00,150.25,140.4
wireless-earbuds,store_001,2025-07-14 00:00:00,258.9,69.1
smart-watch,store_001,2025-07-14 00:00:00,89.94,191.04
bluetooth-speaker,store_001,2025-07-14 00:00:00,334.18,36.76
noise-cancelling-headphones,store_001,2025-07-14 00:00:00,131.72,149.37
4k-webcam,store_001,2025-07-14 00:00:00,185.88,72.73
mechanical-keyboard,store_001,2025-07-14 00:00:00,138.3,104.75
gaming-mouse,store_001,2025-07-14 00:00:00,179.77,57.81
usb-c-hub,store_001,2025-07-14 00:00:00,278.97,30.4
portable-ssd,store_001,2025-07-14 00:00:00,168.01,67.84
smart-display,store_001,2025-07-14 00:00:00,132.9,125.97
robot-vacuum,store_001,2025-07-14 00:00:00,68.26,261.76
action-camera,store_001,2025-07-14 00:00:00,123.76,146.94
wireless-earbuds,store_001,2025-07-15 00:00:00,229.25,65.62
smart-watch,store_001,2025-07-15 00:00:00,100.48,181.44
bluetooth-speaker,store_001,2025-07-15 00:00:00,256.4,41.56
noise-cancelling-headphones,store_001,2025-07-15 00:00:00,136.99,148.19
4k-webcam,store_001,2025-07-15 00:00:00,152.46,66.62
mechanical-keyboard,store_001,2025-07-15 00:00:00,116.5,98.66
gaming-mouse,store_001,2025-07-15 00:00:00,186.18,51.86
usb-c-hub,store_001,2025-07-15 00:00:00,304.94,30.94
portable-ssd,store_001,2025-07-15 00:00:00,177.95,74.62
smart-display,store_001,2025-07-15 00:00:00,102.96,116.26
robot-vacuum,store_001,2025-07-15 00:00:00,65.94,237.92
action-camera,store_001,2025-07-15 00:00:00,107.68,155.6
wireless-earbuds,store_001,2025-07-16 00:00:00,287.52,58.5
smart-watch,store_001,2025-07-16 00:00:00,120.4,186.47
bluetooth-speaker,store_001,2025-07-16 00:00:00,258.36,41.48
noise-cancelling-headphones,store_001,2025-07-16 00:00:00,128.51,159.02
4k-webcam,store_001,2025-07-16 00:00:00,155.42,67.08
mechanical-keyboard,store_001,2025-07-16 00:00:00,172.23,104.63
gaming-mouse,store_001,2025-07-16 00:00:00,260.51,59.82
usb-c-hub,store_001,2025-07-16 00:00:00,372.58,34.05
portable-ssd,store_001,2025-07-16 00:00:00,204.76,72.96
smart-display,store_001,2025-07-16 00:00:00,118.59,112.87
robot-vacuum,store_001,2025-07-16 00:00:00,83.47,233.6
action-camera,store_001,2025-07-16 00:00:00,140.73,140.21
wireless-earbuds,store_001,2025-07-17 00:00:00,273.9,63.49
smart-watch,store_001,2025-07-17 00:00:00,85.8,215.63
bluetooth-speaker,store_001,2025-07-17 00:00:00,259.64,36.67
noise-cancelling-headphones,store_001,2025-07-17 00:00:00,169.5,156.59
4k-webcam,store_001,2025-07-17 00:00:00,187.66,75.78
mechanical-keyboard,store_001,2025-07-17 00:00:00,187.79,107.24
gaming-mouse,store_001,2025-07-17 00:00:00,190.41,58.06
usb-c-hub,store_001,2025-07-17 00:00:00,366.39,30.0
portable-ssd,store_001,2025-07-17 00:00:00,202.58,74.11
smart-display,store_001,2025-07-17 00:00:00,141.89,118.88
robot-vacuum,store_001,2025-07-17 00:00:00,88.0,258.33
action-camera,store_001,2025-07-17 00:00:00,151.33,138.1
wireless-earbuds,store_001,2025-07-18 00:00:00,331.1,59.35
smart-watch,store_001,2025-07-18 00:00:00,135.84,193.73
bluetooth-speaker,store_001,2025-07-18 00:00:00,357.06,37.2
noise-cancelling-headphones,store_001,2025-07-18 00:00:00,150.99,171.2
4k-webcam,store_001,2025-07-18 00:00:00,189.14,71.89
mechanical-keyboard,store_001,2025-07-18 00:00:00,147.76,113.36
gaming-mouse,store_001,2025-07-18 00:00:00,224.92,52.04
usb-c-hub,store_001,2025-07-18 00:00:00,385.48,30.78
portable-ssd,store_001,2025-07-18 00:00:00,227.33,74.62
smart-display,store_001,2025-07-18 00:00:00,148.03,112.82
robot-vacuum,store_001,2025-07-18 00:00:00,96.61,262.34
action-camera,store_001,2025-07-18 00:00:00,166.25,156.87
wireless-earbuds,store_001,2025-07-19 00:00:00,370.54,58.33
smart-watch,store_001,2025-07-19 00:00:00,142.23,188.99
bluetooth-speaker,store_001,2025-07-19 00:00:00,400.1,42.46
noise-cancelling-headphones,store_001,2025-07-19 00:00:00,221.66,146.51
4k-webcam,store_001,2025-07-19 00:00:00,285.77,70.63
mechanical-keyboard,store_001,2025-07-19 00:00:00,180.05,108.54
gaming-mouse,store_001,2025-07-19 00:00:00,267.01,60.65
usb-c-hub,store_001,2025-07-19 00:00:00,508.05,30.51
portable-ssd,store_001,2025-07-19 00:00:00,226.59,77.68
smart-display,store_001,2025-07-19 00:00:00,174.9,114.43
robot-vacuum,store_001,2025-07-19 00:00:00,106.76,261.45
action-camera,store_001,2025-07-19 00:00:00,136.16,136.5
wireless-earbuds,store_001,2025-07-20 00:00:00,256.84,62.62
smart-watch,store_001,2025-07-20 00:00:00,131.66,203.78
bluetooth-speaker,store_001,2025-07-20 00:00:00,270.69,37.66
noise-cancelling-headphones,store_001,2025-07-20 00:00:00,178.49,146.52
4k-webcam,store_001,2025-07-20 00:00:00,210.25,77.87
mechanical-keyboard,store_001,2025-07-20 00:00:00,211.52,112.84
gaming-mouse,store_001,2025-07-20 00:00:00,341.11,51.37
usb-c-hub,store_001,2025-07-20 00:00:00,375.54,33.66
portable-ssd,store_001,2025-07-20 00:00:00,185.03,73.08
smart-display,store_001,2025-07-20 00:00:00,136.81,128.25
robot-vacuum,store_001,2025-07-20 00:00:00,104.85,237.75
action-camera,store_001,2025-07-20 00:00:00,179.43,133.53
wireless-earbuds,store_001,2025-07-21 00:00:00,187.05,60.99
smart-watch,store_001,2025-07-21 00:00:00,113.73,217.32
bluetooth-speaker,store_001,2025-07-21 00:00:00,242.75,41.2
noise-cancelling-headphones,store_001,2025-07-21 00:00:00,187.37,151.92
4k-webcam,store_001,2025-07-21 00:00:00,204.89,69.13
mechanical-keyboard,store_001,2025-07-21 00:00:00,127.65,100.02
gaming-mouse,store_001,2025-07-21 00:00:00,202.4,52.86
usb-c-hub,store_001,2025-07-21 00:00:00,293.14,30.24
portable-ssd,store_001,2025-07-21 00:00:00,208.1,72.48
smart-display,store_001,2025-07-21 00:00:00,103.35,110.92
robot-vacuum,store_001,2025-07-21 00:00:00,81.22,222.81
action-camera,store_001,2025-07-21 00:00:00,117.62,140.2
wireless-earbuds,store_001,2025-07-22 00:00:00,193.22,61.19
smart-watch,store_001,2025-07-22 00:00:00,95.01,194.5
bluetooth-speaker,store_001,2025-07-22 00:00:00,278.09,39.46
noise-cancelling-headphones,store_001,2025-07-22 00:00:00,117.51,169.51
4k-webcam,store_001,2025-07-22 00:00:00,158.24,74.57
mechanical-keyboard,store_001,2025-07-22 00:00:00,184.62,103.93
gaming-mouse,store_001,2025-07-22 00:00:00,181.27,59.53
usb-c-hub,store_001,2025-07-22 00:00:00,298.94,32.18
portable-ssd,store_001,2025-07-22 00:00:00,160.27,68.0
smart-display,store_001,2025-07-22 00:00:00,80.39,118.86
robot-vacuum,store_001,2025-07-22 00:00:00,61.22,225.03
action-camera,store_001,2025-07-22 00:00:00,108.63,132.8
wireless-earbuds,store_001,2025-07-23 00:00:00,295.07,67.36
smart-watch,store_001,2025-07-23 00:00:00,91.74,212.6
bluetooth-speaker,store_001,2025-07-23 00:00:00,353.39,43.41
noise-cancelling-headphones,store_001,2025-07-23 00:00:00,107.63,164.76
4k-webcam,store_001,2025-07-23 00:00:00,191.84,66.98
mechanical-keyboard,store_001,2025-07-23 00:00:00,146.79,97.3
gaming-mouse,store_001,2025-07-23 00:00:00,238.76,57.81
usb-c-hub,store_001,2025-07-23 00:00:00,338.28,29.56
portable-ssd,store_001,2025-07-23 00:00:00,181.28,74.76
smart-display,store_001,2025-07-23 00:00:00,125.11,130.03
robot-vacuum,store_001,2025-07-23 00:00:00,74.93,220.16
action-camera,store_001,2025-07-23 00:00:00,102.72,155.75
wireless-earbuds,store_001,2025-07-24 00:00:00,258.12,62.09
smart-watch,store_001,2025-07-24 00:00:00,123.12,211.01
bluetooth-speaker,store_001,2025-07-24 00:00:00,340.34,37.48
noise-cancelling-headphones,store_001,2025-07-24 00:00:00,170.42,171.38
4k-webcam,store_001,2025-07-24 00:00:00,192.88,78.71
mechanical-keyboard,store_001,2025-07-24 00:00:00,152.56,112.17
gaming-mouse,store_001,2025-07-24 00:00:00,226.9,52.29
usb-c-hub,store_001,2025-07-24 00:00:00,322.15,33.73
portable-ssd,store_001,2025-07-24 00:00:00,159.38,72.31
smart-display,store_001,2025-07-24 00:00:00,129.75,108.03
robot-vacuum,store_001,2025-07-24 00:00:00,70.49,258.92
action-camera,store_001,2025-07-24 00:00:00,143.24,152.11
wireless-earbuds,store_001,2025-07-25 00:00:00,316.6,64.09
smart-watch,store_001,2025-07-25 00:00:00,134.54,198.77
bluetooth-speaker,store_001,2025-07-25 00:00:00,371.26,36.36
noise-cancelling-headphones,store_001,2025-07-25 00:00:00,192.89,163.42
4k-webcam,store_001,2025-07-25 00:00:00,237.98,67.07
mechanical-keyboard,store_001,2025-07-25 00:00:00,181.76,101.52
gaming-mouse,store_001,2025-07-25 00:00:00,323.14,51.51
usb-c-hub,store_001,2025-07-25 00:00:00,452.55,34.89
portable-ssd,store_001,2025-07-25 00:00:00,228.04,74.55
smart-display,store_001,2025-07-25 00:00:00,145.24,112.38
robot-vacuum,store_001,2025-07-25 00:00:00,112.78,256.4
action-camera,store_001,2025-07-25 00:00:00,186.8,149.97
wireless-earbuds,store_001,2025-07-26 00:00:00,317.65,63.72
smart-watch,store_001,2025-07-26 00:00:00,181.91,210.14
bluetooth-speaker,store_001,2025-07-26 00:00:00,412.9,37.73
noise-cancelling-headphones,store_001,2025-07-26 00:00:00,203.57,148.88
4k-webcam,store_001,2025-07-26 00:00:00,320.2,73.93
mechanical-keyboard,store_001,2025-07-26 00:00:00,195.77,99.67
gaming-mouse,store_001,2025-07-26 00:00:00,312.73,60.0
usb-c-hub,store_001,2025-07-26 00:00:00,458.54,33.38
portable-ssd,store_001,2025-07-26 00:00:00,210.13,67.36
smart-display,store_001,2025-07-26 00:00:00,128.39,117.71
robot-vacuum,store_001,2025-07-26 00:00:00,86.29,263.66
action-camera,store_001,2025-07-26 00:00:00,214.12,148.49
wireless-earbuds,store_001,2025-07-27 00:00:00,300.01,67.71
smart-watch,store_001,2025-07-27 00:00:00,120.02,211.94
bluetooth-speaker,store_001,2025-07-27 00:00:00,423.0,38.16
noise-cancelling-headphones,store_001,2025-07-27 00:00:00,180.83,159.73
4k-webcam,store_001,2025-07-27 00:00:00,240.2,69.33
mechanical-keyboard,store_001,2025-07-27 00:00:00,194.25,113.35
gaming-mouse,store_001,2025-07-27 00:00:00,277.62,50.54
usb-c-hub,store_001,2025-07-27 00:00:00,329.75,30.2
portable-ssd,store_001,2025-07-27 00:00:00,205.83,76.09
smart-display,store_001,2025-07-27 00:00:00,150.66,113.49
robot-vacuum,store_001,2025-07-27 00:00:00,99.3,219.03
action-camera,store_001,2025-07-27 00:00:00,133.82,152.37
wireless-earbuds,store_001,2025-07-28 00:00:00,248.71,67.82
smart-watch,store_001,2025-07-28 00:00:00,94.51,206.38
bluetooth-speaker,store_001,2025-07-28 00:00:00,251.16,36.57
noise-cancelling-headphones,store_001,2025-07-28 00:00:00,144.85,173.38
4k-webcam,store_001,2025-07-28 00:00:00,171.31,78.23
mechanical-keyboard,store_001,2025-07-28 00:00:00,174.25,108.59
gaming-mouse,store_001,2025-07-28 00:00:00,194.81,56.52
usb-c-hub,store_001,2025-07-28 00:00:00,305.92,29.98
portable-ssd,store_001,2025-07-28 00:00:00,172.42,68.44
smart-display,store_001,2025-07-28 00:00:00,111.09,111.79
robot-vacuum,store_001,2025-07-28 00:00:00,80.89,220.61
action-camera,store_001,2025-07-28 00:00:00,119.22,132.18
wireless-earbuds,store_001,2025-07-29 00:00:00,131.92,84.02
smart-watch,store_001,2025-07-29 00:00:00,81.76,272.32
bluetooth-speaker,store_001,2025-07-29 00:00:00,157.55,49.05
noise-cancelling-headphones,store_001,2025-07-29 00:00:00,93.35,200.92
4k-webcam,store_001,2025-07-29 00:00:00,114.88,89.7
mechanical-keyboard,store_001,2025-07-29 00:00:00,113.15,132.64
gaming-mouse,store_001,2025-07-29 00:00:00,130.45,72.44
usb-c-hub,store_001,2025-07-29 00:00:00,210.45,43.66
portable-ssd,store_001,2025-07-29 00:00:00,95.91,89.54
smart-display,store_001,2025-07-29 00:00:00,50.48,145.56
robot-vacuum,store_001,2025-07-29 00:00:00,48.51,311.09
action-camera,store_001,2025-07-29 00:00:00,55.49,187.13
wireless-earbuds,store_001,2025-07-30 00:00:00,177.03,84.31
smart-watch,store_001,2025-07-30 00:00:00,78.06,234.41
bluetooth-speaker,store_001,2025-07-30 00:00:00,229.36,51.36
noise-cancelling-headphones,store_001,2025-07-30 00:00:00,98.94,184.98
4k-webcam,store_001,2025-07-30 00:00:00,145.87,96.15
mechanical-keyboard,store_001,2025-07-30 00:00:00,105.35,129.63
gaming-mouse,store_001,2025-07-30 00:00:00,107.61,69.38
usb-c-hub,store_001,2025-07-30 00:00:00,266.75,39.83
portable-ssd,store_001,2025-07-30 00:00:00,122.85,91.09
smart-display,store_001,2025-07-30 00:00:00,81.96,144.27
robot-vacuum,store_001,2025-07-30 00:00:00,49.49,304.33
action-camera,store_001,2025-07-30 00:00:00,77.53,195.23
wireless-earbuds,store_001,2025-07-31 00:00:00,171.59,78.16
smart-watch,store_001,2025-07-31 00:00:00,75.03,259.52
bluetooth-speaker,store_001,2025-07-31 00:00:00,294.81,49.06
noise-cancelling-headphones,store_001,2025-07-31 00:00:00,111.72,207.95
4k-webcam,store_001,2025-07-31 00:00:00,123.22,98.54
mechanical-keyboard,store_001,2025-07-31 00:00:00,114.73,133.02
gaming-mouse,store_001,2025-07-31 00:00:00,191.9,71.88
usb-c-hub,store_001,2025-07-31 00:00:00,228.86,37.09
portable-ssd,store_001,2025-07-31 00:00:00,131.36,93.49
smart-display,store_001,2025-07-31 00:00:00,76.82,156.56
robot-vacuum,store_001,2025-07-31 00:00:00,61.23,279.66
action-camera,store_001,2025-07-31 00:00:00,104.83,169.42
wireless-earbuds,store_001,2025-08-01 00:00:00,176.51,81.82
smart-watch,store_001,2025-08-01 00:00:00,111.81,256.03
bluetooth-speaker,store_001,2025-08-01 00:00:00,233.72,48.92
noise-cancelling-headphones,store_001,2025-08-01 00:00:00,107.89,196.55
4k-webcam,store_001,2025-08-01 00:00:00,151.72,85.7
mechanical-keyboard,store_001,2025-08-01 00:00:00,133.65,141.0
gaming-mouse,store_001,2025-08-01 00:00:00,199.82,64.01
usb-c-hub,store_001,2025-08-01 00:00:00,242.91,40.89
portable-ssd,store_001,2025-08-01 00:00:00,118.57,94.54
smart-display,store_001,2025-08-01 00:00:00,126.41,156.16
robot-vacuum,store_001,2025-08-01 00:00:00,70.85,283.58
action-camera,store_001,2025-08-01 00:00:00,96.73,193.56
wireless-earbuds,store_001,2025-08-02 00:00:00,220.44,82.51
smart-watch,store_001,2025-08-02 00:00:00,112.02,232.3
bluetooth-speaker,store_001,2025-08-02 00:00:00,321.74,51.04
noise-cancelling-headphones,store_001,2025-08-02 00:00:00,140.6,217.4
4k-webcam,store_001,2025-08-02 00:00:00,205.43,94.86
mechanical-keyboard,store_001,2025-08-02 00:00:00,148.98,139.3
gaming-mouse,store_001,2025-08-02 00:00:00,221.44,63.1
usb-c-hub,store_001,2025-08-02 00:00:00,320.58,40.56
portable-ssd,store_001,2025-08-02 00:00:00,203.36,89.61
smart-display,store_001,2025-08-02 00:00:00,138.19,144.8
robot-vacuum,store_001,2025-08-02 00:00:00,85.16,307.81
action-camera,store_001,2025-08-02 00:00:00,105.96,175.33
wireless-earbuds,store_001,2025-08-03 00:00:00,159.15,74.0
smart-watch,store_001,2025-08-03 00:00:00,93.91,227.14
bluetooth-speaker,store_001,2025-08-03 00:00:00,256.49,54.28
noise-cancelling-headphones,store_001,2025-08-03 00:00:00,143.67,204.43
4k-webcam,store_001,2025-08-03 00:00:00,131.62,94.26
mechanical-keyboard,store_001,2025-08-03 00:00:00,124.67,120.54
gaming-mouse,store_001,2025-08-03 00:00:00,210.7,75.01
usb-c-hub,store_001,2025-08-03 00:00:00,293.66,40.22
portable-ssd,store_001,2025-08-03 00:00:00,135.52,92.29
smart-display,store_001,2025-08-03 00:00:00,87.51,163.9
robot-vacuum,store_001,2025-08-03 00:00:00,52.17,325.35
action-camera,store_001,2025-08-03 00:00:00,101.06,195.99
wireless-earbuds,store_001,2025-08-04 00:00:00,162.0,76.14
smart-watch,store_001,2025-08-04 00:00:00,77.29,244.38
bluetooth-speaker,store_001,2025-08-04 00:00:00,207.39,48.7
noise-cancelling-headphones,store_001,2025-08-04 00:00:00,88.59,191.86
4k-webcam,store_001,2025-08-04 00:00:00,138.85,93.06
mechanical-keyboard,store_001,2025-08-04 00:00:00,133.06,139.3
gaming-mouse,store_001,2025-08-04 00:00:00,156.38,68.68
usb-c-hub,store_001,2025-08-04 00:00:00,235.91,36.14
portable-ssd,store_001,2025-08-04 00:00:00,113.51,90.07
smart-display,store_001,2025-08-04 00:00:00,82.35,159.02
robot-vacuum,store_001,2025-08-04 00:00:00,37.43,271.95
action-camera,store_001,2025-08-04 00:00:00,89.1,197.58
wireless-earbuds,store_001,2025-08-05 00:00:00,120.87,81.1
smart-watch,store_001,2025-08-05 00:00:00,55.72,262.65
bluetooth-speaker,store_001,2025-08-05 00:00:00,183.46,45.89
noise-cancelling-headphones,store_001,2025-08-05 00:00:00,82.2,199.48
4k-webcam,store_001,2025-08-05 00:00:00,121.15,98.87
mechanical-keyboard,store_001,2025-08-05 00:00:00,97.66,138.87
gaming-mouse,store_001,2025-08-05 00:00:00,134.53,74.68
usb-c-hub,store_001,2025-08-05 00:00:00,191.01,37.3
portable-ssd,store_001,2025-08-05 00:00:00,118.81,88.03
smart-display,store_001,2025-08-05 00:00:00,64.32,157.54
robot-vacuum,store_001,2025-08-05 00:00:00,42.31,281.93
action-camera,store_001,2025-08-05 00:00:00,67.32,197.77
wireless-earbuds,store_001,2025-08-06 00:00:00,166.68,74.14
smart-watch,store_001,2025-08-06 00:00:00,67.83,274.56
bluetooth-speaker,store_001,2025-08-06 00:00:00,228.31,47.19
noise-cancelling-headphones,store_001,2025-08-06 00:00:00,126.43,198.73
4k-webcam,store_001,2025-08-06 00:00:00,141.81,88.69
mechanical-keyboard,store_001,2025-08-06 00:00:00,117.86,141.24
gaming-mouse,store_001,2025-08-06 00:00:00,196.74,69.69
usb-c-hub,store_001,2025-08-06 00:00:00,227.11,42.0
portable-ssd,store_001,2025-08-06 00:00:00,117.29,85.99
smart-display,store_001,2025-08-06 00:00:00,101.41,136.67
robot-vacuum,store_001,2025-08-06 00:00:00,57.94,304.89
action-camera,store_001,2025-08-06 00:00:00,81.05,191.37
wireless-earbuds,store_001,2025-08-07 00:00:00,185.24,86.68
smart-watch,store_001,2025-08-07 00:00:00,72.12,227.32
bluetooth-speaker,store_001,2025-08-07 00:00:00,172.08,52.98
noise-cancelling-headphones,store_001,2025-08-07 00:00:00,92.87,211.88
4k-webcam,store_001,2025-08-07 00:00:00,136.26,83.93
mechanical-keyboard,store_001,2025-08-07 00:00:00,120.83,137.71
gaming-mouse,store_001,2025-08-07 00:00:00,159.26,74.39
usb-c-hub,store_001,2025-08-07 00:00:00,285.19,43.32
portable-ssd,store_001,2025-08-07 00:00:00,125.65,94.96
smart-display,store_001,2025-08-07 00:00:00,113.65,162.51
robot-vacuum,store_001,2025-08-07 00:00:00,49.68,285.62
action-camera,store_001,2025-08-07 00:00:00,85.73,190.31
wireless-earbuds,store_001,2025-08-08 00:00:00,155.95,72.79
smart-watch,store_001,2025-08-08 00:00:00,79.7,252.07
bluetooth-speaker,store_001,2025-08-08 00:00:00,206.59,51.77
noise-cancelling-headphones,store_001,2025-08-08 00:00:00,113.11,193.57
4k-webcam,store_001,2025-08-08 00:00:00,176.41,91.77
mechanical-keyboard,store_001,2025-08-08 00:00:00,125.88,132.2
gaming-mouse,store_001,2025-08-08 00:00:00,171.48,66.93
usb-c-hub,store_001,2025-08-08 00:00:00,272.04,40.05
portable-ssd,store_001,2025-08-08 00:00:00,150.4,92.28
smart-display,store_001,2025-08-08 00:00:00,73.04,158.07
robot-vacuum,store_001,2025-08-08 00:00:00,75.19,275.15
action-camera,store_001,2025-08-08 00:00:00,126.63,181.1
wireless-earbuds,store_001,2025-08-09 00:00:00,227.7,87.71
smart-watch,store_001,2025-08-09 00:00:00,96.23,265.36
bluetooth-speaker,store_001,2025-08-09 00:00:00,260.35,54.75
noise-cancelling-headphones,store_001,2025-08-09 00:00:00,140.18,214.19
4k-webcam,store_001,2025-08-09 00:00:00,182.17,95.35
mechanical-keyboard,store_001,2025-08-09 00:00:00,122.78,132.54
gaming-mouse,store_001,2025-08-09 00:00:00,181.31,66.52
usb-c-hub,store_001,2025-08-09 00:00:00,366.8,40.78
portable-ssd,store_001,2025-08-09 00:00:00,174.66,82.83
smart-display,store_001,2025-08-09 00:00:00,87.77,162.15
robot-vacuum,store_001,2025-08-09 00:00:00,88.7,303.44
action-camera,store_001,2025-08-09 00:00:00,120.75,162.76
wireless-earbuds,store_001,2025-08-10 00:00:00,226.18,74.81
smart-watch,store_001,2025-08-10 00:00:00,78.58,259.24
bluetooth-speaker,store_001,2025-08-10 00:00:00,251.58,54.57
noise-cancelling-headphones,store_001,2025-08-10 00:00:00,135.06,209.59
4k-webcam,store_001,2025-08-10 00:00:00,186.27,98.56
mechanical-keyboard,store_001,2025-08-10 00:00:00,137.53,128.5
gaming-mouse,store_001,2025-08-10 00:00:00,183.91,70.25
usb-c-hub,store_001,2025-08-10 00:00:00,273.62,40.63
portable-ssd,store_001,2025-08-10 00:00:00,152.38,83.98
smart-display,store_001,2025-08-10 00:00:00,97.73,153.41
robot-vacuum,store_001,2025-08-10 00:00:00,57.77,306.71
action-camera,store_001,2025-08-10 00:00:00,108.73,168.81
wireless-earbuds,store_001,2025-08-11 00:00:00,142.66,86.45
smart-watch,store_001,2025-08-11 00:00:00,59.12,256.72
bluetooth-speaker,store_001,2025-08-11 00:00:00,203.04,48.16
noise-cancelling-headphones,store_001,2025-08-11 00:00:00,122.97,187.39
4k-webcam,store_001,2025-08-11 00:00:00,124.18,83.87
mechanical-keyboard,store_001,2025-08-11 00:00:00,97.89,120.98
gaming-mouse,store_001,2025-08-11 00:00:00,112.22,64.16
usb-c-hub,store_001,2025-08-11 00:00:00,225.64,37.06
portable-ssd,store_001,2025-08-11 00:00:00,93.76,83.71
smart-display,store_001,2025-08-11 00:00:00,68.12,137.13
robot-vacuum,store_001,2025-08-11 00:00:00,57.73,283.09
action-camera,store_001,2025-08-11 00:00:00,76.13,173.43
wireless-earbuds,store_001,2025-08-12 00:00:00,150.12,78.96
smart-watch,store_001,2025-08-12 00:00:00,51.16,261.0
bluetooth-speaker,store_001,2025-08-12 00:00:00,181.16,52.22
noise-cancelling-headphones,store_001,2025-08-12 00:00:00,91.16,218.15
4k-webcam,store_001,2025-08-12 00:00:00,127.27,85.66
mechanical-keyboard,store_001,2025-08-12 00:00:00,98.32,133.79
gaming-mouse,store_001,2025-08-12 00:00:00,131.47,64.49
usb-c-hub,store_001,2025-08-12 00:00:00,191.76,42.07
portable-ssd,store_001,2025-08-12 00:00:00,114.71,96.31
smart-display,store_001,2025-08-12 00:00:00,69.22,139.7
robot-vacuum,store_001,2025-08-12 00:00:00,43.01,275.65
action-camera,store_001,2025-08-12 00:00:00,69.12,190.15
wireless-earbuds,store_001,2025-08-13 00:00:00,147.56,86.12
smart-watch,store_001,2025-08-13 00:00:00,72.01,251.91
bluetooth-speaker,store_001,2025-08-13 00:00:00,222.82,54.9
noise-cancelling-headphones,store_001,2025-08-13 00:00:00,89.03,180.33
4k-webcam,store_001,2025-08-13 00:00:00,129.33,91.0
mechanical-keyboard,store_001,2025-08-13 00:00:00,110.17,125.03
gaming-mouse,store_001,2025-08-13 00:00:00,134.09,63.0
usb-c-hub,store_001,2025-08-13 00:00:00,225.65,37.41
portable-ssd,store_001,2025-08-13 00:00:00,147.29,92.48
smart-display,store_001,2025-08-13 00:00:00,70.2,159.95
robot-vacuum,store_001,2025-08-13 00:00:00,36.7,308.26
action-camera,store_001,2025-08-13 00:00:00,88.41,193.32
wireless-earbuds,store_001,2025-08-14 00:00:00,185.7,78.96
smart-watch,store_001,2025-08-14 00:00:00,62.91,239.8
bluetooth-speaker,store_001,2025-08-14 00:00:00,219.61,49.35
noise-cancelling-headphones,store_001,2025-08-14 00:00:00,124.67,182.99
4k-webcam,store_001,2025-08-14 00:00:00,148.48,86.11
mechanical-keyboard,store_001,2025-08-14 00:00:00,121.03,130.82
gaming-mouse,store_001,2025-08-14 00:00:00,150.16,76.12
usb-c-hub,store_001,2025-08-14 00:00:00,206.12,40.54
portable-ssd,store_001,2025-08-14 00:00:00,156.43,96.52
smart-display,store_001,2025-08-14 00:00:00,68.83,159.75
robot-vacuum,store_001,2025-08-14 00:00:00,41.87,286.65
action-camera,store_001,2025-08-14 00:00:00,96.33,165.47
wireless-earbuds,store_001,2025-08-15 00:00:00,247.25,80.78
smart-watch,store_001,2025-08-15 00:00:00,112.49,268.75
bluetooth-speaker,store_001,2025-08-15 00:00:00,244.03,46.67
noise-cancelling-headphones,store_001,2025-08-15 00:00:00,136.15,180.21
4k-webcam,store_001,2025-08-15 00:00:00,185.99,84.47
mechanical-keyboard,store_001,2025-08-15 00:00:00,128.8,139.69
gaming-mouse,store_001,2025-08-15 00:00:00,226.56,65.5
usb-c-hub,store_001,2025-08-15 00:00:00,304.02,40.23
portable-ssd,store_001,2025-08-15 00:00:00,140.51,90.95
smart-display,store_001,2025-08-15 00:00:00,127.84,147.53
robot-vacuum,store_001,2025-08-15 00:00:00,62.86,316.03
action-camera,store_001,2025-08-15 00:00:00,112.36,178.23
wireless-earbuds,store_001,2025-08-16 00:00:00,185.52,84.09
smart-watch,store_001,2025-08-16 00:00:00,86.09,267.88
bluetooth-speaker,store_001,2025-08-16 00:00:00,276.87,53.81
noise-cancelling-headphones,store_001,2025-08-16 00:00:00,151.0,215.71
4k-webcam,store_001,2025-08-16 00:00:00,161.07,95.65
mechanical-keyboard,store_001,2025-08-16 00:00:00,117.92,136.41
gaming-mouse,store_001,2025-08-16 00:00:00,155.62,76.48
usb-c-hub,store_001,2025-08-16 00:00:00,285.0,41.99
portable-ssd,store_001,2025-08-16 00:00:00,166.95,85.45
smart-display,store_001,2025-08-16 00:00:00,100.19,163.94
robot-vacuum,store_001,2025-08-16 00:00:00,93.38,309.82
action-camera,store_001,2025-08-16 00:00:00,136.39,169.23
wireless-earbuds,store_001,2025-08-17 00:00:00,220.39,80.64
smart-watch,store_001,2025-08-17 00:00:00,98.78,273.53
bluetooth-speaker,store_001,2025-08-17 00:00:00,224.76,52.27
noise-cancelling-headphones,store_001,2025-08-17 00:00:00,134.82,199.06
4k-webcam,store_001,2025-08-17 00:00:00,130.39,81.35
mechanical-keyboard,store_001,2025-08-17 00:00:00,95.24,129.53
gaming-mouse,store_001,2025-08-17 00:00:00,157.47,71.8
usb-c-hub,store_001,2025-08-17 00:00:00,313.96,40.65
portable-ssd,store_001,2025-08-17 00:00:00,179.75,82.8
smart-display,store_001,2025-08-17 00:00:00,94.07,142.98
robot-vacuum,store_001,2025-08-17 00:00:00,63.5,296.67
action-camera,store_001,2025-08-17 00:00:00,89.76,178.57
wireless-earbuds,store_001,2025-08-18 00:00:00,131.02,78.69
smart-watch,store_001,2025-08-18 00:00:00,60.94,257.15
bluetooth-speaker,store_001,2025-08-18 00:00:00,166.42,46.77
noise-cancelling-headphones,store_001,2025-08-18 00:00:00,84.61,219.62
4k-webcam,store_001,2025-08-18 00:00:00,122.59,87.63
mechanical-keyboard,store_001,2025-08-18 00:00:00,85.83,127.37
gaming-mouse,store_001,2025-08-18 00:00:00,120.47,71.04
usb-c-hub,store_001,2025-08-18 00:00:00,240.16,38.58
portable-ssd,store_001,2025-08-18 00:00:00,114.26,97.03
smart-display,store_001,2025-08-18 00:00:00,91.73,144.77
robot-vacuum,store_001,2025-08-18 00:00:00,39.78,270.53
action-camera,store_001,2025-08-18 00:00:00,73.59,172.71
wireless-earbuds,store_001,2025-08-19 00:00:00,182.7,76.28
smart-watch,store_001,2025-08-19 00:00:00,73.18,263.23
bluetooth-speaker,store_001,2025-08-19 00:00:00,139.27,45.62
noise-cancelling-headphones,store_001,2025-08-19 00:00:00,92.82,204.74
4k-webcam,store_001,2025-08-19 00:00:00,91.64,91.71
mechanical-keyboard,store_001,2025-08-19 00:00:00,99.64,134.66
gaming-mouse,store_001,2025-08-19 00:00:00,125.84,70.98
usb-c-hub,store_001,2025-08-19 00:00:00,225.34,36.59
portable-ssd,store_001,2025-08-19 00:00:00,76.96,96.23
smart-display,store_001,2025-08-19 00:00:00,74.11,148.85
robot-vacuum,store_001,2025-08-19 00:00:00,39.48,290.59
action-camera,store_001,2025-08-19 00:00:00,88.23,182.92
wireless-earbuds,store_001,2025-08-20 00:00:00,169.25,84.41
smart-watch,store_001,2025-08-20 00:00:00,65.13,238.25
bluetooth-speaker,store_001,2025-08-20 00:00:00,196.09,51.39
noise-cancelling-headphones,store_001,2025-08-20 00:00:00,106.5,215.02
4k-webcam,store_001,2025-08-20 00:00:00,110.74,98.75
mechanical-keyboard,store_001,2025-08-20 00:00:00,120.63,120.62
gaming-mouse,store_001,2025-08-20 00:00:00,133.69,71.42
usb-c-hub,store_001,2025-08-20 00:00:00,250.57,42.71
portable-ssd,store_001,2025-08-20 00:00:00,130.97,90.35
smart-display,store_001,2025-08-20 00:00:00,83.89,135.01
robot-vacuum,store_001,2025-08-20 00:00:00,59.38,309.93
action-camera,store_001,2025-08-20 00:00:00,83.67,179.36
wireless-earbuds,store_001,2025-08-21 00:00:00,166.22,81.51
smart-watch,store_001,2025-08-21 00:00:00,63.85,266.66
bluetooth-speaker,store_001,2025-08-21 00:00:00,217.81,54.83
noise-cancelling-headphones,store_001,2025-08-21 00:00:00,99.35,185.97
4k-webcam,store_001,2025-08-21 00:00:00,143.05,81.84
mechanical-keyboard,store_001,2025-08-21 00:00:00,112.05,134.66
gaming-mouse,store_001,2025-08-21 00:00:00,150.09,71.28
usb-c-hub,store_001,2025-08-21 00:00:00,174.63,40.76
portable-ssd,store_001,2025-08-21 00:00:00,110.48,87.42
smart-display,store_001,2025-08-21 00:00:00,84.29,151.73
robot-vacuum,store_001,2025-08-21 00:00:00,54.08,302.47
action-camera,store_001,2025-08-21 00:00:00,77.82,197.65
wireless-earbuds,store_001,2025-08-22 00:00:00,176.9,79.67
smart-watch,store_001,2025-08-22 00:00:00,89.72,225.97
bluetooth-speaker,store_001,2025-08-22 00:00:00,286.41,51.42
noise-cancelling-headphones,store_001,2025-08-22 00:00:00,144.26,184.51
4k-webcam,store_001,2025-08-22 00:00:00,144.31,83.2
mechanical-keyboard,store_001,2025-08-22 00:00:00,124.34,140.88
gaming-mouse,store_001,2025-08-22 00:00:00,178.0,71.32
usb-c-hub,store_001,2025-08-22 00:00:00,403.17,39.86
portable-ssd,store_001,2025-08-22 00:00:00,125.21,97.71
smart-display,store_001,2025-08-22 00:00:00,69.24,146.22
robot-vacuum,store_001,2025-08-22 00:00:00,67.86,316.68
action-camera,store_001,2025-08-22 00:00:00,121.67,194.75
wireless-earbuds,store_001,2025-08-23 00:00:00,202.65,77.04
smart-watch,store_001,2025-08-23 00:00:00,89.07,233.9
bluetooth-speaker,store_001,2025-08-23 00:00:00,290.78,48.31
noise-cancelling-headphones,store_001,2025-08-23 00:00:00,134.69,205.4
4k-webcam,store_001,2025-08-23 00:00:00,172.85,89.97
mechanical-keyboard,store_001,2025-08-23 00:00:00,131.12,127.1
gaming-mouse,store_001,2025-08-23 00:00:00,171.0,71.35
usb-c-hub,store_001,2025-08-23 00:00:00,288.25,38.6
portable-ssd,store_001,2025-08-23 00:00:00,202.11,85.04
smart-display,store_001,2025-08-23 00:00:00,133.8,159.9
robot-vacuum,store_001,2025-08-23 00:00:00,72.69,283.08
action-camera,store_001,2025-08-23 00:00:00,124.36,191.83
wireless-earbuds,store_001,2025-08-24 00:00:00,193.2,78.3
smart-watch,store_001,2025-08-24 00:00:00,79.4,272.31
bluetooth-speaker,store_001,2025-08-24 00:00:00,242.88,49.71
noise-cancelling-headphones,store_001,2025-08-24 00:00:00,103.44,205.59
4k-webcam,store_001,2025-08-24 00:00:00,145.03,94.89
mechanical-keyboard,store_001,2025-08-24 00:00:00,115.1,131.17
gaming-mouse,store_001,2025-08-24 00:00:00,182.96,72.44
usb-c-hub,store_001,2025-08-24 00:00:00,297.81,37.36
portable-ssd,store_001,2025-08-24 00:00:00,125.03,87.22
smart-display,store_001,2025-08-24 00:00:00,86.13,144.37
robot-vacuum,store_001,2025-08-24 00:00:00,45.76,292.08
action-camera,store_001,2025-08-24 00:00:00,133.83,164.39
wireless-earbuds,store_001,2025-08-25 00:00:00,138.04,72.75
smart-watch,store_001,2025-08-25 00:00:00,69.55,229.63
bluetooth-speaker,store_001,2025-08-25 00:00:00,170.76,52.64
noise-cancelling-headphones,store_001,2025-08-25 00:00:00,89.22,194.26
4k-webcam,store_001,2025-08-25 00:00:00,123.62,94.37
mechanical-keyboard,store_001,2025-08-25 00:00:00,104.14,119.91
gaming-mouse,store_001,2025-08-25 00:00:00,144.36,67.19
usb-c-hub,store_001,2025-08-25 00:00:00,170.85,40.56
portable-ssd,store_001,2025-08-25 00:00:00,104.07,84.65
smart-display,store_001,2025-08-25 00:00:00,82.73,149.64
robot-vacuum,store_001,2025-08-25 00:00:00,46.36,283.06
action-camera,store_001,2025-08-25 00:00:00,85.61,190.34
wireless-earbuds,store_001,2025-08-26 00:00:00,133.62,86.68
smart-watch,store_001,2025-08-26 00:00:00,50.5,246.35
bluetooth-speaker,store_001,2025-08-26 00:00:00,198.72,46.74
noise-cancelling-headphones,store_001,2025-08-26 00:00:00,78.98,182.72
4k-webcam,store_001,2025-08-26 00:00:00,112.64,81.16
mechanical-keyboard,store_001,2025-08-26 00:00:00,75.67,128.29
gaming-mouse,store_001,2025-08-26 00:00:00,133.41,69.22
usb-c-hub,store_001,2025-08-26 00:00:00,212.04,38.6
portable-ssd,store_001,2025-08-26 00:00:00,84.05,89.68
smart-display,store_001,2025-08-26 00:00:00,49.53,150.35
robot-vacuum,store_001,2025-08-26 00:00:00,53.58,295.48
action-camera,store_001,2025-08-26 00:00:00,82.93,172.52
wireless-earbuds,store_001,2025-08-27 00:00:00,166.93,79.07
smart-watch,store_001,2025-08-27 00:00:00,62.8,233.12
bluetooth-speaker,store_001,2025-08-27 00:00:00,228.21,48.09
noise-cancelling-headphones,store_001,2025-08-27 00:00:00,84.36,195.83
4k-webcam,store_001,2025-08-27 00:00:00,96.86,92.31
mechanical-keyboard,store_001,2025-08-27 00:00:00,97.46,142.25
gaming-mouse,store_001,2025-08-27 00:00:00,128.53,74.05
usb-c-hub,store_001,2025-08-27 00:00:00,241.4,36.89
portable-ssd,store_001,2025-08-27 00:00:00,98.86,91.38
smart-display,store_001,2025-08-27 00:00:00,74.33,142.01
robot-vacuum,store_001,2025-08-27 00:00:00,62.01,312.25
action-camera,store_001,2025-08-27 00:00:00,77.54,176.74
wireless-earbuds,store_001,2025-08-28 00:00:00,133.26,76.71
smart-watch,store_001,2025-08-28 00:00:00,72.51,271.88
bluetooth-speaker,store_001,2025-08-28 00:00:00,201.86,54.0
noise-cancelling-headphones,store_001,2025-08-28 00:00:00,85.87,208.96
4k-webcam,store_001,2025-08-28 00:00:00,112.08,96.77
mechanical-keyboard,store_001,2025-08-28 00:00:00,96.57,140.12
gaming-mouse,store_001,2025-08-28 00:00:00,141.62,70.27
usb-c-hub,store_001,2025-08-28 00:00:00,246.76,41.92
portable-ssd,store_001,2025-08-28 00:00:00,133.43,88.93
smart-display,store_001,2025-08-28 00:00:00,77.33,156.92
robot-vacuum,store_001,2025-08-28 00:00:00,39.01,320.3
action-camera,store_001,2025-08-28 00:00:00,50.09,172.76
wireless-earbuds,store_001,2025-08-29 00:00:00,155.86,79.22
smart-watch,store_001,2025-08-29 00:00:00,90.2,225.71
bluetooth-speaker,store_001,2025-08-29 00:00:00,243.09,54.64
noise-cancelling-headphones,store_001,2025-08-29 00:00:00,124.32,212.42
4k-webcam,store_001,2025-08-29 00:00:00,172.06,89.92
mechanical-keyboard,store_001,2025-08-29 00:00:00,97.8,130.59
gaming-mouse,store_001,2025-08-29 00:00:00,175.22,73.16
usb-c-hub,store_001,2025-08-29 00:00:00,297.98,37.67
portable-ssd,store_001,2025-08-29 00:00:00,109.58,83.04
smart-display,store_001,2025-08-29 00:00:00,106.05,142.36
robot-vacuum,store_001,2025-08-29 00:00:00,71.36,286.5
action-camera,store_001,2025-08-29 00:00:00,69.87,182.74
wireless-earbuds,store_001,2025-08-30 00:00:00,211.71,82.5
smart-watch,store_001,2025-08-30 00:00:00,85.98,267.17
bluetooth-speaker,store_001,2025-08-30 00:00:00,202.46,49.44
noise-cancelling-headphones,store_001,2025-08-30 00:00:00,114.3,194.81
4k-webcam,store_001,2025-08-30 00:00:00,175.08,91.52
mechanical-keyboard,store_001,2025-08-30 00:00:00,181.81,137.51
gaming-mouse,store_001,2025-08-30 00:00:00,244.43,70.05
usb-c-hub,store_001,2025-08-30 00:00:00,323.82,42.03
portable-ssd,store_001,2025-08-30 00:00:00,121.77,93.03
smart-display,store_001,2025-08-30 00:00:00,117.99,155.19
robot-vacuum,store_001,2025-08-30 00:00:00,88.15,284.46
action-camera,store_001,2025-08-30 00:00:00,84.33,162.37
wireless-earbuds,store_001,2025-08-31 00:00:00,205.89,87.75
smart-watch,store_001,2025-08-31 00:00:00,82.77,257.31
bluetooth-speaker,store_001,2025-08-31 00:00:00,224.26,45.41
noise-cancelling-headphones,store_001,2025-08-31 00:00:00,130.54,201.23
4k-webcam,store_001,2025-08-31 00:00:00,150.08,93.9
mechanical-keyboard,store_001,2025-08-31 00:00:00,112.21,125.51
gaming-mouse,store_001,2025-08-31 00:00:00,178.52,65.88
usb-c-hub,store_001,2025-08-31 00:00:00,270.09,38.74
portable-ssd,store_001,2025-08-31 00:00:00,130.78,87.81
smart-display,store_001,2025-08-31 00:00:00,76.36,162.44
robot-vacuum,store_001,2025-08-31 00:00:00,69.73,305.96
action-camera,store_001,2025-08-31 00:00:00,78.84,169.51
wireless-earbuds,store_001,2025-09-01 00:00:00,144.53,82.02
smart-watch,store_001,2025-09-01 00:00:00,73.87,273.76
bluetooth-speaker,store_001,2025-09-01 00:00:00,230.97,48.66
noise-cancelling-headphones,store_001,2025-09-01 00:00:00,76.93,198.0
4k-webcam,store_001,2025-09-01 00:00:00,105.62,95.76
mechanical-keyboard,store_001,2025-09-01 00:00:00,120.93,129.66
gaming-mouse,store_001,2025-09-01 00:00:00,129.25,64.41
usb-c-hub,store_001,2025-09-01 00:00:00,236.67,39.13
portable-ssd,store_001,2025-09-01 00:00:00,114.36,90.14
smart-display,store_001,2025-09-01 00:00:00,73.47,149.57
robot-vacuum,store_001,2025-09-01 00:00:00,35.51,295.3
action-camera,store_001,2025-09-01 00:00:00,57.05,175.61
wireless-earbuds,store_001,2025-09-02 00:00:00,184.94,80.33
smart-watch,store_001,2025-09-02 00:00:00,61.96,237.73
bluetooth-speaker,store_001,2025-09-02 00:00:00,207.49,45.34
noise-cancelling-headphones,store_001,2025-09-02 00:00:00,95.74,219.96
4k-webcam,store_001,2025-09-02 00:00:00,74.17,84.68
mechanical-keyboard,store_001,2025-09-02 00:00:00,97.65,138.26
gaming-mouse,store_001,2025-09-02 00:00:00,145.91,76.64
usb-c-hub,store_001,2025-09-02 00:00:00,165.1,36.29
portable-ssd,store_001,2025-09-02 00:00:00,101.05,98.63
smart-display,store_001,2025-09-02 00:00:00,64.6,139.27
robot-vacuum,store_001,2025-09-02 00:00:00,35.4,300.54
action-camera,store_001,2025-09-02 00:00:00,60.96,184.81
wireless-earbuds,store_001,2025-09-03 00:00:00,147.45,81.25
smart-watch,store_001,2025-09-03 00:00:00,58.33,264.7
bluetooth-speaker,store_001,2025-09-03 00:00:00,219.76,45.44
noise-cancelling-headphones,store_001,2025-09-03 00:00:00,85.99,190.4
4k-webcam,store_001,2025-09-03 00:00:00,112.08,92.27
mechanical-keyboard,store_001,2025-09-03 00:00:00,72.68,117.08
gaming-mouse,store_001,2025-09-03 00:00:00,142.61,66.89
usb-c-hub,store_001,2025-09-03 00:00:00,239.23,39.62
portable-ssd,store_001,2025-09-03 00:00:00,102.23,83.0
smart-display,store_001,2025-09-03 00:00:00,80.54,159.92
robot-vacuum,store_001,2025-09-03 00:00:00,45.77,278.14
action-camera,store_001,2025-09-03 00:00:00,51.0,178.32
wireless-earbuds,store_001,2025-09-04 00:00:00,153.31,84.89
smart-watch,store_001,2025-09-04 00:00:00,63.4,274.24
bluetooth-speaker,store_001,2025-09-04 00:00:00,201.43,53.2
noise-cancelling-headphones,store_001,2025-09-04 00:00:00,73.9,210.62
4k-webcam,store_001,2025-09-04 00:00:00,146.56,90.06
mechanical-keyboard,store_001,2025-09-04 00:00:00,110.67,118.68
gaming-mouse,store_001,2025-09-04 00:00:00,127.75,73.45
usb-c-hub,store_001,2025-09-04 00:00:00,209.1,37.77
portable-ssd,store_001,2025-09-04 00:00:00,115.3,89.08
smart-display,store_001,2025-09-04 00:00:00,83.95,137.82
robot-vacuum,store_001,2025-09-04 00:00:00,48.57,276.75
action-camera,store_001,2025-09-04 00:00:00,48.1,168.94
wireless-earbuds,store_001,2025-09-05 00:00:00,202.0,74.97
smart-watch,store_001,2025-09-05 00:00:00,72.14,231.65
bluetooth-speaker,store_001,2025-09-05 00:00:00,269.97,47.61
noise-cancelling-headphones,store_001,2025-09-05 00:00:00,122.09,186.81
4k-webcam,store_001,2025-09-05 00:00:00,174.59,94.02
mechanical-keyboard,store_001,2025-09-05 00:00:00,110.04,129.0
gaming-mouse,store_001,2025-09-05 00:00:00,234.77,63.78
usb-c-hub,store_001,2025-09-05 00:00:00,268.48,41.51
portable-ssd,store_001,2025-09-05 00:00:00,150.55,83.86
smart-display,store_001,2025-09-05 00:00:00,91.22,158.41
robot-vacuum,store_001,2025-09-05 00:00:00,73.96,298.95
action-camera,store_001,2025-09-05 00:00:00,63.48,165.55
wireless-earbuds,store_001,2025-09-06 00:00:00,197.34,80.69
smart-watch,store_001,2025-09-06 00:00:00,88.93,254.36
bluetooth-speaker,store_001,2025-09-06 00:00:00,253.54,54.82
noise-cancelling-headphones,store_001,2025-09-06 00:00:00,102.13,202.96
4k-webcam,store_001,2025-09-06 00:00:00,182.63,89.92
mechanical-keyboard,store_001,2025-09-06 00:00:00,158.87,120.74
gaming-mouse,store_001,2025-09-06 00:00:00,175.57,72.03
usb-c-hub,store_001,2025-09-06 00:00:00,346.03,39.34
portable-ssd,store_001,2025-09-06 00:00:00,201.69,84.45
smart-display,store_001,2025-09-06 00:00:00,122.61,147.94
robot-vacuum,store_001,2025-09-06 00:00:00,65.65,278.95
action-camera,store_001,2025-09-06 00:00:00,77.64,186.99
wireless-earbuds,store_001,2025-09-07 00:00:00,231.85,72.55
smart-watch,store_001,2025-09-07 00:00:00,99.73,263.96
bluetooth-speaker,store_001,2025-09-07 00:00:00,246.3,46.35
noise-cancelling-headphones,store_001,2025-09-07 00:00:00,138.23,187.85
4k-webcam,store_001,2025-09-07 00:00:00,183.44,89.36
mechanical-keyboard,store_001,2025-09-07 00:00:00,117.44,117.77
gaming-mouse,store_001,2025-09-07 00:00:00,189.94,74.16
usb-c-hub,store_001,2025-09-07 00:00:00,250.97,36.2
portable-ssd,store_001,2025-09-07 00:00:00,125.52,94.54
smart-display,store_001,2025-09-07 00:00:00,104.77,148.53
robot-vacuum,store_001,2025-09-07 00:00:00,60.59,292.83
action-camera,store_001,2025-09-07 00:00:00,82.92,180.33
wireless-earbuds,store_001,2025-09-08 00:00:00,166.65,74.96
smart-watch,store_001,2025-09-08 00:00:00,60.92,266.17
bluetooth-speaker,store_001,2025-09-08 00:00:00,153.84,52.42
noise-cancelling-headphones,store_001,2025-09-08 00:00:00,101.4,219.94
4k-webcam,store_001,2025-09-08 00:00:00,110.64,98.35
mechanical-keyboard,store_001,2025-09-08 00:00:00,101.47,117.15
gaming-mouse,store_001,2025-09-08 00:00:00,143.21,76.69
usb-c-hub,store_001,2025-09-08 00:00:00,206.91,42.07
portable-ssd,store_001,2025-09-08 00:00:00,92.49,84.3
smart-display,store_001,2025-09-08 00:00:00,91.59,154.43
robot-vacuum,store_001,2025-09-08 00:00:00,53.57,305.25
action-camera,store_001,2025-09-08 00:00:00,53.55,167.1
wireless-earbuds,store_001,2025-09-09 00:00:00,127.81,81.32
smart-watch,store_001,2025-09-09 00:00:00,44.22,266.15
bluetooth-speaker,store_001,2025-09-09 00:00:00,189.96,51.16
noise-cancelling-headphones,store_001,2025-09-09 00:00:00,74.62,187.3
4k-webcam,store_001,2025-09-09 00:00:00,105.39,97.6
mechanical-keyboard,store_001,2025-09-09 00:00:00,83.19,119.04
gaming-mouse,store_001,2025-09-09 00:00:00,92.84,63.33
usb-c-hub,store_001,2025-09-09 00:00:00,180.97,37.06
portable-ssd,store_001,2025-09-09 00:00:00,124.86,90.71
smart-display,store_001,2025-09-09 00:00:00,66.73,136.1
robot-vacuum,store_001,2025-09-09 00:00:00,51.96,327.29
action-camera,store_001,2025-09-09 00:00:00,57.09,195.19
wireless-earbuds,store_001,2025-09-10 00:00:00,182.04,78.46
smart-watch,store_001,2025-09-10 00:00:00,70.33,239.27
bluetooth-speaker,store_001,2025-09-10 00:00:00,173.12,49.78
noise-cancelling-headphones,store_001,2025-09-10 00:00:00,83.76,215.14
4k-webcam,store_001,2025-09-10 00:00:00,149.09,89.34
mechanical-keyboard,store_001,2025-09-10 00:00:00,89.53,140.59
gaming-mouse,store_001,2025-09-10 00:00:00,127.0,63.32
usb-c-hub,store_001,2025-09-10 00:00:00,203.37,39.5
portable-ssd,store_001,2025-09-10 00:00:00,83.3,82.96
smart-display,store_001,2025-09-10 00:00:00,59.44,143.74
robot-vacuum,store_001,2025-09-10 00:00:00,50.53,272.61
action-camera,store_001,2025-09-10 00:00:00,56.87,188.52
wireless-earbuds,store_001,2025-09-11 00:00:00,158.47,87.07
smart-watch,store_001,2025-09-11 00:00:00,53.46,255.39
bluetooth-speaker,store_001,2025-09-11 00:00:00,213.53,48.25
noise-cancelling-headphones,store_001,2025-09-11 00:00:00,94.68,201.6
4k-webcam,store_001,2025-09-11 00:00:00,102.22,81.69
mechanical-keyboard,store_001,2025-09-11 00:00:00,113.74,122.81
gaming-mouse,store_001,2025-09-11 00:00:00,171.59,65.62
usb-c-hub,store_001,2025-09-11 00:00:00,210.06,36.07
portable-ssd,store_001,2025-09-11 00:00:00,120.06,89.84
smart-display,store_001,2025-09-11 00:00:00,74.08,139.44
robot-vacuum,store_001,2025-09-11 00:00:00,70.17,282.48
action-camera,store_001,2025-09-11 00:00:00,67.04,164.19
wireless-earbuds,store_001,2025-09-12 00:00:00,237.23,76.66
smart-watch,store_001,2025-09-12 00:00:00,82.12,245.16
bluetooth-speaker,store_001,2025-09-12 00:00:00,270.37,50.15
noise-cancelling-headphones,store_001,2025-09-12 00:00:00,120.69,211.12
4k-webcam,store_001,2025-09-12 00:00:00,171.01,95.36
mechanical-keyboard,store_001,2025-09-12 00:00:00,141.63,141.82
gaming-mouse,store_001,2025-09-12 00:00:00,179.75,71.78
usb-c-hub,store_001,2025-09-12 00:00:00,230.52,37.1
portable-ssd,store_001,2025-09-12 00:00:00,98.01,91.47
smart-display,store_001,2025-09-12 00:00:00,95.61,158.19
robot-vacuum,store_001,2025-09-12 00:00:00,58.1,293.28
action-camera,store_001,2025-09-12 00:00:00,59.78,188.38
wireless-earbuds,store_001,2025-09-13 00:00:00,173.01,87.07
smart-watch,store_001,2025-09-13 00:00:00,113.89,252.37
bluetooth-speaker,store_001,2025-09-13 00:00:00,253.63,45.5
noise-cancelling-headphones,store_001,2025-09-13 00:00:00,116.26,212.63
4k-webcam,store_001,2025-09-13 00:00:00,178.66,85.47
mechanical-keyboard,store_001,2025-09-13 00:00:00,147.2,119.51
gaming-mouse,store_001,2025-09-13 00:00:00,239.39,64.34
usb-c-hub,store_001,2025-09-13 00:00:00,203.03,38.54
portable-ssd,store_001,2025-09-13 00:00:00,146.33,85.65
smart-display,store_001,2025-09-13 00:00:00,89.88,157.77
robot-vacuum,store_001,2025-09-13 00:00:00,66.2,281.34
action-camera,store_001,2025-09-13 00:00:00,83.08,192.51
wireless-earbuds,store_001,2025-09-14 00:00:00,216.71,75.82
smart-watch,store_001,2025-09-14 00:00:00,82.48,226.49
bluetooth-speaker,store_001,2025-09-14 00:00:00,199.76,47.49
noise-cancelling-headphones,store_001,2025-09-14 00:00:00,136.45,208.15
4k-webcam,store_001,2025-09-14 00:00:00,165.34,81.96
mechanical-keyboard,store_001,2025-09-14 00:00:00,121.07,120.58
gaming-mouse,store_001,2025-09-14 00:00:00,180.33,72.88
usb-c-hub,store_001,2025-09-14 00:00:00,223.77,36.72
portable-ssd,store_001,2025-09-14 00:00:00,96.34,90.23
smart-display,store_001,2025-09-14 00:00:00,87.94,158.0
robot-vacuum,store_001,2025-09-14 00:00:00,57.37,278.44
action-camera,store_001,2025-09-14 00:00:00,69.9,180.02
wireless-earbuds,store_001,2025-09-15 00:00:00,162.69,74.17
smart-watch,store_001,2025-09-15 00:00:00,67.95,270.63
bluetooth-speaker,store_001,2025-09-15 00:00:00,177.12,54.5
noise-cancelling-headphones,store_001,2025-09-15 00:00:00,84.33,219.82
4k-webcam,store_001,2025-09-15 00:00:00,129.13,82.7
mechanical-keyboard,store_001,2025-09-15 00:00:00,90.77,141.7
gaming-mouse,store_001,2025-09-15 00:00:00,115.5,72.6
usb-c-hub,store_001,2025-09-15 00:00:00,176.07,41.02
portable-ssd,store_001,2025-09-15 00:00:00,116.12,81.31
smart-display,store_001,2025-09-15 00:00:00,46.22,161.76
robot-vacuum,store_001,2025-09-15 00:00:00,46.33,280.36
action-camera,store_001,2025-09-15 00:00:00,61.06,177.34
wireless-earbuds,store_001,2025-09-16 00:00:00,141.15,80.35
smart-watch,store_001,2025-09-16 00:00:00,59.11,226.47
bluetooth-speaker,store_001,2025-09-16 00:00:00,173.93,54.83
noise-cancelling-headphones,store_001,2025-09-16 00:00:00,68.93,209.39
4k-webcam,store_001,2025-09-16 00:00:00,118.32,83.24
mechanical-keyboard,store_001,2025-09-16 00:00:00,81.44,123.87
gaming-mouse,store_001,2025-09-16 00:00:00,108.16,69.0
usb-c-hub,store_001,2025-09-16 00:00:00,174.08,37.79
portable-ssd,store_001,2025-09-16 00:00:00,99.45,94.56
smart-display,store_001,2025-09-16 00:00:00,52.35,156.75
robot-vacuum,store_001,2025-09-16 00:00:00,49.48,278.65
action-camera,store_001,2025-09-16 00:00:00,51.26,197.54
wireless-earbuds,store_001,2025-09-17 00:00:00,151.47,72.39
smart-watch,store_001,2025-09-17 00:00:00,58.54,241.64
bluetooth-speaker,store_001,2025-09-17 00:00:00,205.82,51.25
noise-cancelling-headphones,store_001,2025-09-17 00:00:00,95.39,209.27
4k-webcam,store_001,2025-09-17 00:00:00,113.71,91.04
mechanical-keyboard,store_001,2025-09-17 00:00:00,101.99,129.76
gaming-mouse,store_001,2025-09-17 00:00:00,117.19,73.59
usb-c-hub,store_001,2025-09-17 00:00:00,207.98,37.0
portable-ssd,store_001,2025-09-17 00:00:00,80.57,98.75
smart-display,store_001,2025-09-17 00:00:00,79.18,160.41
robot-vacuum,store_001,2025-09-17 00:00:00,47.15,311.92
action-camera,store_001,2025-09-17 00:00:00,52.37,167.49
wireless-earbuds,store_001,2025-09-18 00:00:00,180.59,81.93
smart-watch,store_001,2025-09-18 00:00:00,87.02,274.88
bluetooth-speaker,store_001,2025-09-18 00:00:00,199.87,47.69
noise-cancelling-headphones,store_001,2025-09-18 00:00:00,82.42,198.92
4k-webcam,store_001,2025-09-18 00:00:00,130.33,92.49
mechanical-keyboard,store_001,2025-09-18 00:00:00,91.51,117.94
gaming-mouse,store_001,2025-09-18 00:00:00,152.11,70.0
usb-c-hub,store_001,2025-09-18 00:00:00,220.58,38.4
portable-ssd,store_001,2025-09-18 00:00:00,113.79,95.6
smart-display,store_001,2025-09-18 00:00:00,86.26,144.21
robot-vacuum,store_001,2025-09-18 00:00:00,42.34,279.13
action-camera,store_001,2025-09-18 00:00:00,72.05,165.12
wireless-earbuds,store_001,2025-09-19 00:00:00,210.46,83.8
smart-watch,store_001,2025-09-19 00:00:00,74.89,242.84
bluetooth-speaker,store_001,2025-09-19 00:00:00,204.12,51.59
noise-cancelling-headphones,store_001,2025-09-19 00:00:00,114.99,191.31
4k-webcam,store_001,2025-09-19 00:00:00,172.69,93.77
mechanical-keyboard,store_001,2025-09-19 00:00:00,103.74,122.08
gaming-mouse,store_001,2025-09-19 00:00:00,150.81,63.03
usb-c-hub,store_001,2025-09-19 00:00:00,246.99,37.86
portable-ssd,store_001,2025-09-19 00:00:00,136.24,90.0
smart-display,store_001,2025-09-19 00:00:00,102.46,159.18
robot-vacuum,store_001,2025-09-19 00:00:00,61.47,318.07
action-camera,store_001,2025-09-19 00:00:00,62.53,197.74
wireless-earbuds,store_001,2025-09-20 00:00:00,184.97,85.54
smart-watch,store_001,2025-09-20 00:00:00,95.77,274.64
bluetooth-speaker,store_001,2025-09-20 00:00:00,248.89,48.1
noise-cancelling-headphones,store_001,2025-09-20 00:00:00,127.36,191.15
4k-webcam,store_001,2025-09-20 00:00:00,151.88,83.12
mechanical-keyboard,store_001,2025-09-20 00:00:00,130.47,125.08
gaming-mouse,store_001,2025-09-20 00:00:00,206.45,76.23
usb-c-hub,store_001,2025-09-20 00:00:00,248.07,36.79
portable-ssd,store_001,2025-09-20 00:00:00,151.29,98.76
smart-display,store_001,2025-09-20 00:00:00,81.72,136.87
robot-vacuum,store_001,2025-09-20 00:00:00,64.9,319.67
action-camera,store_001,2025-09-20 00:00:00,73.76,194.84
wireless-earbuds,store_001,2025-09-21 00:00:00,202.79,87.0
smart-watch,store_001,2025-09-21 00:00:00,85.0,270.94
bluetooth-speaker,store_001,2025-09-21 00:00:00,233.02,51.89
noise-cancelling-headphones,store_001,2025-09-21 00:00:00,104.02,203.58
4k-webcam,store_001,2025-09-21 00:00:00,118.35,95.04
mechanical-keyboard,store_001,2025-09-21 00:00:00,135.5,133.38
gaming-mouse,store_001,2025-09-21 00:00:00,124.25,76.15
usb-c-hub,store_001,2025-09-21 00:00:00,289.44,40.92
portable-ssd,store_001,2025-09-21 00:00:00,133.78,82.76
smart-display,store_001,2025-09-21 00:00:00,83.28,160.35
robot-vacuum,store_001,2025-09-21 00:00:00,50.69,291.87
action-camera,store_001,2025-09-21 00:00:00,64.09,166.33
wireless-earbuds,store_001,2025-09-22 00:00:00,155.75,80.47
smart-watch,store_001,2025-09-22 00:00:00,65.69,226.12
bluetooth-speaker,store_001,2025-09-22 00:00:00,193.93,53.36
noise-cancelling-headphones,store_001,2025-09-22 00:00:00,77.25,180.13
4k-webcam,store_001,2025-09-22 00:00:00,111.5,93.86
mechanical-keyboard,store_001,2025-09-22 00:00:00,103.66,141.57
gaming-mouse,store_001,2025-09-22 00:00:00,125.72,64.55
usb-c-hub,store_001,2025-09-22 00:00:00,195.5,43.8
portable-ssd,store_001,2025-09-22 00:00:00,113.88,96.81
smart-display,store_001,2025-09-22 00:00:00,81.81,164.62
robot-vacuum,store_001,2025-09-22 00:00:00,47.55,281.87
action-camera,store_001,2025-09-22 00:00:00,63.61,170.15
wireless-earbuds,store_001,2025-09-23 00:00:00,109.47,86.38
smart-watch,store_001,2025-09-23 00:00:00,65.44,264.9
bluetooth-speaker,store_001,2025-09-23 00:00:00,131.7,48.65
noise-cancelling-headphones,store_001,2025-09-23 00:00:00,76.58,214.67
4k-webcam,store_001,2025-09-23 00:00:00,96.46,93.03
mechanical-keyboard,store_001,2025-09-23 00:00:00,91.34,137.75
gaming-mouse,store_001,2025-09-23 00:00:00,126.56,65.26
usb-c-hub,store_001,2025-09-23 00:00:00,204.49,39.12
portable-ssd,store_001,2025-09-23 00:00:00,130.01,94.73
smart-display,store_001,2025-09-23 00:00:00,69.72,160.4
robot-vacuum,store_001,2025-09-23 00:00:00,45.05,318.04
action-camera,store_001,2025-09-23 00:00:00,57.62,174.82
wireless-earbuds,store_001,2025-09-24 00:00:00,131.14,85.58
smart-watch,store_001,2025-09-24 00:00:00,63.1,243.22
bluetooth-speaker,store_001,2025-09-24 00:00:00,199.46,48.21
noise-cancelling-headphones,store_001,2025-09-24 00:00:00,63.3,213.54
4k-webcam,store_001,2025-09-24 00:00:00,137.09,81.07
mechanical-keyboard,store_001,2025-09-24 00:00:00,77.66,122.65
gaming-mouse,store_001,2025-09-24 00:00:00,95.61,72.07
usb-c-hub,store_001,2025-09-24 00:00:00,245.67,43.13
portable-ssd,store_001,2025-09-24 00:00:00,117.89,93.5
smart-display,store_001,2025-09-24 00:00:00,84.54,160.96
robot-vacuum,store_001,2025-09-24 00:00:00,39.53,300.19
action-camera,store_001,2025-09-24 00:00:00,57.39,162.36
wireless-earbuds,store_001,2025-09-25 00:00:00,181.08,84.94
smart-watch,store_001,2025-09-25 00:00:00,56.93,240.81
bluetooth-speaker,store_001,2025-09-25 00:00:00,203.46,45.7
noise-cancelling-headphones,store_001,2025-09-25 00:00:00,99.46,194.58
4k-webcam,store_001,2025-09-25 00:00:00,129.31,86.22
mechanical-keyboard,store_001,2025-09-25 00:00:00,85.18,123.36
gaming-mouse,store_001,2025-09-25 00:00:00,113.32,66.25
usb-c-hub,store_001,2025-09-25 00:00:00,163.27,36.74
portable-ssd,store_001,2025-09-25 00:00:00,95.07,85.96
smart-display,store_001,2025-09-25 00:00:00,91.51,142.78
robot-vacuum,store_001,2025-09-25 00:00:00,52.36,305.1
action-camera,store_001,2025-09-25 00:00:00,60.59,196.52
wireless-earbuds,store_001,2025-09-26 00:00:00,189.75,83.9
smart-watch,store_001,2025-09-26 00:00:00,81.07,230.55
bluetooth-speaker,store_001,2025-09-26 00:00:00,228.67,49.92
noise-cancelling-headphones,store_001,2025-09-26 00:00:00,103.71,185.35
4k-webcam,store_001,2025-09-26 00:00:00,120.26,82.76
mechanical-keyboard,store_001,2025-09-26 00:00:00,114.26,121.01
gaming-mouse,store_001,2025-09-26 00:00:00,179.28,74.36
usb-c-hub,store_001,2025-09-26 00:00:00,229.5,37.81
portable-ssd,store_001,2025-09-26 00:00:00,123.74,88.82
smart-display,store_001,2025-09-26 00:00:00,91.94,164.71
robot-vacuum,store_001,2025-09-26 00:00:00,60.78,278.47
action-camera,store_001,2025-09-26 00:00:00,65.26,177.89
wireless-earbuds,store_001,2025-09-27 00:00:00,209.14,79.41
smart-watch,store_001,2025-09-27 00:00:00,92.32,265.26
bluetooth-speaker,store_001,2025-09-27 00:00:00,232.73,52.52
noise-cancelling-headphones,store_001,2025-09-27 00:00:00,105.2,208.9
4k-webcam,store_001,2025-09-27 00:00:00,168.02,85.1
mechanical-keyboard,store_001,2025-09-27 00:00:00,169.1,121.82
gaming-mouse,store_001,2025-09-27 00:00:00,137.08,70.04
usb-c-hub,store_001,2025-09-27 00:00:00,319.3,39.66
portable-ssd,store_001,2025-09-27 00:00:00,150.57,86.97
smart-display,store_001,2025-09-27 00:00:00,97.92,146.82
robot-vacuum,store_001,2025-09-27 00:00:00,39.51,281.15
action-camera,store_001,2025-09-27 00:00:00,73.7,172.8
wireless-earbuds,store_001,2025-09-28 00:00:00,213.84,72.16
smart-watch,store_001,2025-09-28 00:00:00,78.08,243.85
bluetooth-speaker,store_001,2025-09-28 00:00:00,254.37,53.34
noise-cancelling-headphones,store_001,2025-09-28 00:00:00,127.81,193.52
4k-webcam,store_001,2025-09-28 00:00:00,134.3,88.51
mechanical-keyboard,store_001,2025-09-28 00:00:00,88.21,132.69
gaming-mouse,store_001,2025-09-28 00:00:00,160.47,74.69
usb-c-hub,store_001,2025-09-28 00:00:00,280.98,39.24
portable-ssd,store_001,2025-09-28 00:00:00,136.05,97.52
smart-display,store_001,2025-09-28 00:00:00,85.13,146.79
robot-vacuum,store_001,2025-09-28 00:00:00,52.53,316.8
action-camera,store_001,2025-09-28 00:00:00,60.78,171.34
wireless-earbuds,store_001,2025-09-29 00:00:00,137.39,85.34
smart-watch,store_001,2025-09-29 00:00:00,57.98,248.7
bluetooth-speaker,store_001,2025-09-29 00:00:00,130.59,48.26
noise-cancelling-headphones,store_001,2025-09-29 00:00:00,69.32,197.15
4k-webcam,store_001,2025-09-29 00:00:00,112.88,92.8
mechanical-keyboard,store_001,2025-09-29 00:00:00,96.69,128.7
gaming-mouse,store_001,2025-09-29 00:00:00,114.79,69.99
usb-c-hub,store_001,2025-09-29 00:00:00,171.58,38.03
portable-ssd,store_001,2025-09-29 00:00:00,93.1,81.49
smart-display,store_001,2025-09-29 00:00:00,64.41,150.8
robot-vacuum,store_001,2025-09-29 00:00:00,48.16,294.14
action-camera,store_001,2025-09-29 00:00:00,52.62,178.39
wireless-earbuds,store_001,2025-09-30 00:00:00,141.83,87.09
smart-watch,store_001,2025-09-30 00:00:00,62.73,230.16
bluetooth-speaker,store_001,2025-09-30 00:00:00,155.23,51.5
noise-cancelling-headphones,store_001,2025-09-30 00:00:00,59.75,204.26
4k-webcam,store_001,2025-09-30 00:00:00,112.57,95.02
mechanical-keyboard,store_001,2025-09-30 00:00:00,91.17,139.95
gaming-mouse,store_001,2025-09-30 00:00:00,102.55,68.65
usb-c-hub,store_001,2025-09-30 00:00:00,192.53,36.25
portable-ssd,store_001,2025-09-30 00:00:00,99.24,91.4
smart-display,store_001,2025-09-30 00:00:00,70.67,160.68
robot-vacuum,store_001,2025-09-30 00:00:00,44.04,294.78
action-camera,store_001,2025-09-30 00:00:00,46.55,182.46
wireless-earbuds,store_001,2025-10-01 00:00:00,126.79,76.25
smart-watch,store_001,2025-10-01 00:00:00,59.94,238.42
bluetooth-speaker,store_001,2025-10-01 00:00:00,185.47,53.67
noise-cancelling-headphones,store_001,2025-10-01 00:00:00,84.24,215.33
4k-webcam,store_001,2025-10-01 00:00:00,106.96,82.44
mechanical-keyboard,store_001,2025-10-01 00:00:00,64.68,128.58
gaming-mouse,store_001,2025-10-01 00:00:00,133.33,76.17
usb-c-hub,store_001,2025-10-01 00:00:00,159.9,37.58
portable-ssd,store_001,2025-10-01 00:00:00,124.15,97.49
smart-display,store_001,2025-10-01 00:00:00,88.4,141.71
robot-vacuum,store_001,2025-10-01 00:00:00,57.09,286.71
action-camera,store_001,2025-10-01 00:00:00,64.77,197.23
wireless-earbuds,store_001,2025-10-02 00:00:00,166.06,81.0
smart-watch,store_001,2025-10-02 00:00:00,62.95,262.8
bluetooth-speaker,store_001,2025-10-02 00:00:00,175.05,51.15
noise-cancelling-headphones,store_001,2025-10-02 00:00:00,92.57,219.45
4k-webcam,store_001,2025-10-02 00:00:00,114.19,91.87
mechanical-keyboard,store_001,2025-10-02 00:00:00,127.74,135.21
gaming-mouse,store_001,2025-10-02 00:00:00,157.76,64.21
usb-c-hub,store_001,2025-10-02 00:00:00,196.23,36.93
portable-ssd,store_001,2025-10-02 00:00:00,112.53,98.54
smart-display,store_001,2025-10-02 00:00:00,79.54,147.87
robot-vacuum,store_001,2025-10-02 00:00:00,53.49,293.7
action-camera,store_001,2025-10-02 00:00:00,66.55,168.17
wireless-earbuds,store_001,2025-10-03 00:00:00,214.76,87.62
smart-watch,store_001,2025-10-03 00:00:00,69.84,238.23
bluetooth-speaker,store_001,2025-10-03 00:00:00,255.35,52.22
noise-cancelling-headphones,store_001,2025-10-03 00:00:00,92.52,201.84
4k-webcam,store_001,2025-10-03 00:00:00,135.14,98.88
mechanical-keyboard,store_001,2025-10-03 00:00:00,117.91,139.0
gaming-mouse,store_001,2025-10-03 00:00:00,191.71,73.0
usb-c-hub,store_001,2025-10-03 00:00:00,281.23,43.67
portable-ssd,store_001,2025-10-03 00:00:00,158.32,94.88
smart-display,store_001,2025-10-03 00:00:00,72.26,158.29
robot-vacuum,store_001,2025-10-03 00:00:00,75.71,271.95
action-camera,store_001,2025-10-03 00:00:00,68.4,182.6
wireless-earbuds,store_001,2025-10-04 00:00:00,203.3,77.57
smart-watch,store_001,2025-10-04 00:00:00,94.24,235.31
bluetooth-speaker,store_001,2025-10-04 00:00:00,279.16,45.4
noise-cancelling-headphones,store_001,2025-10-04 00:00:00,112.44,216.22
4k-webcam,store_001,2025-10-04 00:00:00,145.27,83.03
mechanical-keyboard,store_001,2025-10-04 00:00:00,110.51,122.87
gaming-mouse,store_001,2025-10-04 00:00:00,165.01,75.55
usb-c-hub,store_001,2025-10-04 00:00:00,323.65,39.23
portable-ssd,store_001,2025-10-04 00:00:00,123.6,93.5
smart-display,store_001,2025-10-04 00:00:00,103.73,140.8
robot-vacuum,store_001,2025-10-04 00:00:00,68.4,320.98
action-camera,store_001,2025-10-04 00:00:00,72.84,167.87
wireless-earbuds,store_001,2025-10-05 00:00:00,175.33,77.54
smart-watch,store_001,2025-10-05 00:00:00,73.22,251.91
bluetooth-speaker,store_001,2025-10-05 00:00:00,199.63,52.88
noise-cancelling-headphones,store_001,2025-10-05 00:00:00,94.78,183.61
4k-webcam,store_001,2025-10-05 00:00:00,132.02,94.51
mechanical-keyboard,store_001,2025-10-05 00:00:00,116.38,140.59
gaming-mouse,store_001,2025-10-05 00:00:00,127.5,64.64
usb-c-hub,store_001,2025-10-05 00:00:00,231.79,39.96
portable-ssd,store_001,2025-10-05 00:00:00,140.48,87.68
smart-display,store_001,2025-10-05 00:00:00,104.29,162.18
robot-vacuum,store_001,2025-10-05 00:00:00,45.27,308.44
action-camera,store_001,2025-10-05 00:00:00,74.19,194.45
wireless-earbuds,store_001,2025-10-06 00:00:00,120.54,74.11
smart-watch,store_001,2025-10-06 00:00:00,77.92,228.79
bluetooth-speaker,store_001,2025-10-06 00:00:00,183.72,49.0
noise-cancelling-headphones,store_001,2025-10-06 00:00:00,83.75,214.19
4k-webcam,store_001,2025-10-06 00:00:00,99.56,90.15
mechanical-keyboard,store_001,2025-10-06 00:00:00,91.45,123.54
gaming-mouse,store_001,2025-10-06 00:00:00,143.43,75.45
usb-c-hub,store_001,2025-10-06 00:00:00,223.45,39.58
portable-ssd,store_001,2025-10-06 00:00:00,98.77,83.84
smart-display,store_001,2025-10-06 00:00:00,61.64,150.98
robot-vacuum,store_001,2025-10-06 00:00:00,43.51,281.45
action-camera,store_001,2025-10-06 00:00:00,62.37,164.25
wireless-earbuds,store_001,2025-10-07 00:00:00,121.85,77.08
smart-watch,store_001,2025-10-07 00:00:00,45.08,260.98
bluetooth-speaker,store_001,2025-10-07 00:00:00,191.12,47.37
noise-cancelling-headphones,store_001,2025-10-07 00:00:00,79.39,200.69
4k-webcam,store_001,2025-10-07 00:00:00,74.28,83.5
mechanical-keyboard,store_001,2025-10-07 00:00:00,93.67,142.31
gaming-mouse,store_001,2025-10-07 00:00:00,92.81,65.14
usb-c-hub,store_001,2025-10-07 00:00:00,220.29,40.35
portable-ssd,store_001,2025-10-07 00:00:00,86.12,86.77
smart-display,store_001,2025-10-07 00:00:00,52.07,158.73
robot-vacuum,store_001,2025-10-07 00:00:00,30.43,288.14
action-camera,store_001,2025-10-07 00:00:00,43.57,179.72
wireless-earbuds,store_001,2025-10-08 00:00:00,114.83,75.16
smart-watch,store_001,2025-10-08 00:00:00,70.47,236.71
bluetooth-speaker,store_001,2025-10-08 00:00:00,192.16,48.53
noise-cancelling-headphones,store_001,2025-10-08 00:00:00,99.97,204.69
4k-webcam,store_001,2025-10-08 00:00:00,116.36,92.97
mechanical-keyboard,store_001,2025-10-08 00:00:00,89.83,124.14
gaming-mouse,store_001,2025-10-08 00:00:00,140.75,73.97
usb-c-hub,store_001,2025-10-08 00:00:00,177.32,40.23
portable-ssd,store_001,2025-10-08 00:00:00,102.19,86.76
smart-display,store_001,2025-10-08 00:00:00,61.73,158.8
robot-vacuum,store_001,2025-10-08 00:00:00,56.4,300.46
action-camera,store_001,2025-10-08 00:00:00,65.21,166.5
wireless-earbuds,store_001,2025-10-09 00:00:00,149.12,75.46
smart-watch,store_001,2025-10-09 00:00:00,59.53,268.73
bluetooth-speaker,store_001,2025-10-09 00:00:00,186.09,46.68
noise-cancelling-headphones,store_001,2025-10-09 00:00:00,91.21,187.33
4k-webcam,store_001,2025-10-09 00:00:00,101.71,87.34
mechanical-keyboard,store_001,2025-10-09 00:00:00,109.74,141.27
gaming-mouse,store_001,2025-10-09 00:00:00,103.14,69.25
usb-c-hub,store_001,2025-10-09 00:00:00,232.56,37.5
portable-ssd,store_001,2025-10-09 00:00:00,109.41,82.62
smart-display,store_001,2025-10-09 00:00:00,50.71,158.78
robot-vacuum,store_001,2025-10-09 00:00:00,49.67,304.39
action-camera,store_001,2025-10-09 00:00:00,62.46,190.36
wireless-earbuds,store_001,2025-10-10 00:00:00,162.79,85.29
smart-watch,store_001,2025-10-10 00:00:00,71.36,231.71
bluetooth-speaker,store_001,2025-10-10 00:00:00,198.27,48.42
noise-cancelling-headphones,store_001,2025-10-10 00:00:00,106.7,218.5
4k-webcam,store_001,2025-10-10 00:00:00,144.73,96.04
mechanical-keyboard,store_001,2025-10-10 00:00:00,124.71,117.48
gaming-mouse,store_001,2025-10-10 00:00:00,158.82,64.17
usb-c-hub,store_001,2025-10-10 00:00:00,282.06,38.96
portable-ssd,store_001,2025-10-10 00:00:00,151.02,86.35
smart-display,store_001,2025-10-10 00:00:00,104.22,137.6
robot-vacuum,store_001,2025-10-10 00:00:00,56.85,272.8
action-camera,store_001,2025-10-10 00:00:00,59.54,195.53
wireless-earbuds,store_001,2025-10-11 00:00:00,237.93,78.39
smart-watch,store_001,2025-10-11 00:00:00,96.97,271.16
bluetooth-speaker,store_001,2025-10-11 00:00:00,270.52,54.75
noise-cancelling-headphones,store_001,2025-10-11 00:00:00,84.24,195.63
4k-webcam,store_001,2025-10-11 00:00:00,142.8,81.18
mechanical-keyboard,store_001,2025-10-11 00:00:00,148.12,122.93
gaming-mouse,store_001,2025-10-11 00:00:00,203.17,74.56
usb-c-hub,store_001,2025-10-11 00:00:00,290.54,42.85
portable-ssd,store_001,2025-10-11 00:00:00,129.5,84.56
smart-display,store_001,2025-10-11 00:00:00,91.45,135.36
robot-vacuum,store_001,2025-10-11 00:00:00,74.91,275.58
action-camera,store_001,2025-10-11 00:00:00,72.11,166.93
wireless-earbuds,store_001,2025-10-12 00:00:00,184.5,86.39
smart-watch,store_001,2025-10-12 00:00:00,82.59,270.76
bluetooth-speaker,store_001,2025-10-12 00:00:00,225.37,53.94
noise-cancelling-headphones,store_001,2025-10-12 00:00:00,110.06,199.05
4k-webcam,store_001,2025-10-12 00:00:00,111.67,96.45
mechanical-keyboard,store_001,2025-10-12 00:00:00,137.88,123.52
gaming-mouse,store_001,2025-10-12 00:00:00,164.66,66.87
usb-c-hub,store_001,2025-10-12 00:00:00,286.24,36.55
portable-ssd,store_001,2025-10-12 00:00:00,120.69,88.93
smart-display,store_001,2025-10-12 00:00:00,83.94,160.07
robot-vacuum,store_001,2025-10-12 00:00:00,48.43,287.98
action-camera,store_001,2025-10-12 00:00:00,71.45,193.75
wireless-earbuds,store_001,2025-10-13 00:00:00,138.25,84.33
smart-watch,store_001,2025-10-13 00:00:00,68.13,249.8
bluetooth-speaker,store_001,2025-10-13 00:00:00,162.47,52.95
noise-cancelling-headphones,store_001,2025-10-13 00:00:00,88.2,195.54
4k-webcam,store_001,2025-10-13 00:00:00,92.25,83.97
mechanical-keyboard,store_001,2025-10-13 00:00:00,95.12,137.08
gaming-mouse,store_001,2025-10-13 00:00:00,106.75,64.91
usb-c-hub,store_001,2025-10-13 00:00:00,196.61,36.32
portable-ssd,store_001,2025-10-13 00:00:00,95.27,94.2
smart-display,store_001,2025-10-13 00:00:00,63.91,154.57
robot-vacuum,store_001,2025-10-13 00:00:00,43.91,300.04
action-camera,store_001,2025-10-13 00:00:00,53.11,193.87
wireless-earbuds,store_001,2025-10-14 00:00:00,96.98,78.24
smart-watch,store_001,2025-10-14 00:00:00,58.81,241.05
bluetooth-speaker,store_001,2025-10-14 00:00:00,146.13,50.81
noise-cancelling-headphones,store_001,2025-10-14 00:00:00,78.01,201.34
4k-webcam,store_001,2025-10-14 00:00:00,99.55,96.23
mechanical-keyboard,store_001,2025-10-14 00:00:00,91.55,136.15
gaming-mouse,store_001,2025-10-14 00:00:00,100.15,70.31
usb-c-hub,store_001,2025-10-14 00:00:00,207.13,39.65
portable-ssd,store_001,2025-10-14 00:00:00,83.08,89.11
smart-display,store_001,2025-10-14 00:00:00,63.9,160.67
robot-vacuum,store_001,2025-10-14 00:00:00,42.93,298.03
action-camera,store_001,2025-10-14 00:00:00,43.65,175.95
wireless-earbuds,store_001,2025-10-15 00:00:00,136.33,87.42
smart-watch,store_001,2025-10-15 00:00:00,76.57,257.95
bluetooth-speaker,store_001,2025-10-15 00:00:00,189.06,50.17
noise-cancelling-headphones,store_001,2025-10-15 00:00:00,79.23,181.33
4k-webcam,store_001,2025-10-15 00:00:00,111.53,84.0
mechanical-keyboard,store_001,2025-10-15 00:00:00,91.55,117.28
gaming-mouse,store_001,2025-10-15 00:00:00,109.97,72.09
usb-c-hub,store_001,2025-10-15 00:00:00,181.94,39.07
portable-ssd,store_001,2025-10-15 00:00:00,103.15,96.87
smart-display,store_001,2025-10-15 00:00:00,81.98,161.97
robot-vacuum,store_001,2025-10-15 00:00:00,47.07,295.48
action-camera,store_001,2025-10-15 00:00:00,59.05,169.6
wireless-earbuds,store_001,2025-10-16 00:00:00,125.72,72.35
smart-watch,store_001,2025-10-16 00:00:00,72.55,260.03
bluetooth-speaker,store_001,2025-10-16 00:00:00,178.8,46.82
noise-cancelling-headphones,store_001,2025-10-16 00:00:00,90.25,196.4
4k-webcam,store_001,2025-10-16 00:00:00,129.45,94.96
mechanical-keyboard,store_001,2025-10-16 00:00:00,76.62,137.04
gaming-mouse,store_001,2025-10-16 00:00:00,114.34,66.04
usb-c-hub,store_001,2025-10-16 00:00:00,207.2,41.4
portable-ssd,store_001,2025-10-16 00:00:00,111.25,84.69
smart-display,store_001,2025-10-16 00:00:00,71.44,144.13
robot-vacuum,store_001,2025-10-16 00:00:00,48.19,322.1
action-camera,store_001,2025-10-16 00:00:00,47.37,179.33
wireless-earbuds,store_001,2025-10-17 00:00:00,158.65,87.9
smart-watch,store_001,2025-10-17 00:00:00,89.98,226.09
bluetooth-speaker,store_001,2025-10-17 00:00:00,230.56,53.27
noise-cancelling-headphones,store_001,2025-10-17 00:00:00,93.39,182.34
4k-webcam,store_001,2025-10-17 00:00:00,118.74,94.76
mechanical-keyboard,store_001,2025-10-17 00:00:00,103.62,127.43
gaming-mouse,store_001,2025-10-17 00:00:00,165.96,65.61
usb-c-hub,store_001,2025-10-17 00:00:00,265.2,36.55
portable-ssd,store_001,2025-10-17 00:00:00,121.18,97.12
smart-display,store_001,2025-10-17 00:00:00,81.27,140.74
robot-vacuum,store_001,2025-10-17 00:00:00,56.58,300.53
action-camera,store_001,2025-10-17 00:00:00,57.51,186.21
wireless-earbuds,store_001,2025-10-18 00:00:00,182.2,73.91
smart-watch,store_001,2025-10-18 00:00:00,84.81,260.11
bluetooth-speaker,store_001,2025-10-18 00:00:00,278.26,47.32
noise-cancelling-headphones,store_001,2025-10-18 00:00:00,119.73,209.49
4k-webcam,store_001,2025-10-18 00:00:00,158.47,86.53
mechanical-keyboard,store_001,2025-10-18 00:00:00,126.06,127.53
gaming-mouse,store_001,2025-10-18 00:00:00,168.0,71.27
usb-c-hub,store_001,2025-10-18 00:00:00,269.65,41.31
portable-ssd,store_001,2025-10-18 00:00:00,142.05,98.23
smart-display,store_001,2025-10-18 00:00:00,98.21,164.68
robot-vacuum,store_001,2025-10-18 00:00:00,62.73,316.49
action-camera,store_001,2025-10-18 00:00:00,72.2,177.06
wireless-earbuds,store_001,2025-10-19 00:00:00,205.85,81.86
smart-watch,store_001,2025-10-19 00:00:00,70.76,246.95
bluetooth-speaker,store_001,2025-10-19 00:00:00,230.16,46.61
noise-cancelling-headphones,store_001,2025-10-19 00:00:00,91.59,189.27
4k-webcam,store_001,2025-10-19 00:00:00,160.52,95.14
mechanical-keyboard,store_001,2025-10-19 00:00:00,95.51,135.12
gaming-mouse,store_001,2025-10-19 00:00:00,150.92,64.05
usb-c-hub,store_001,2025-10-19 00:00:00,187.11,36.88
portable-ssd,store_001,2025-10-19 00:00:00,105.66,92.4
smart-display,store_001,2025-10-19 00:00:00,79.33,143.12
robot-vacuum,store_001,2025-10-19 00:00:00,50.2,301.65
action-camera,store_001,2025-10-19 00:00:00,64.52,189.3
wireless-earbuds,store_001,2025-10-20 00:00:00,136.03,76.03
smart-watch,store_001,2025-10-20 00:00:00,52.61,271.04
bluetooth-speaker,store_001,2025-10-20 00:00:00,138.18,45.92
noise-cancelling-headphones,store_001,2025-10-20 00:00:00,67.53,217.57
4k-webcam,store_001,2025-10-20 00:00:00,111.46,91.77
mechanical-keyboard,store_001,2025-10-20 00:00:00,88.14,133.39
gaming-mouse,store_001,2025-10-20 00:00:00,157.21,70.17
usb-c-hub,store_001,2025-10-20 00:00:00,194.84,40.13
portable-ssd,store_001,2025-10-20 00:00:00,131.02,83.86
smart-display,store_001,2025-10-20 00:00:00,56.46,139.96
robot-vacuum,store_001,2025-10-20 00:00:00,45.98,316.21
action-camera,store_001,2025-10-20 00:00:00,44.94,192.32
wireless-earbuds,store_001,2025-10-21 00:00:00,105.24,72.3
smart-watch,store_001,2025-10-21 00:00:00,72.28,250.37
bluetooth-speaker,store_001,2025-10-21 00:00:00,139.08,51.41
noise-cancelling-headphones,store_001,2025-10-21 00:00:00,70.21,191.01
4k-webcam,store_001,2025-10-21 00:00:00,109.59,91.65
mechanical-keyboard,store_001,2025-10-21 00:00:00,94.67,132.59
gaming-mouse,store_001,2025-10-21 00:00:00,142.38,69.6
usb-c-hub,store_001,2025-10-21 00:00:00,151.02,36.12
portable-ssd,store_001,2025-10-21 00:00:00,105.97,92.24
smart-display,store_001,2025-10-21 00:00:00,61.95,154.06
robot-vacuum,store_001,2025-10-21 00:00:00,44.7,310.34
action-camera,store_001,2025-10-21 00:00:00,28.01,172.09
wireless-earbuds,store_001,2025-10-22 00:00:00,150.45,82.41
smart-watch,store_001,2025-10-22 00:00:00,70.97,241.69
bluetooth-speaker,store_001,2025-10-22 00:00:00,136.77,45.05
noise-cancelling-headphones,store_001,2025-10-22 00:00:00,85.24,209.42
4k-webcam,store_001,2025-10-22 00:00:00,98.41,86.36
mechanical-keyboard,store_001,2025-10-22 00:00:00,104.6,126.71
gaming-mouse,store_001,2025-10-22 00:00:00,134.06,75.95
usb-c-hub,store_001,2025-10-22 00:00:00,178.9,39.66
portable-ssd,store_001,2025-10-22 00:00:00,93.76,91.25
smart-display,store_001,2025-10-22 00:00:00,74.62,159.48
robot-vacuum,store_001,2025-10-22 00:00:00,43.66,315.65
action-camera,store_001,2025-10-22 00:00:00,53.67,195.05
wireless-earbuds,store_001,2025-10-23 00:00:00,154.32,84.23
smart-watch,store_001,2025-10-23 00:00:00,67.91,227.09
bluetooth-speaker,store_001,2025-10-23 00:00:00,165.78,50.0
noise-cancelling-headphones,store_001,2025-10-23 00:00:00,108.21,201.3
4k-webcam,store_001,2025-10-23 00:00:00,91.72,93.22
mechanical-keyboard,store_001,2025-10-23 00:00:00,91.85,139.71
gaming-mouse,store_001,2025-10-23 00:00:00,128.53,70.13
usb-c-hub,store_001,2025-10-23 00:00:00,200.65,38.81
portable-ssd,store_001,2025-10-23 00:00:00,104.61,90.31
smart-display,store_001,2025-10-23 00:00:00,65.24,156.36
robot-vacuum,store_001,2025-10-23 00:00:00,25.93,283.84
action-camera,store_001,2025-10-23 00:00:00,76.12,176.51
wireless-earbuds,store_001,2025-10-24 00:00:00,129.65,78.51
smart-watch,store_001,2025-10-24 00:00:00,78.92,231.46
bluetooth-speaker,store_001,2025-10-24 00:00:00,193.07,54.1
noise-cancelling-headphones,store_001,2025-10-24 00:00:00,89.6,216.19
4k-webcam,store_001,2025-10-24 00:00:00,146.31,91.88
mechanical-keyboard,store_001,2025-10-24 00:00:00,123.63,121.3
gaming-mouse,store_001,2025-10-24 00:00:00,151.55,68.83
usb-c-hub,store_001,2025-10-24 00:00:00,292.35,39.62
portable-ssd,store_001,2025-10-24 00:00:00,158.19,97.05
smart-display,store_001,2025-10-24 00:00:00,82.82,164.55
robot-vacuum,store_001,2025-10-24 00:00:00,67.11,279.25
action-camera,store_001,2025-10-24 00:00:00,52.5,183.71
wireless-earbuds,store_001,2025-10-25 00:00:00,235.24,84.01
smart-watch,store_001,2025-10-25 00:00:00,75.66,268.25
bluetooth-speaker,store_001,2025-10-25 00:00:00,204.35,49.5
noise-cancelling-headphones,store_001,2025-10-25 00:00:00,131.46,216.64
4k-webcam,store_001,2025-10-25 00:00:00,140.62,90.44
mechanical-keyboard,store_001,2025-10-25 00:00:00,144.65,141.62
gaming-mouse,store_001,2025-10-25 00:00:00,178.21,64.33
usb-c-hub,store_001,2025-10-25 00:00:00,216.59,40.21
portable-ssd,store_001,2025-10-25 00:00:00,164.1,98.83
smart-display,store_001,2025-10-25 00:00:00,113.89,135.87
robot-vacuum,store_001,2025-10-25 00:00:00,71.01,328.72
action-camera,store_001,2025-10-25 00:00:00,66.61,195.47
wireless-earbuds,store_001,2025-10-26 00:00:00,178.7,73.07
smart-watch,store_001,2025-10-26 00:00:00,77.89,262.05
bluetooth-speaker,store_001,2025-10-26 00:00:00,171.94,52.3
noise-cancelling-headphones,store_001,2025-10-26 00:00:00,79.15,188.7
4k-webcam,store_001,2025-10-26 00:00:00,128.78,89.91
mechanical-keyboard,store_001,2025-10-26 00:00:00,126.27,133.51
gaming-mouse,store_001,2025-10-26 00:00:00,141.1,70.55
usb-c-hub,store_001,2025-10-26 00:00:00,224.84,42.65
portable-ssd,store_001,2025-10-26 00:00:00,110.47,97.91
smart-display,store_001,2025-10-26 00:00:00,92.67,162.25
robot-vacuum,store_001,2025-10-26 00:00:00,43.62,273.33
action-camera,store_001,2025-10-26 00:00:00,88.1,174.12
wireless-earbuds,store_001,2025-10-27 00:00:00,279.27,55.17
smart-watch,store_001,2025-10-27 00:00:00,133.74,185.51
bluetooth-speaker,store_001,2025-10-27 00:00:00,303.49,34.3
noise-cancelling-headphones,store_001,2025-10-27 00:00:00,143.49,141.91
4k-webcam,store_001,2025-10-27 00:00:00,239.25,69.03
mechanical-keyboard,store_001,2025-10-27 00:00:00,182.84,99.87
gaming-mouse,store_001,2025-10-27 00:00:00,211.71,44.93
usb-c-hub,store_001,2025-10-27 00:00:00,411.66,26.57
portable-ssd,store_001,2025-10-27 00:00:00,224.48,57.96
smart-display,store_001,2025-10-27 00:00:00,125.08,106.5
robot-vacuum,store_001,2025-10-27 00:00:00,88.28,227.44
action-camera,store_001,2025-10-27 00:00:00,101.38,132.83
wireless-earbuds,store_001,2025-10-28 00:00:00,266.53,60.91
smart-watch,store_001,2025-10-28 00:00:00,108.92,161.71
bluetooth-speaker,store_001,2025-10-28 00:00:00,349.07,32.85
noise-cancelling-headphones,store_001,2025-10-28 00:00:00,159.15,134.83
4k-webcam,store_001,2025-10-28 00:00:00,192.23,62.94
mechanical-keyboard,store_001,2025-10-28 00:00:00,167.85,83.23
gaming-mouse,store_001,2025-10-28 00:00:00,263.96,44.94
usb-c-hub,store_001,2025-10-28 00:00:00,349.78,28.91
portable-ssd,store_001,2025-10-28 00:00:00,202.24,64.53
smart-display,store_001,2025-10-28 00:00:00,118.05,107.04
robot-vacuum,store_001,2025-10-28 00:00:00,85.77,197.81
action-camera,store_001,2025-10-28 00:00:00,105.99,120.91
wireless-earbuds,store_001,2025-10-29 00:00:00,284.6,53.47
smart-watch,store_001,2025-10-29 00:00:00,135.63,176.74
bluetooth-speaker,store_001,2025-10-29 00:00:00,395.88,34.6
noise-cancelling-headphones,store_001,2025-10-29 00:00:00,161.04,137.64
4k-webcam,store_001,2025-10-29 00:00:00,220.06,68.32
mechanical-keyboard,store_001,2025-10-29 00:00:00,192.74,94.48
gaming-mouse,store_001,2025-10-29 00:00:00,225.25,50.05
usb-c-hub,store_001,2025-10-29 00:00:00,393.82,28.72
portable-ssd,store_001,2025-10-29 00:00:00,237.81,68.98
smart-display,store_001,2025-10-29 00:00:00,141.91,109.09
robot-vacuum,store_001,2025-10-29 00:00:00,95.59,203.57
action-camera,store_001,2025-10-29 00:00:00,110.38,123.06
wireless-earbuds,store_001,2025-10-30 00:00:00,303.69,56.65
smart-watch,store_001,2025-10-30 00:00:00,131.45,157.54
bluetooth-speaker,store_001,2025-10-30 00:00:00,327.17,37.15
noise-cancelling-headphones,store_001,2025-10-30 00:00:00,211.46,149.38
4k-webcam,store_001,2025-10-30 00:00:00,225.11,65.12
mechanical-keyboard,store_001,2025-10-30 00:00:00,243.91,94.02
gaming-mouse,store_001,2025-10-30 00:00:00,282.16,48.73
usb-c-hub,store_001,2025-10-30 00:00:00,432.5,25.26
portable-ssd,store_001,2025-10-30 00:00:00,233.41,60.62
smart-display,store_001,2025-10-30 00:00:00,172.48,96.96
robot-vacuum,store_001,2025-10-30 00:00:00,91.48,214.37
action-camera,store_001,2025-10-30 00:00:00,114.44,127.15
wireless-earbuds,store_001,2025-10-31 00:00:00,423.23,52.73
smart-watch,store_001,2025-10-31 00:00:00,190.34,184.41
bluetooth-speaker,store_001,2025-10-31 00:00:00,489.41,35.09
noise-cancelling-headphones,store_001,2025-10-31 00:00:00,165.74,141.22
4k-webcam,store_001,2025-10-31 00:00:00,210.31,65.43
mechanical-keyboard,store_001,2025-10-31 00:00:00,297.21,89.99
gaming-mouse,store_001,2025-10-31 00:00:00,313.72,50.05
usb-c-hub,store_001,2025-10-31 00:00:00,507.23,30.63
portable-ssd,store_001,2025-10-31 00:00:00,224.96,59.3
smart-display,store_001,2025-10-31 00:00:00,206.01,99.46
robot-vacuum,store_001,2025-10-31 00:00:00,118.23,196.97
action-camera,store_001,2025-10-31 00:00:00,123.92,120.95
wireless-earbuds,store_001,2025-11-01 00:00:00,432.03,50.99
smart-watch,store_001,2025-11-01 00:00:00,146.67,172.61
bluetooth-speaker,store_001,2025-11-01 00:00:00,580.19,34.87
noise-cancelling-headphones,store_001,2025-11-01 00:00:00,233.36,142.7
4k-webcam,store_001,2025-11-01 00:00:00,370.39,65.5
mechanical-keyboard,store_001,2025-11-01 00:00:00,285.52,97.16
gaming-mouse,store_001,2025-11-01 00:00:00,364.48,52.58
usb-c-hub,store_001,2025-11-01 00:00:00,487.96,26.31
portable-ssd,store_001,2025-11-01 00:00:00,304.58,57.96
smart-display,store_001,2025-11-01 00:00:00,185.71,100.28
robot-vacuum,store_001,2025-11-01 00:00:00,125.82,205.77
action-camera,store_001,2025-11-01 00:00:00,161.43,116.4
wireless-earbuds,store_001,2025-11-02 00:00:00,321.96,55.49
smart-watch,store_001,2025-11-02 00:00:00,136.94,192.06
bluetooth-speaker,store_001,2025-11-02 00:00:00,457.46,34.79
noise-cancelling-headphones,store_001,2025-11-02 00:00:00,234.33,139.36
4k-webcam,store_001,2025-11-02 00:00:00,264.45,65.85
mechanical-keyboard,store_001,2025-11-02 00:00:00,259.18,82.93
gaming-mouse,store_001,2025-11-02 00:00:00,229.4,53.09
usb-c-hub,store_001,2025-11-02 00:00:00,439.59,25.64
portable-ssd,store_001,2025-11-02 00:00:00,247.21,67.06
smart-display,store_001,2025-11-02 00:00:00,151.25,109.81
robot-vacuum,store_001,2025-11-02 00:00:00,93.63,222.76
action-camera,store_001,2025-11-02 00:00:00,118.52,116.73
wireless-earbuds,store_001,2025-11-03 00:00:00,244.41,56.85
smart-watch,store_001,2025-11-03 00:00:00,115.83,170.21
bluetooth-speaker,store_001,2025-11-03 00:00:00,361.78,36.67
noise-cancelling-headphones,store_001,2025-11-03 00:00:00,160.3,129.63
4k-webcam,store_001,2025-11-03 00:00:00,174.85,59.42
mechanical-keyboard,store_001,2025-11-03 00:00:00,181.64,89.2
gaming-mouse,store_001,2025-11-03 00:00:00,219.04,44.5
usb-c-hub,store_001,2025-11-03 00:00:00,449.49,27.62
portable-ssd,store_001,2025-11-03 00:00:00,197.78,67.87
smart-display,store_001,2025-11-03 00:00:00,136.57,107.79
robot-vacuum,store_001,2025-11-03 00:00:00,83.37,194.06
action-camera,store_001,2025-11-03 00:00:00,100.07,128.18
wireless-earbuds,store_001,2025-11-04 00:00:00,186.32,58.69
smart-watch,store_001,2025-11-04 00:00:00,85.96,162.5
bluetooth-speaker,store_001,2025-11-04 00:00:00,355.54,36.31
noise-cancelling-headphones,store_001,2025-11-04 00:00:00,162.45,138.87
4k-webcam,store_001,2025-11-04 00:00:00,172.96,59.61
mechanical-keyboard,store_001,2025-11-04 00:00:00,190.29,93.71
gaming-mouse,store_001,2025-11-04 00:00:00,249.85,51.12
usb-c-hub,store_001,2025-11-04 00:00:00,391.97,25.94
portable-ssd,store_001,2025-11-04 00:00:00,197.02,62.9
smart-display,store_001,2025-11-04 00:00:00,122.46,101.25
robot-vacuum,store_001,2025-11-04 00:00:00,88.0,194.75
action-camera,store_001,2025-11-04 00:00:00,67.37,132.22
wireless-earbuds,store_001,2025-11-05 00:00:00,319.52,54.08
smart-watch,store_001,2025-11-05 00:00:00,119.02,161.85
bluetooth-speaker,store_001,2025-11-05 00:00:00,398.73,35.66
noise-cancelling-headphones,store_001,2025-11-05 00:00:00,172.62,135.8
4k-webcam,store_001,2025-11-05 00:00:00,220.88,66.29
mechanical-keyboard,store_001,2025-11-05 00:00:00,234.82,89.28
gaming-mouse,store_001,2025-11-05 00:00:00,277.81,45.56
usb-c-hub,store_001,2025-11-05 00:00:00,346.42,27.97
portable-ssd,store_001,2025-11-05 00:00:00,206.81,68.91
smart-display,store_001,2025-11-05 00:00:00,154.73,111.52
robot-vacuum,store_001,2025-11-05 00:00:00,94.21,207.79
action-camera,store_001,2025-11-05 00:00:00,100.94,135.16
wireless-earbuds,store_001,2025-11-06 00:00:00,307.31,50.57
smart-watch,store_001,2025-11-06 00:00:00,146.45,185.48
bluetooth-speaker,store_001,2025-11-06 00:00:00,443.56,34.11
noise-cancelling-headphones,store_001,2025-11-06 00:00:00,191.85,126.12
4k-webcam,store_001,2025-11-06 00:00:00,186.77,57.83
mechanical-keyboard,store_001,2025-11-06 00:00:00,209.85,83.6
gaming-mouse,store_001,2025-11-06 00:00:00,244.58,44.7
usb-c-hub,store_001,2025-11-06 00:00:00,453.24,26.63
portable-ssd,store_001,2025-11-06 00:00:00,239.49,62.27
smart-display,store_001,2025-11-06 00:00:00,154.84,109.4
robot-vacuum,store_001,2025-11-06 00:00:00,112.7,193.07
action-camera,store_001,2025-11-06 00:00:00,105.98,130.89
wireless-earbuds,store_001,2025-11-07 00:00:00,431.78,58.49
smart-watch,store_001,2025-11-07 00:00:00,159.9,190.17
bluetooth-speaker,store_001,2025-11-07 00:00:00,517.53,35.52
noise-cancelling-headphones,store_001,2025-11-07 00:00:00,233.11,153.0
4k-webcam,store_001,2025-11-07 00:00:00,338.12,59.4
mechanical-keyboard,store_001,2025-11-07 00:00:00,220.48,98.0
gaming-mouse,store_001,2025-11-07 00:00:00,307.14,50.04
usb-c-hub,store_001,2025-11-07 00:00:00,500.29,28.95
portable-ssd,store_001,2025-11-07 00:00:00,236.47,65.34
smart-display,store_001,2025-11-07 00:00:00,190.76,98.39
robot-vacuum,store_001,2025-11-07 00:00:00,113.99,208.9
action-camera,store_001,2025-11-07 00:00:00,161.01,127.05
wireless-earbuds,store_001,2025-11-08 00:00:00,388.26,56.71
smart-watch,store_001,2025-11-08 00:00:00,176.92,178.61
bluetooth-speaker,store_001,2025-11-08 00:00:00,464.48,37.21
noise-cancelling-headphones,store_001,2025-11-08 00:00:00,234.63,142.9
4k-webcam,store_001,2025-11-08 00:00:00,245.87,63.82
mechanical-keyboard,store_001,2025-11-08 00:00:00,255.05,87.15
gaming-mouse,store_001,2025-11-08 00:00:00,416.33,47.25
usb-c-hub,store_001,2025-11-08 00:00:00,559.88,29.76
portable-ssd,store_001,2025-11-08 00:00:00,353.72,64.47
smart-display,store_001,2025-11-08 00:00:00,169.2,98.42
robot-vacuum,store_001,2025-11-08 00:00:00,134.45,228.18
action-camera,store_001,2025-11-08 00:00:00,173.14,131.56
wireless-earbuds,store_001,2025-11-09 00:00:00,405.75,53.06
smart-watch,store_001,2025-11-09 00:00:00,133.38,177.63
bluetooth-speaker,store_001,2025-11-09 00:00:00,448.55,35.81
noise-cancelling-headphones,store_001,2025-11-09 00:00:00,286.42,148.35
4k-webcam,store_001,2025-11-09 00:00:00,243.88,60.43
mechanical-keyboard,store_001,2025-11-09 00:00:00,220.69,92.9
gaming-mouse,store_001,2025-11-09 00:00:00,245.58,50.68
usb-c-hub,store_001,2025-11-09 00:00:00,466.91,26.99
portable-ssd,store_001,2025-11-09 00:00:00,294.57,58.29
smart-display,store_001,2025-11-09 00:00:00,188.85,113.7
robot-vacuum,store_001,2025-11-09 00:00:00,92.61,215.13
action-camera,store_001,2025-11-09 00:00:00,141.71,137.57
wireless-earbuds,store_001,2025-11-10 00:00:00,259.5,59.22
smart-watch,store_001,2025-11-10 00:00:00,109.06,164.96
bluetooth-speaker,store_001,2025-11-10 00:00:00,372.96,35.87
noise-cancelling-headphones,store_001,2025-11-10 00:00:00,177.84,151.57
4k-webcam,store_001,2025-11-10 00:00:00,180.71,68.53
mechanical-keyboard,store_001,2025-11-10 00:00:00,177.72,95.11
gaming-mouse,store_001,2025-11-10 00:00:00,239.76,53.19
usb-c-hub,store_001,2025-11-10 00:00:00,348.6,25.35
portable-ssd,store_001,2025-11-10 00:00:00,192.85,57.35
smart-display,store_001,2025-11-10 00:00:00,129.42,95.22
robot-vacuum,store_001,2025-11-10 00:00:00,78.31,201.77
action-camera,store_001,2025-11-10 00:00:00,95.1,115.53
wireless-earbuds,store_001,2025-11-11 00:00:00,261.9,53.73
smart-watch,store_001,2025-11-11 00:00:00,95.25,188.92
bluetooth-speaker,store_001,2025-11-11 00:00:00,292.43,34.81
noise-cancelling-headphones,store_001,2025-11-11 00:00:00,168.6,140.17
4k-webcam,store_001,2025-11-11 00:00:00,171.32,68.36
mechanical-keyboard,store_001,2025-11-11 00:00:00,167.09,89.71
gaming-mouse,store_001,2025-11-11 00:00:00,259.86,48.06
usb-c-hub,store_001,2025-11-11 00:00:00,400.12,28.9
portable-ssd,store_001,2025-11-11 00:00:00,150.31,61.78
smart-display,store_001,2025-11-11 00:00:00,136.23,100.0
robot-vacuum,store_001,2025-11-11 00:00:00,74.26,200.22
action-camera,store_001,2025-11-11 00:00:00,96.53,129.66
wireless-earbuds,store_001,2025-11-12 00:00:00,301.39,56.97
smart-watch,store_001,2025-11-12 00:00:00,133.58,181.27
bluetooth-speaker,store_001,2025-11-12 00:00:00,341.48,37.39
noise-cancelling-headphones,store_001,2025-11-12 00:00:00,126.06,128.16
4k-webcam,store_001,2025-11-12 00:00:00,182.64,64.12
mechanical-keyboard,store_001,2025-11-12 00:00:00,162.44,87.63
gaming-mouse,store_001,2025-11-12 00:00:00,226.7,51.94
usb-c-hub,store_001,2025-11-12 00:00:00,490.19,29.8
portable-ssd,store_001,2025-11-12 00:00:00,214.67,58.35
smart-display,store_001,2025-11-12 00:00:00,122.4,106.89
robot-vacuum,store_001,2025-11-12 00:00:00,95.24,219.17
action-camera,store_001,2025-11-12 00:00:00,102.31,136.94
wireless-earbuds,store_001,2025-11-13 00:00:00,242.34,60.59
smart-watch,store_001,2025-11-13 00:00:00,124.68,167.58
bluetooth-speaker,store_001,2025-11-13 00:00:00,418.7,36.39
noise-cancelling-headphones,store_001,2025-11-13 00:00:00,173.8,138.61
4k-webcam,store_001,2025-11-13 00:00:00,212.13,58.43
mechanical-keyboard,store_001,2025-11-13 00:00:00,129.66,92.66
gaming-mouse,store_001,2025-11-13 00:00:00,187.42,47.03
usb-c-hub,store_001,2025-11-13 00:00:00,375.06,30.4
portable-ssd,store_001,2025-11-13 00:00:00,229.88,63.04
smart-display,store_001,2025-11-13 00:00:00,158.34,112.28
robot-vacuum,store_001,2025-11-13 00:00:00,90.14,194.4
action-camera,store_001,2025-11-13 00:00:00,96.9,129.6
wireless-earbuds,store_001,2025-11-14 00:00:00,344.49,61.28
smart-watch,store_001,2025-11-14 00:00:00,151.84,171.07
bluetooth-speaker,store_001,2025-11-14 00:00:00,497.23,32.89
noise-cancelling-headphones,store_001,2025-11-14 00:00:00,217.18,142.11
4k-webcam,store_001,2025-11-14 00:00:00,246.63,63.94
mechanical-keyboard,store_001,2025-11-14 00:00:00,251.95,97.72
gaming-mouse,store_001,2025-11-14 00:00:00,314.74,49.14
usb-c-hub,store_001,2025-11-14 00:00:00,498.38,28.68
portable-ssd,store_001,2025-11-14 00:00:00,216.26,65.24
smart-display,store_001,2025-11-14 00:00:00,162.57,94.57
robot-vacuum,store_001,2025-11-14 00:00:00,93.12,205.58
action-camera,store_001,2025-11-14 00:00:00,115.61,134.55
wireless-earbuds,store_001,2025-11-15 00:00:00,483.91,54.7
smart-watch,store_001,2025-11-15 00:00:00,188.93,160.96
bluetooth-speaker,store_001,2025-11-15 00:00:00,418.25,36.28
noise-cancelling-headphones,store_001,2025-11-15 00:00:00,284.35,133.77
4k-webcam,store_001,2025-11-15 00:00:00,204.31,60.76
mechanical-keyboard,store_001,2025-11-15 00:00:00,248.86,88.42
gaming-mouse,store_001,2025-11-15 00:00:00,313.77,46.59
usb-c-hub,store_001,2025-11-15 00:00:00,542.99,25.23
portable-ssd,store_001,2025-11-15 00:00:00,327.03,66.61
smart-display,store_001,2025-11-15 00:00:00,198.92,105.64
robot-vacuum,store_001,2025-11-15 00:00:00,137.89,206.41
action-camera,store_001,2025-11-15 00:00:00,170.49,121.59
wireless-earbuds,store_001,2025-11-16 00:00:00,376.63,53.31
smart-watch,store_001,2025-11-16 00:00:00,171.89,178.1
bluetooth-speaker,store_001,2025-11-16 00:00:00,397.93,37.43
noise-cancelling-headphones,store_001,2025-11-16 00:00:00,210.93,140.81
4k-webcam,store_001,2025-11-16 00:00:00,372.42,66.46
mechanical-keyboard,store_001,2025-11-16 00:00:00,168.14,96.83
gaming-mouse,store_001,2025-11-16 00:00:00,349.07,53.48
usb-c-hub,store_001,2025-11-16 00:00:00,408.62,25.45
portable-ssd,store_001,2025-11-16 00:00:00,214.32,68.24
smart-display,store_001,2025-11-16 00:00:00,140.1,103.13
robot-vacuum,store_001,2025-11-16 00:00:00,119.0,191.03
action-camera,store_001,2025-11-16 00:00:00,152.81,126.87
wireless-earbuds,store_001,2025-11-17 00:00:00,294.76,58.76
smart-watch,store_001,2025-11-17 00:00:00,120.2,180.87
bluetooth-speaker,store_001,2025-11-17 00:00:00,389.71,37.26
noise-cancelling-headphones,store_001,2025-11-17 00:00:00,157.84,139.57
4k-webcam,store_001,2025-11-17 00:00:00,223.77,62.83
mechanical-keyboard,store_001,2025-11-17 00:00:00,136.1,88.02
gaming-mouse,store_001,2025-11-17 00:00:00,257.78,47.91
usb-c-hub,store_001,2025-11-17 00:00:00,402.79,25.27
portable-ssd,store_001,2025-11-17 00:00:00,194.69,66.19
smart-display,store_001,2025-11-17 00:00:00,133.49,109.01
robot-vacuum,store_001,2025-11-17 00:00:00,74.4,213.06
action-camera,store_001,2025-11-17 00:00:00,114.0,129.5
wireless-earbuds,store_001,2025-11-18 00:00:00,265.49,54.17
smart-watch,store_001,2025-11-18 00:00:00,111.73,184.14
bluetooth-speaker,store_001,2025-11-18 00:00:00,363.22,32.67
noise-cancelling-headphones,store_001,2025-11-18 00:00:00,150.94,133.56
4k-webcam,store_001,2025-11-18 00:00:00,172.58,59.63
mechanical-keyboard,store_001,2025-11-18 00:00:00,139.91,98.48
gaming-mouse,store_001,2025-11-18 00:00:00,189.58,46.84
usb-c-hub,store_001,2025-11-18 00:00:00,290.51,25.29
portable-ssd,store_001,2025-11-18 00:00:00,195.95,57.91
smart-display,store_001,2025-11-18 00:00:00,128.14,108.46
robot-vacuum,store_001,2025-11-18 00:00:00,66.19,214.6
action-camera,store_001,2025-11-18 00:00:00,92.04,116.26
wireless-earbuds,store_001,2025-11-19 00:00:00,266.86,53.39
smart-watch,store_001,2025-11-19 00:00:00,129.48,175.79
bluetooth-speaker,store_001,2025-11-19 00:00:00,347.76,36.56
noise-cancelling-headphones,store_001,2025-11-19 00:00:00,159.09,134.95
4k-webcam,store_001,2025-11-19 00:00:00,175.43,66.85
mechanical-keyboard,store_001,2025-11-19 00:00:00,151.87,92.28
gaming-mouse,store_001,2025-11-19 00:00:00,282.03,53.61
usb-c-hub,store_001,2025-11-19 00:00:00,444.63,29.32
portable-ssd,store_001,2025-11-19 00:00:00,178.36,66.23
smart-display,store_001,2025-11-19 00:00:00,155.91,103.31
robot-vacuum,store_001,2025-11-19 00:00:00,64.95,224.66
action-camera,store_001,2025-11-19 00:00:00,110.14,131.03
wireless-earbuds,store_001,2025-11-20 00:00:00,275.03,57.75
smart-watch,store_001,2025-11-20 00:00:00,130.24,181.34
bluetooth-speaker,store_001,2025-11-20 00:00:00,278.78,37.75
noise-cancelling-headphones,store_001,2025-11-20 00:00:00,208.8,139.12
4k-webcam,store_001,2025-11-20 00:00:00,208.59,61.5
mechanical-keyboard,store_001,2025-11-20 00:00:00,195.68,88.08
gaming-mouse,store_001,2025-11-20 00:00:00,244.56,44.32
usb-c-hub,store_001,2025-11-20 00:00:00,472.96,26.05
portable-ssd,store_001,2025-11-20 00:00:00,247.91,62.66
smart-display,store_001,2025-11-20 00:00:00,163.38,105.05
robot-vacuum,store_001,2025-11-20 00:00:00,61.65,198.57
action-camera,store_001,2025-11-20 00:00:00,91.88,127.84
wireless-earbuds,store_001,2025-11-21 00:00:00,419.91,55.19
smart-watch,store_001,2025-11-21 00:00:00,154.11,188.04
bluetooth-speaker,store_001,2025-11-21 00:00:00,427.76,36.19
noise-cancelling-headphones,store_001,2025-11-21 00:00:00,173.37,148.67
4k-webcam,store_001,2025-11-21 00:00:00,305.75,57.58
mechanical-keyboard,store_001,2025-11-21 00:00:00,222.42,89.55
gaming-mouse,store_001,2025-11-21 00:00:00,308.23,53.78
usb-c-hub,store_001,2025-11-21 00:00:00,505.99,28.24
portable-ssd,store_001,2025-11-21 00:00:00,252.81,59.34
smart-display,store_001,2025-11-21 00:00:00,167.45,101.9
robot-vacuum,store_001,2025-11-21 00:00:00,130.62,213.4
action-camera,store_001,2025-11-21 00:00:00,144.51,138.28
wireless-earbuds,store_001,2025-11-22 00:00:00,405.45,59.65
smart-watch,store_001,2025-11-22 00:00:00,141.77,166.72
bluetooth-speaker,store_001,2025-11-22 00:00:00,419.55,37.52
noise-cancelling-headphones,store_001,2025-11-22 00:00:00,213.39,145.18
4k-webcam,store_001,2025-11-22 00:00:00,274.23,65.28
mechanical-keyboard,store_001,2025-11-22 00:00:00,272.62,98.92
gaming-mouse,store_001,2025-11-22 00:00:00,354.17,47.36
usb-c-hub,store_001,2025-11-22 00:00:00,468.29,30.11
portable-ssd,store_001,2025-11-22 00:00:00,259.34,66.64
smart-display,store_001,2025-11-22 00:00:00,182.36,102.62
robot-vacuum,store_001,2025-11-22 00:00:00,106.19,194.61
action-camera,store_001,2025-11-22 00:00:00,117.81,129.74
wireless-earbuds,store_001,2025-11-23 00:00:00,252.37,58.91
smart-watch,store_001,2025-11-23 00:00:00,140.65,158.78
bluetooth-speaker,store_001,2025-11-23 00:00:00,481.06,34.86
noise-cancelling-headphones,store_001,2025-11-23 00:00:00,225.24,141.53
4k-webcam,store_001,2025-11-23 00:00:00,232.12,60.16
mechanical-keyboard,store_001,2025-11-23 00:00:00,240.79,93.95
gaming-mouse,store_001,2025-11-23 00:00:00,332.17,48.54
usb-c-hub,store_001,2025-11-23 00:00:00,421.15,29.19
portable-ssd,store_001,2025-11-23 00:00:00,280.2,64.43
smart-display,store_001,2025-11-23 00:00:00,163.64,110.93
robot-vacuum,store_001,2025-11-23 00:00:00,138.06,203.87
action-camera,store_001,2025-11-23 00:00:00,90.34,133.56
wireless-earbuds,store_001,2025-11-24 00:00:00,207.85,59.8
smart-watch,store_001,2025-11-24 00:00:00,117.92,188.29
bluetooth-speaker,store_001,2025-11-24 00:00:00,348.73,36.26
noise-cancelling-headphones,store_001,2025-11-24 00:00:00,158.72,138.31
4k-webcam,store_001,2025-11-24 00:00:00,214.16,63.31
mechanical-keyboard,store_001,2025-11-24 00:00:00,158.88,94.19
gaming-mouse,store_001,2025-11-24 00:00:00,227.51,46.84
usb-c-hub,store_001,2025-11-24 00:00:00,324.7,27.25
portable-ssd,store_001,2025-11-24 00:00:00,165.45,60.62
smart-display,store_001,2025-11-24 00:00:00,128.61,104.64
robot-vacuum,store_001,2025-11-24 00:00:00,106.57,195.39
action-camera,store_001,2025-11-24 00:00:00,111.16,129.73
wireless-earbuds,store_001,2025-11-25 00:00:00,245.02,61.49
smart-watch,store_001,2025-11-25 00:00:00,113.57,179.47
bluetooth-speaker,store_001,2025-11-25 00:00:00,237.96,32.02
noise-cancelling-headphones,store_001,2025-11-25 00:00:00,178.1,143.88
4k-webcam,store_001,2025-11-25 00:00:00,205.96,57.37
mechanical-keyboard,store_001,2025-11-25 00:00:00,140.82,86.12
gaming-mouse,store_001,2025-11-25 00:00:00,264.64,47.59
usb-c-hub,store_001,2025-11-25 00:00:00,327.47,26.67
portable-ssd,store_001,2025-11-25 00:00:00,210.84,68.22
smart-display,store_001,2025-11-25 00:00:00,110.13,111.7
robot-vacuum,store_001,2025-11-25 00:00:00,57.54,223.2
action-camera,store_001,2025-11-25 00:00:00,108.62,118.89
wireless-earbuds,store_001,2025-11-26 00:00:00,391.42,79.97
smart-watch,store_001,2025-11-26 00:00:00,154.62,268.42
bluetooth-speaker,store_001,2025-11-26 00:00:00,363.32,52.05
noise-cancelling-headphones,store_001,2025-11-26 00:00:00,266.36,216.39
4k-webcam,store_001,2025-11-26 00:00:00,194.65,90.15
mechanical-keyboard,store_001,2025-11-26 00:00:00,133.96,137.11
gaming-mouse,store_001,2025-11-26 00:00:00,237.83,64.23
usb-c-hub,store_001,2025-11-26 00:00:00,374.9,43.36
portable-ssd,store_001,2025-11-26 00:00:00,158.08,85.07
smart-display,store_001,2025-11-26 00:00:00,152.03,137.7
robot-vacuum,store_001,2025-11-26 00:00:00,130.75,290.81
action-camera,store_001,2025-11-26 00:00:00,81.31,181.34
wireless-earbuds,store_001,2025-11-27 00:00:00,325.78,79.46
smart-watch,store_001,2025-11-27 00:00:00,147.68,239.57
bluetooth-speaker,store_001,2025-11-27 00:00:00,427.59,46.76
noise-cancelling-headphones,store_001,2025-11-27 00:00:00,251.06,209.71
4k-webcam,store_001,2025-11-27 00:00:00,178.79,97.58
mechanical-keyboard,store_001,2025-11-27 00:00:00,172.4,136.25
gaming-mouse,store_001,2025-11-27 00:00:00,293.03,69.18
usb-c-hub,store_001,2025-11-27 00:00:00,369.78,43.58
portable-ssd,store_001,2025-11-27 00:00:00,204.36,88.27
smart-display,store_001,2025-11-27 00:00:00,169.51,154.36
robot-vacuum,store_001,2025-11-27 00:00:00,151.45,317.25
action-camera,store_001,2025-11-27 00:00:00,101.0,171.83
wireless-earbuds,store_001,2025-11-28 00:00:00,392.16,81.44
smart-watch,store_001,2025-11-28 00:00:00,181.17,235.16
bluetooth-speaker,store_001,2025-11-28 00:00:00,522.01,54.95
noise-cancelling-headphones,store_001,2025-11-28 00:00:00,257.02,208.75
4k-webcam,store_001,2025-11-28 00:00:00,270.87,98.93
mechanical-keyboard,store_001,2025-11-28 00:00:00,219.18,137.03
gaming-mouse,store_001,2025-11-28 00:00:00,295.32,71.87
usb-c-hub,store_001,2025-11-28 00:00:00,430.08,41.98
portable-ssd,store_001,2025-11-28 00:00:00,213.04,95.73
smart-display,store_001,2025-11-28 00:00:00,211.6,161.71
robot-vacuum,store_001,2025-11-28 00:00:00,130.71,314.76
action-camera,store_001,2025-11-28 00:00:00,124.03,176.89
wireless-earbuds,store_001,2025-11-29 00:00:00,434.83,83.94
smart-watch,store_001,2025-11-29 00:00:00,187.78,238.88
bluetooth-speaker,store_001,2025-11-29 00:00:00,704.25,53.48
noise-cancelling-headphones,store_001,2025-11-29 00:00:00,226.37,207.19
4k-webcam,store_001,2025-11-29 00:00:00,300.97,81.7
mechanical-keyboard,store_001,2025-11-29 00:00:00,219.72,122.42
gaming-mouse,store_001,2025-11-29 00:00:00,308.76,68.88
usb-c-hub,store_001,2025-11-29 00:00:00,548.81,41.91
portable-ssd,store_001,2025-11-29 00:00:00,313.26,86.88
smart-display,store_001,2025-11-29 00:00:00,255.41,143.27
robot-vacuum,store_001,2025-11-29 00:00:00,150.14,279.84
action-camera,store_001,2025-11-29 00:00:00,155.2,192.89
wireless-earbuds,store_001,2025-11-30 00:00:00,471.42,77.76
smart-watch,store_001,2025-11-30 00:00:00,173.19,232.0
bluetooth-speaker,store_001,2025-11-30 00:00:00,609.68,48.83
noise-cancelling-headphones,store_001,2025-11-30 00:00:00,197.06,185.12
4k-webcam,store_001,2025-11-30 00:00:00,239.51,87.41
mechanical-keyboard,store_001,2025-11-30 00:00:00,225.22,126.91
gaming-mouse,store_001,2025-11-30 00:00:00,262.58,65.2
usb-c-hub,store_001,2025-11-30 00:00:00,442.67,41.47
portable-ssd,store_001,2025-11-30 00:00:00,181.67,86.37
smart-display,store_001,2025-11-30 00:00:00,260.98,141.48
robot-vacuum,store_001,2025-11-30 00:00:00,139.16,289.39
action-camera,store_001,2025-11-30 00:00:00,93.03,188.74
wireless-earbuds,store_001,2025-12-01 00:00:00,304.51,75.32
smart-watch,store_001,2025-12-01 00:00:00,131.91,273.42
bluetooth-speaker,store_001,2025-12-01 00:00:00,445.58,50.48
noise-cancelling-headphones,store_001,2025-12-01 00:00:00,140.21,187.21
4k-webcam,store_001,2025-12-01 00:00:00,224.41,89.43
mechanical-keyboard,store_001,2025-12-01 00:00:00,164.76,123.06
gaming-mouse,store_001,2025-12-01 00:00:00,229.75,73.33
usb-c-hub,store_001,2025-12-01 00:00:00,417.03,41.48
portable-ssd,store_001,2025-12-01 00:00:00,182.7,82.66
smart-display,store_001,2025-12-01 00:00:00,200.71,158.44
robot-vacuum,store_001,2025-12-01 00:00:00,85.42,289.0
action-camera,store_001,2025-12-01 00:00:00,107.27,193.48
wireless-earbuds,store_001,2025-12-02 00:00:00,323.71,75.89
smart-watch,store_001,2025-12-02 00:00:00,131.28,246.76
bluetooth-speaker,store_001,2025-12-02 00:00:00,389.22,53.03
noise-cancelling-headphones,store_001,2025-12-02 00:00:00,187.52,182.38
4k-webcam,store_001,2025-12-02 00:00:00,158.14,82.53
mechanical-keyboard,store_001,2025-12-02 00:00:00,139.55,119.18
gaming-mouse,store_001,2025-12-02 00:00:00,231.02,69.73
usb-c-hub,store_001,2025-12-02 00:00:00,338.79,41.04
portable-ssd,store_001,2025-12-02 00:00:00,163.65,82.39
smart-display,store_001,2025-12-02 00:00:00,148.2,136.35
robot-vacuum,store_001,2025-12-02 00:00:00,90.61,288.06
action-camera,store_001,2025-12-02 00:00:00,78.66,178.34
wireless-earbuds,store_001,2025-12-03 00:00:00,388.41,72.03
smart-watch,store_001,2025-12-03 00:00:00,144.27,266.09
bluetooth-speaker,store_001,2025-12-03 00:00:00,381.3,45.71
noise-cancelling-headphones,store_001,2025-12-03 00:00:00,170.35,187.16
4k-webcam,store_001,2025-12-03 00:00:00,219.64,84.31
mechanical-keyboard,store_001,2025-12-03 00:00:00,185.56,141.92
gaming-mouse,store_001,2025-12-03 00:00:00,207.88,76.18
usb-c-hub,store_001,2025-12-03 00:00:00,350.71,36.14
portable-ssd,store_001,2025-12-03 00:00:00,183.26,94.33
smart-display,store_001,2025-12-03 00:00:00,215.84,158.64
robot-vacuum,store_001,2025-12-03 00:00:00,131.0,288.89
action-camera,store_001,2025-12-03 00:00:00,107.65,188.58
wireless-earbuds,store_001,2025-12-04 00:00:00,321.27,78.42
smart-watch,store_001,2025-12-04 00:00:00,141.84,235.28
bluetooth-speaker,store_001,2025-12-04 00:00:00,482.09,46.36
noise-cancelling-headphones,store_001,2025-12-04 00:00:00,217.43,219.64
4k-webcam,store_001,2025-12-04 00:00:00,236.22,92.96
mechanical-keyboard,store_001,2025-12-04 00:00:00,265.32,126.81
gaming-mouse,store_001,2025-12-04 00:00:00,235.14,71.59
usb-c-hub,store_001,2025-12-04 00:00:00,401.93,36.6
portable-ssd,store_001,2025-12-04 00:00:00,211.29,85.02
smart-display,store_001,2025-12-04 00:00:00,172.01,141.83
robot-vacuum,store_001,2025-12-04 00:00:00,119.55,328.36
action-camera,store_001,2025-12-04 00:00:00,106.5,167.69
wireless-earbuds,store_001,2025-12-05 00:00:00,406.47,78.58
smart-watch,store_001,2025-12-05 00:00:00,178.25,231.3
bluetooth-speaker,store_001,2025-12-05 00:00:00,541.1,53.03
noise-cancelling-headphones,store_001,2025-12-05 00:00:00,285.74,197.12
4k-webcam,store_001,2025-12-05 00:00:00,280.02,88.72
mechanical-keyboard,store_001,2025-12-05 00:00:00,232.61,136.37
gaming-mouse,store_001,2025-12-05 00:00:00,305.68,69.11
usb-c-hub,store_001,2025-12-05 00:00:00,396.74,41.35
portable-ssd,store_001,2025-12-05 00:00:00,213.69,92.9
smart-display,store_001,2025-12-05 00:00:00,174.33,153.74
robot-vacuum,store_001,2025-12-05 00:00:00,152.39,294.28
action-camera,store_001,2025-12-05 00:00:00,136.03,174.04
wireless-earbuds,store_001,2025-12-06 00:00:00,456.32,77.93
smart-watch,store_001,2025-12-06 00:00:00,233.51,267.34
bluetooth-speaker,store_001,2025-12-06 00:00:00,592.57,46.57
noise-cancelling-headphones,store_001,2025-12-06 00:00:00,317.47,214.88
4k-webcam,store_001,2025-12-06 00:00:00,236.27,86.39
mechanical-keyboard,store_001,2025-12-06 00:00:00,249.15,137.34
gaming-mouse,store_001,2025-12-06 00:00:00,287.48,72.76
usb-c-hub,store_001,2025-12-06 00:00:00,577.5,43.01
portable-ssd,store_001,2025-12-06 00:00:00,255.8,88.08
smart-display,store_001,2025-12-06 00:00:00,156.92,155.0
robot-vacuum,store_001,2025-12-06 00:00:00,130.86,311.97
action-camera,store_001,2025-12-06 00:00:00,160.58,189.42
wireless-earbuds,store_001,2025-12-07 00:00:00,432.26,83.96
smart-watch,store_001,2025-12-07 00:00:00,171.53,235.12
bluetooth-speaker,store_001,2025-12-07 00:00:00,624.3,54.23
noise-cancelling-headphones,store_001,2025-12-07 00:00:00,235.36,184.12
4k-webcam,store_001,2025-12-07 00:00:00,230.2,92.6
mechanical-keyboard,store_001,2025-12-07 00:00:00,195.55,141.71
gaming-mouse,store_001,2025-12-07 00:00:00,304.31,66.79
usb-c-hub,store_001,2025-12-07 00:00:00,345.26,38.28
portable-ssd,store_001,2025-12-07 00:00:00,205.39,93.03
smart-display,store_001,2025-12-07 00:00:00,212.69,158.53
robot-vacuum,store_001,2025-12-07 00:00:00,119.87,298.21
action-camera,store_001,2025-12-07 00:00:00,130.27,184.16
wireless-earbuds,store_001,2025-12-08 00:00:00,306.75,73.23
smart-watch,store_001,2025-12-08 00:00:00,119.65,268.01
bluetooth-speaker,store_001,2025-12-08 00:00:00,406.74,53.96
noise-cancelling-headphones,store_001,2025-12-08 00:00:00,165.92,187.86
4k-webcam,store_001,2025-12-08 00:00:00,201.6,95.5
mechanical-keyboard,store_001,2025-12-08 00:00:00,165.6,126.86
gaming-mouse,store_001,2025-12-08 00:00:00,194.22,63.05
usb-c-hub,store_001,2025-12-08 00:00:00,377.12,40.28
portable-ssd,store_001,2025-12-08 00:00:00,157.04,93.8
smart-display,store_001,2025-12-08 00:00:00,164.8,139.19
robot-vacuum,store_001,2025-12-08 00:00:00,106.52,328.74
action-camera,store_001,2025-12-08 00:00:00,72.31,176.33
wireless-earbuds,store_001,2025-12-09 00:00:00,307.64,79.06
smart-watch,store_001,2025-12-09 00:00:00,165.74,257.11
bluetooth-speaker,store_001,2025-12-09 00:00:00,377.83,51.32
noise-cancelling-headphones,store_001,2025-12-09 00:00:00,152.01,208.09
4k-webcam,store_001,2025-12-09 00:00:00,152.17,84.43
mechanical-keyboard,store_001,2025-12-09 00:00:00,182.8,120.6
gaming-mouse,store_001,2025-12-09 00:00:00,251.6,75.58
usb-c-hub,store_001,2025-12-09 00:00:00,320.02,39.15
portable-ssd,store_001,2025-12-09 00:00:00,143.48,98.87
smart-display,store_001,2025-12-09 00:00:00,148.97,154.25
robot-vacuum,store_001,2025-12-09 00:00:00,95.3,297.6
action-camera,store_001,2025-12-09 00:00:00,77.16,178.24
wireless-earbuds,store_001,2025-12-10 00:00:00,298.41,75.58
smart-watch,store_001,2025-12-10 00:00:00,135.33,254.99
bluetooth-speaker,store_001,2025-12-10 00:00:00,594.82,48.49
noise-cancelling-headphones,store_001,2025-12-10 00:00:00,202.06,181.09
4k-webcam,store_001,2025-12-10 00:00:00,166.99,85.89
mechanical-keyboard,store_001,2025-12-10 00:00:00,189.06,136.79
gaming-mouse,store_001,2025-12-10 00:00:00,266.28,66.8
usb-c-hub,store_001,2025-12-10 00:00:00,381.59,41.32
portable-ssd,store_001,2025-12-10 00:00:00,220.39,93.33
smart-display,store_001,2025-12-10 00:00:00,139.68,138.0
robot-vacuum,store_001,2025-12-10 00:00:00,115.13,285.91
action-camera,store_001,2025-12-10 00:00:00,99.82,196.37
wireless-earbuds,store_001,2025-12-11 00:00:00,418.54,73.17
smart-watch,store_001,2025-12-11 00:00:00,145.63,252.21
bluetooth-speaker,store_001,2025-12-11 00:00:00,476.02,51.53
noise-cancelling-headphones,store_001,2025-12-11 00:00:00,210.87,206.3
4k-webcam,store_001,2025-12-11 00:00:00,220.63,97.17
mechanical-keyboard,store_001,2025-12-11 00:00:00,187.82,140.7
gaming-mouse,store_001,2025-12-11 00:00:00,251.76,74.93
usb-c-hub,store_001,2025-12-11 00:00:00,395.8,39.22
portable-ssd,store_001,2025-12-11 00:00:00,177.67,96.76
smart-display,store_001,2025-12-11 00:00:00,169.96,142.38
robot-vacuum,store_001,2025-12-11 00:00:00,126.01,285.46
action-camera,store_001,2025-12-11 00:00:00,120.32,195.63
wireless-earbuds,store_001,2025-12-12 00:00:00,454.77,72.95
smart-watch,store_001,2025-12-12 00:00:00,211.56,228.73
bluetooth-speaker,store_001,2025-12-12 00:00:00,554.28,45.95
noise-cancelling-headphones,store_001,2025-12-12 00:00:00,252.19,217.11
4k-webcam,store_001,2025-12-12 00:00:00,319.44,82.43
mechanical-keyboard,store_001,2025-12-12 00:00:00,241.42,119.56
gaming-mouse,store_001,2025-12-12 00:00:00,298.24,65.84
usb-c-hub,store_001,2025-12-12 00:00:00,475.17,41.63
portable-ssd,store_001,2025-12-12 00:00:00,207.03,81.28
smart-display,store_001,2025-12-12 00:00:00,215.57,162.18
robot-vacuum,store_001,2025-12-12 00:00:00,122.67,301.24
action-camera,store_001,2025-12-12 00:00:00,119.08,165.17
wireless-earbuds,store_001,2025-12-13 00:00:00,499.0,85.61
smart-watch,store_001,2025-12-13 00:00:00,219.5,231.83
bluetooth-speaker,store_001,2025-12-13 00:00:00,456.29,51.07
noise-cancelling-headphones,store_001,2025-12-13 00:00:00,257.81,199.05
4k-webcam,store_001,2025-12-13 00:00:00,249.39,88.71
mechanical-keyboard,store_001,2025-12-13 00:00:00,233.19,123.2
gaming-mouse,store_001,2025-12-13 00:00:00,304.91,69.98
usb-c-hub,store_001,2025-12-13 00:00:00,470.82,36.88
portable-ssd,store_001,2025-12-13 00:00:00,277.43,86.14
smart-display,store_001,2025-12-13 00:00:00,240.41,139.54
robot-vacuum,store_001,2025-12-13 00:00:00,137.68,284.24
action-camera,store_001,2025-12-13 00:00:00,152.96,169.83
wireless-earbuds,store_001,2025-12-14 00:00:00,490.41,82.58
smart-watch,store_001,2025-12-14 00:00:00,192.82,245.32
bluetooth-speaker,store_001,2025-12-14 00:00:00,554.3,48.22
noise-cancelling-headphones,store_001,2025-12-14 00:00:00,259.0,199.86
4k-webcam,store_001,2025-12-14 00:00:00,257.82,87.53
mechanical-keyboard,store_001,2025-12-14 00:00:00,221.33,138.02
gaming-mouse,store_001,2025-12-14 00:00:00,322.23,72.86
usb-c-hub,store_001,2025-12-14 00:00:00,439.99,40.2
portable-ssd,store_001,2025-12-14 00:00:00,253.25,90.11
smart-display,store_001,2025-12-14 00:00:00,170.61,152.93
robot-vacuum,store_001,2025-12-14 00:00:00,144.65,329.41
action-camera,store_001,2025-12-14 00:00:00,117.09,174.26
wireless-earbuds,store_001,2025-12-15 00:00:00,216.72,75.32
smart-watch,store_001,2025-12-15 00:00:00,154.55,250.23
bluetooth-speaker,store_001,2025-12-15 00:00:00,503.8,51.37
noise-cancelling-headphones,store_001,2025-12-15 00:00:00,174.22,186.23
4k-webcam,store_001,2025-12-15 00:00:00,161.92,87.6
mechanical-keyboard,store_001,2025-12-15 00:00:00,190.95,139.71
gaming-mouse,store_001,2025-12-15 00:00:00,199.83,75.02
usb-c-hub,store_001,2025-12-15 00:00:00,342.13,38.19
portable-ssd,store_001,2025-12-15 00:00:00,170.19,90.16
smart-display,store_001,2025-12-15 00:00:00,140.79,147.62
robot-vacuum,store_001,2025-12-15 00:00:00,98.0,296.69
action-camera,store_001,2025-12-15 00:00:00,91.54,193.56
wireless-earbuds,store_001,2025-12-16 00:00:00,335.02,78.54
smart-watch,store_001,2025-12-16 00:00:00,128.35,258.61
bluetooth-speaker,store_001,2025-12-16 00:00:00,497.55,46.35
noise-cancelling-headphones,store_001,2025-12-16 00:00:00,188.68,198.86
4k-webcam,store_001,2025-12-16 00:00:00,205.24,87.31
mechanical-keyboard,store_001,2025-12-16 00:00:00,162.66,121.19
gaming-mouse,store_001,2025-12-16 00:00:00,228.29,70.77
usb-c-hub,store_001,2025-12-16 00:00:00,388.73,40.28
portable-ssd,store_001,2025-12-16 00:00:00,129.06,87.43
smart-display,store_001,2025-12-16 00:00:00,150.47,152.85
robot-vacuum,store_001,2025-12-16 00:00:00,113.15,315.07
action-camera,store_001,2025-12-16 00:00:00,94.95,183.78
wireless-earbuds,store_001,2025-12-17 00:00:00,352.02,83.26
smart-watch,store_001,2025-12-17 00:00:00,144.34,242.34
bluetooth-speaker,store_001,2025-12-17 00:00:00,495.86,46.93
noise-cancelling-headphones,store_001,2025-12-17 00:00:00,190.41,217.74
4k-webcam,store_001,2025-12-17 00:00:00,207.19,91.65
mechanical-keyboard,store_001,2025-12-17 00:00:00,153.37,117.19
gaming-mouse,store_001,2025-12-17 00:00:00,250.8,76.09
usb-c-hub,store_001,2025-12-17 00:00:00,358.55,39.91
portable-ssd,store_001,2025-12-17 00:00:00,223.61,85.32
smart-display,store_001,2025-12-17 00:00:00,174.57,151.2
robot-vacuum,store_001,2025-12-17 00:00:00,112.54,307.31
action-camera,store_001,2025-12-17 00:00:00,90.02,187.63
wireless-earbuds,store_001,2025-12-18 00:00:00,337.02,85.93
smart-watch,store_001,2025-12-18 00:00:00,181.43,263.1
bluetooth-speaker,store_001,2025-12-18 00:00:00,437.51,47.87
noise-cancelling-headphones,store_001,2025-12-18 00:00:00,198.83,211.98
4k-webcam,store_001,2025-12-18 00:00:00,213.89,81.65
mechanical-keyboard,store_001,2025-12-18 00:00:00,245.7,130.25
gaming-mouse,store_001,2025-12-18 00:00:00,231.43,66.1
usb-c-hub,store_001,2025-12-18 00:00:00,374.18,43.84
portable-ssd,store_001,2025-12-18 00:00:00,182.17,98.91
smart-display,store_001,2025-12-18 00:00:00,164.1,152.55
robot-vacuum,store_001,2025-12-18 00:00:00,124.73,309.63
action-camera,store_001,2025-12-18 00:00:00,105.5,187.86
wireless-earbuds,store_001,2025-12-19 00:00:00,461.26,83.52
smart-watch,store_001,2025-12-19 00:00:00,233.39,225.68
bluetooth-speaker,store_001,2025-12-19 00:00:00,524.47,54.14
noise-cancelling-headphones,store_001,2025-12-19 00:00:00,208.67,203.68
4k-webcam,store_001,2025-12-19 00:00:00,235.82,86.0
mechanical-keyboard,store_001,2025-12-19 00:00:00,259.76,136.14
gaming-mouse,store_001,2025-12-19 00:00:00,332.12,71.92
usb-c-hub,store_001,2025-12-19 00:00:00,384.84,38.86
portable-ssd,store_001,2025-12-19 00:00:00,265.05,81.26
smart-display,store_001,2025-12-19 00:00:00,261.23,136.45
robot-vacuum,store_001,2025-12-19 00:00:00,134.08,315.36
action-camera,store_001,2025-12-19 00:00:00,146.58,194.16
wireless-earbuds,store_001,2025-12-20 00:00:00,526.37,73.48
smart-watch,store_001,2025-12-20 00:00:00,226.59,258.18
bluetooth-speaker,store_001,2025-12-20 00:00:00,671.06,46.39
noise-cancelling-headphones,store_001,2025-12-20 00:00:00,315.2,180.81
4k-webcam,store_001,2025-12-20 00:00:00,276.7,92.04
mechanical-keyboard,store_001,2025-12-20 00:00:00,265.16,139.06
gaming-mouse,store_001,2025-12-20 00:00:00,302.07,69.97
usb-c-hub,store_001,2025-12-20 00:00:00,510.12,38.58
portable-ssd,store_001,2025-12-20 00:00:00,280.56,84.31
smart-display,store_001,2025-12-20 00:00:00,216.59,162.02
robot-vacuum,store_001,2025-12-20 00:00:00,170.33,271.91
action-camera,store_001,2025-12-20 00:00:00,164.53,187.53
wireless-earbuds,store_001,2025-12-21 00:00:00,403.78,87.07
smart-watch,store_001,2025-12-21 00:00:00,216.03,230.39
bluetooth-speaker,store_001,2025-12-21 00:00:00,488.6,54.56
noise-cancelling-headphones,store_001,2025-12-21 00:00:00,220.04,195.36
4k-webcam,store_001,2025-12-21 00:00:00,270.56,83.91
mechanical-keyboard,store_001,2025-12-21 00:00:00,195.74,128.75
gaming-mouse,store_001,2025-12-21 00:00:00,310.02,65.01
usb-c-hub,store_001,2025-12-21 00:00:00,504.47,41.39
portable-ssd,store_001,2025-12-21 00:00:00,242.15,82.48
smart-display,store_001,2025-12-21 00:00:00,211.53,162.64
robot-vacuum,store_001,2025-12-21 00:00:00,152.98,271.21
action-camera,store_001,2025-12-21 00:00:00,124.93,183.77
wireless-earbuds,store_001,2025-12-22 00:00:00,248.93,81.59
smart-watch,store_001,2025-12-22 00:00:00,163.29,229.95
bluetooth-speaker,store_001,2025-12-22 00:00:00,423.56,46.3
noise-cancelling-headphones,store_001,2025-12-22 00:00:00,211.15,196.28
4k-webcam,store_001,2025-12-22 00:00:00,139.54,87.46
mechanical-keyboard,store_001,2025-12-22 00:00:00,162.96,121.57
gaming-mouse,store_001,2025-12-22 00:00:00,194.46,76.86
usb-c-hub,store_001,2025-12-22 00:00:00,412.96,37.76
portable-ssd,store_001,2025-12-22 00:00:00,213.31,84.87
smart-display,store_001,2025-12-22 00:00:00,157.79,152.58
robot-vacuum,store_001,2025-12-22 00:00:00,85.43,319.27
action-camera,store_001,2025-12-22 00:00:00,104.05,167.43
wireless-earbuds,store_001,2025-12-23 00:00:00,281.34,81.21
smart-watch,store_001,2025-12-23 00:00:00,138.16,235.57
bluetooth-speaker,store_001,2025-12-23 00:00:00,341.62,51.03
noise-cancelling-headphones,store_001,2025-12-23 00:00:00,178.39,205.83
4k-webcam,store_001,2025-12-23 00:00:00,195.8,82.78
mechanical-keyboard,store_001,2025-12-23 00:00:00,188.86,138.87
gaming-mouse,store_001,2025-12-23 00:00:00,190.05,69.88
usb-c-hub,store_001,2025-12-23 00:00:00,366.65,38.94
portable-ssd,store_001,2025-12-23 00:00:00,179.0,91.42
smart-display,store_001,2025-12-23 00:00:00,141.17,161.94
robot-vacuum,store_001,2025-12-23 00:00:00,90.83,313.61
action-camera,store_001,2025-12-23 00:00:00,88.53,166.91
wireless-earbuds,store_001,2025-12-24 00:00:00,343.74,79.49
smart-watch,store_001,2025-12-24 00:00:00,176.11,251.71
bluetooth-speaker,store_001,2025-12-24 00:00:00,487.65,52.33
noise-cancelling-headphones,store_001,2025-12-24 00:00:00,197.3,197.75
4k-webcam,store_001,2025-12-24 00:00:00,211.51,94.61
mechanical-keyboard,store_001,2025-12-24 00:00:00,173.09,132.96
gaming-mouse,store_001,2025-12-24 00:00:00,281.88,76.63
usb-c-hub,store_001,2025-12-24 00:00:00,318.09,39.36
portable-ssd,store_001,2025-12-24 00:00:00,196.39,89.47
smart-display,store_001,2025-12-24 00:00:00,155.7,147.53
robot-vacuum,store_001,2025-12-24 00:00:00,130.95,275.18
action-camera,store_001,2025-12-24 00:00:00,110.67,173.55
wireless-earbuds,store_001,2025-12-25 00:00:00,348.04,83.53
smart-watch,store_001,2025-12-25 00:00:00,162.94,231.59
bluetooth-speaker,store_001,2025-12-25 00:00:00,477.25,50.46
noise-cancelling-headphones,store_001,2025-12-25 00:00:00,199.63,180.95
4k-webcam,store_001,2025-12-25 00:00:00,194.83,87.03
mechanical-keyboard,store_001,2025-12-25 00:00:00,176.96,122.15
gaming-mouse,store_001,2025-12-25 00:00:00,209.62,63.99
usb-c-hub,store_001,2025-12-25 00:00:00,418.66,42.54
portable-ssd,store_001,2025-12-25 00:00:00,182.15,88.44
smart-display,store_001,2025-12-25 00:00:00,159.29,137.5
robot-vacuum,store_001,2025-12-25 00:00:00,115.19,271.29
action-camera,store_001,2025-12-25 00:00:00,123.79,188.86
wireless-earbuds,store_001,2025-12-26 00:00:00,139.25,81.11
smart-watch,store_001,2025-12-26 00:00:00,74.07,270.38
bluetooth-speaker,store_001,2025-12-26 00:00:00,212.59,47.06
noise-cancelling-headphones,store_001,2025-12-26 00:00:00,111.47,193.77
4k-webcam,store_001,2025-12-26 00:00:00,121.37,92.02
mechanical-keyboard,store_001,2025-12-26 00:00:00,104.98,129.44
gaming-mouse,store_001,2025-12-26 00:00:00,194.08,72.22
usb-c-hub,store_001,2025-12-26 00:00:00,237.0,41.45
portable-ssd,store_001,2025-12-26 00:00:00,98.13,87.13
smart-display,store_001,2025-12-26 00:00:00,93.47,150.7
robot-vacuum,store_001,2025-12-26 00:00:00,57.79,322.24
action-camera,store_001,2025-12-26 00:00:00,61.0,190.93
wireless-earbuds,store_001,2025-12-27 00:00:00,204.25,78.89
smart-watch,store_001,2025-12-27 00:00:00,80.88,268.83
bluetooth-speaker,store_001,2025-12-27 00:00:00,231.65,49.87
noise-cancelling-headphones,store_001,2025-12-27 00:00:00,89.17,192.63
4k-webcam,store_001,2025-12-27 00:00:00,105.99,89.79
mechanical-keyboard,store_001,2025-12-27 00:00:00,141.08,134.48
gaming-mouse,store_001,2025-12-27 00:00:00,148.65,76.67
usb-c-hub,store_001,2025-12-27 00:00:00,315.12,39.52
portable-ssd,store_001,2025-12-27 00:00:00,137.38,95.64
smart-display,store_001,2025-12-27 00:00:00,98.13,156.23
robot-vacuum,store_001,2025-12-27 00:00:00,58.9,278.28
action-camera,store_001,2025-12-27 00:00:00,75.04,176.87
wireless-earbuds,store_001,2025-12-28 00:00:00,185.59,80.53
smart-watch,store_001,2025-12-28 00:00:00,79.71,230.48
bluetooth-speaker,store_001,2025-12-28 00:00:00,207.78,46.25
noise-cancelling-headphones,store_001,2025-12-28 00:00:00,92.53,196.71
4k-webcam,store_001,2025-12-28 00:00:00,108.62,86.74
mechanical-keyboard,store_001,2025-12-28 00:00:00,117.28,128.45
gaming-mouse,store_001,2025-12-28 00:00:00,136.51,75.12
usb-c-hub,store_001,2025-12-28 00:00:00,220.57,40.59
portable-ssd,store_001,2025-12-28 00:00:00,105.02,97.21
smart-display,store_001,2025-12-28 00:00:00,102.25,158.61
robot-vacuum,store_001,2025-12-28 00:00:00,47.95,321.41
action-camera,store_001,2025-12-28 00:00:00,63.71,187.16
wireless-earbuds,store_001,2025-12-29 00:00:00,114.85,87.55
smart-watch,store_001,2025-12-29 00:00:00,50.52,248.17
bluetooth-speaker,store_001,2025-12-29 00:00:00,156.27,47.9
noise-cancelling-headphones,store_001,2025-12-29 00:00:00,65.43,198.35
4k-webcam,store_001,2025-12-29 00:00:00,99.25,82.68
mechanical-keyboard,store_001,2025-12-29 00:00:00,96.7,134.69
gaming-mouse,store_001,2025-12-29 00:00:00,159.94,66.39
usb-c-hub,store_001,2025-12-29 00:00:00,154.85,41.84
portable-ssd,store_001,2025-12-29 00:00:00,91.58,93.65
smart-display,store_001,2025-12-29 00:00:00,64.86,156.52
robot-vacuum,store_001,2025-12-29 00:00:00,33.56,270.7
action-camera,store_001,2025-12-29 00:00:00,54.18,184.67
wireless-earbuds,store_001,2025-12-30 00:00:00,98.98,84.92
smart-watch,store_001,2025-12-30 00:00:00,40.72,225.21
bluetooth-speaker,store_001,2025-12-30 00:00:00,146.17,46.51
noise-cancelling-headphones,store_001,2025-12-30 00:00:00,66.5,213.63
4k-webcam,store_001,2025-12-30 00:00:00,102.5,90.05
mechanical-keyboard,store_001,2025-12-30 00:00:00,71.16,127.07
gaming-mouse,store_001,2025-12-30 00:00:00,104.3,65.85
usb-c-hub,store_001,2025-12-30 00:00:00,202.59,39.37
portable-ssd,store_001,2025-12-30 00:00:00,79.61,95.21
smart-display,store_001,2025-12-30 00:00:00,63.68,164.31
robot-vacuum,store_001,2025-12-30 00:00:00,30.85,308.28
action-camera,store_001,2025-12-30 00:00:00,41.7,175.71
wireless-earbuds,store_001,2025-12-31 00:00:00,153.78,86.67
smart-watch,store_001,2025-12-31 00:00:00,45.19,268.82
bluetooth-speaker,store_001,2025-12-31 00:00:00,145.8,54.16
noise-cancelling-headphones,store_001,2025-12-31 00:00:00,80.09,208.6
4k-webcam,store_001,2025-12-31 00:00:00,132.65,92.18
mechanical-keyboard,store_001,2025-12-31 00:00:00,88.88,119.42
gaming-mouse,store_001,2025-12-31 00:00:00,119.92,72.13
usb-c-hub,store_001,2025-12-31 00:00:00,163.52,36.0
portable-ssd,store_001,2025-12-31 00:00:00,106.58,89.54
smart-display,store_001,2025-12-31 00:00:00,64.59,150.91
robot-vacuum,store_001,2025-12-31 00:00:00,41.82,322.66
action-camera,store_001,2025-12-31 00:00:00,43.92,180.85
wireless-earbuds,store_001,2026-01-01 00:00:00,92.84,83.45
smart-watch,store_001,2026-01-01 00:00:00,53.86,262.66
bluetooth-speaker,store_001,2026-01-01 00:00:00,162.53,56.4
noise-cancelling-headphones,store_001,2026-01-01 00:00:00,68.38,222.63
4k-webcam,store_001,2026-01-01 00:00:00,89.54,106.27
mechanical-keyboard,store_001,2026-01-01 00:00:00,68.44,149.94
gaming-mouse,store_001,2026-01-01 00:00:00,114.6,80.58
usb-c-hub,store_001,2026-01-01 00:00:00,196.19,47.13
portable-ssd,store_001,2026-01-01 00:00:00,109.32,99.72
smart-display,store_001,2026-01-01 00:00:00,62.28,159.03
robot-vacuum,store_001,2026-01-01 00:00:00,42.22,316.78
action-camera,store_001,2026-01-01 00:00:00,35.62,187.83
wireless-earbuds,store_001,2026-01-02 00:00:00,160.94,90.24
smart-watch,store_001,2026-01-02 00:00:00,51.85,298.64
bluetooth-speaker,store_001,2026-01-02 00:00:00,161.35,56.75
noise-cancelling-headphones,store_001,2026-01-02 00:00:00,87.77,230.72
4k-webcam,store_001,2026-01-02 00:00:00,80.89,101.88
mechanical-keyboard,store_001,2026-01-02 00:00:00,128.2,151.62
gaming-mouse,store_001,2026-01-02 00:00:00,142.1,84.29
usb-c-hub,store_001,2026-01-02 00:00:00,177.55,47.5
portable-ssd,store_001,2026-01-02 00:00:00,96.49,108.03
smart-display,store_001,2026-01-02 00:00:00,65.28,166.72
robot-vacuum,store_001,2026-01-02 00:00:00,52.6,335.09
action-camera,store_001,2026-01-02 00:00:00,53.69,210.63
wireless-earbuds,store_001,2026-01-03 00:00:00,152.63,89.59
smart-watch,store_001,2026-01-03 00:00:00,73.99,272.51
bluetooth-speaker,store_001,2026-01-03 00:00:00,181.54,57.59
noise-cancelling-headphones,store_001,2026-01-03 00:00:00,114.8,224.83
4k-webcam,store_001,2026-01-03 00:00:00,103.22,107.64
mechanical-keyboard,store_001,2026-01-03 00:00:00,102.85,135.83
gaming-mouse,store_001,2026-01-03 00:00:00,140.57,79.29
usb-c-hub,store_001,2026-01-03 00:00:00,185.15,46.95
portable-ssd,store_001,2026-01-03 00:00:00,111.48,93.27
smart-display,store_001,2026-01-03 00:00:00,84.93,167.0
robot-vacuum,store_001,2026-01-03 00:00:00,59.61,362.51
action-camera,store_001,2026-01-03 00:00:00,72.22,209.48
wireless-earbuds,store_001,2026-01-04 00:00:00,146.19,89.61
smart-watch,store_001,2026-01-04 00:00:00,51.36,262.26
bluetooth-speaker,store_001,2026-01-04 00:00:00,159.56,55.19
noise-cancelling-headphones,store_001,2026-01-04 00:00:00,109.81,217.96
4k-webcam,store_001,2026-01-04 00:00:00,119.05,112.08
mechanical-keyboard,store_001,2026-01-04 00:00:00,78.52,151.41
gaming-mouse,store_001,2026-01-04 00:00:00,85.0,82.72
usb-c-hub,store_001,2026-01-04 00:00:00,185.25,43.45
portable-ssd,store_001,2026-01-04 00:00:00,101.64,109.56
smart-display,store_001,2026-01-04 00:00:00,55.76,186.97
robot-vacuum,store_001,2026-01-04 00:00:00,40.8,345.08
action-camera,store_001,2026-01-04 00:00:00,56.64,191.6
wireless-earbuds,store_001,2026-01-05 00:00:00,93.18,86.44
smart-watch,store_001,2026-01-05 00:00:00,35.02,262.27
bluetooth-speaker,store_001,2026-01-05 00:00:00,141.54,61.25
noise-cancelling-headphones,store_001,2026-01-05 00:00:00,60.22,219.81
4k-webcam,store_001,2026-01-05 00:00:00,86.69,111.53
mechanical-keyboard,store_001,2026-01-05 00:00:00,71.79,144.97
gaming-mouse,store_001,2026-01-05 00:00:00,79.59,79.64
usb-c-hub,store_001,2026-01-05 00:00:00,119.9,48.36
portable-ssd,store_001,2026-01-05 00:00:00,76.5,112.49
smart-display,store_001,2026-01-05 00:00:00,40.34,175.34
robot-vacuum,store_001,2026-01-05 00:00:00,27.77,340.47
action-camera,store_001,2026-01-05 00:00:00,38.37,202.96
wireless-earbuds,store_001,2026-01-06 00:00:00,88.62,96.1
smart-watch,store_001,2026-01-06 00:00:00,45.87,307.88
bluetooth-speaker,store_001,2026-01-06 00:00:00,151.91,58.81
noise-cancelling-headphones,store_001,2026-01-06 00:00:00,73.39,214.42
4k-webcam,store_001,2026-01-06 00:00:00,87.83,107.1
mechanical-keyboard,store_001,2026-01-06 00:00:00,57.44,145.44
gaming-mouse,store_001,2026-01-06 00:00:00,81.89,75.37
usb-c-hub,store_001,2026-01-06 00:00:00,105.73,46.72
portable-ssd,store_001,2026-01-06 00:00:00,71.12,93.41
smart-display,store_001,2026-01-06 00:00:00,50.16,179.16
robot-vacuum,store_001,2026-01-06 00:00:00,32.05,318.36
action-camera,store_001,2026-01-06 00:00:00,38.86,212.81
wireless-earbuds,store_001,2026-01-07 00:00:00,142.55,96.5
smart-watch,store_001,2026-01-07 00:00:00,63.28,262.72
bluetooth-speaker,store_001,2026-01-07 00:00:00,134.63,52.09
noise-cancelling-headphones,store_001,2026-01-07 00:00:00,56.03,225.45
4k-webcam,store_001,2026-01-07 00:00:00,67.76,110.62
mechanical-keyboard,store_001,2026-01-07 00:00:00,61.59,152.41
gaming-mouse,store_001,2026-01-07 00:00:00,129.59,77.57
usb-c-hub,store_001,2026-01-07 00:00:00,124.79,47.95
portable-ssd,store_001,2026-01-07 00:00:00,67.35,95.37
smart-display,store_001,2026-01-07 00:00:00,64.55,171.52
robot-vacuum,store_001,2026-01-07 00:00:00,40.68,372.33
action-camera,store_001,2026-01-07 00:00:00,45.24,203.39
wireless-earbuds,store_001,2026-01-08 00:00:00,96.47,87.21
smart-watch,store_001,2026-01-08 00:00:00,46.38,309.14
bluetooth-speaker,store_001,2026-01-08 00:00:00,198.39,53.33
noise-cancelling-headphones,store_001,2026-01-08 00:00:00,81.82,226.46
4k-webcam,store_001,2026-01-08 00:00:00,104.35,104.29
mechanical-keyboard,store_001,2026-01-08 00:00:00,93.49,161.12
gaming-mouse,store_001,2026-01-08 00:00:00,139.39,74.51
usb-c-hub,store_001,2026-01-08 00:00:00,149.1,48.85
portable-ssd,store_001,2026-01-08 00:00:00,77.28,93.57
smart-display,store_001,2026-01-08 00:00:00,48.93,156.95
robot-vacuum,store_001,2026-01-08 00:00:00,32.11,332.54
action-camera,store_001,2026-01-08 00:00:00,52.85,209.45
wireless-earbuds,store_001,2026-01-09 00:00:00,152.95,98.93
smart-watch,store_001,2026-01-09 00:00:00,68.47,296.21
bluetooth-speaker,store_001,2026-01-09 00:00:00,165.95,54.02
noise-cancelling-headphones,store_001,2026-01-09 00:00:00,69.18,248.32
4k-webcam,store_001,2026-01-09 00:00:00,131.0,107.89
mechanical-keyboard,store_001,2026-01-09 00:00:00,67.99,140.54
gaming-mouse,store_001,2026-01-09 00:00:00,184.49,73.05
usb-c-hub,store_001,2026-01-09 00:00:00,230.16,48.94
portable-ssd,store_001,2026-01-09 00:00:00,103.13,95.5
smart-display,store_001,2026-01-09 00:00:00,77.95,187.69
robot-vacuum,store_001,2026-01-09 00:00:00,55.36,346.83
action-camera,store_001,2026-01-09 00:00:00,42.42,195.84
wireless-earbuds,store_001,2026-01-10 00:00:00,160.66,98.99
smart-watch,store_001,2026-01-10 00:00:00,59.92,269.07
bluetooth-speaker,store_001,2026-01-10 00:00:00,196.83,62.36
noise-cancelling-headphones,store_001,2026-01-10 00:00:00,74.4,236.12
4k-webcam,store_001,2026-01-10 00:00:00,106.55,101.29
mechanical-keyboard,store_001,2026-01-10 00:00:00,105.63,153.75
gaming-mouse,store_001,2026-01-10 00:00:00,121.98,74.65
usb-c-hub,store_001,2026-01-10 00:00:00,207.38,46.17
portable-ssd,store_001,2026-01-10 00:00:00,85.31,99.41
smart-display,store_001,2026-01-10 00:00:00,99.2,179.3
robot-vacuum,store_001,2026-01-10 00:00:00,55.54,334.47
action-camera,store_001,2026-01-10 00:00:00,64.14,189.34
wireless-earbuds,store_001,2026-01-11 00:00:00,188.56,89.21
smart-watch,store_001,2026-01-11 00:00:00,37.1,270.93
bluetooth-speaker,store_001,2026-01-11 00:00:00,159.15,56.71
noise-cancelling-headphones,store_001,2026-01-11 00:00:00,66.02,234.8
4k-webcam,store_001,2026-01-11 00:00:00,107.89,104.68
mechanical-keyboard,store_001,2026-01-11 00:00:00,74.14,156.87
gaming-mouse,store_001,2026-01-11 00:00:00,145.15,88.52
usb-c-hub,store_001,2026-01-11 00:00:00,198.09,44.66
portable-ssd,store_001,2026-01-11 00:00:00,123.6,103.2
smart-display,store_001,2026-01-11 00:00:00,70.23,185.14
robot-vacuum,store_001,2026-01-11 00:00:00,33.7,319.13
action-camera,store_001,2026-01-11 00:00:00,52.17,219.84
wireless-earbuds,store_001,2026-01-12 00:00:00,116.41,92.47
smart-watch,store_001,2026-01-12 00:00:00,56.05,279.3
bluetooth-speaker,store_001,2026-01-12 00:00:00,138.45,60.73
noise-cancelling-headphones,store_001,2026-01-12 00:00:00,75.56,249.51
4k-webcam,store_001,2026-01-12 00:00:00,86.5,102.14
mechanical-keyboard,store_001,2026-01-12 00:00:00,74.98,155.2
gaming-mouse,store_001,2026-01-12 00:00:00,124.48,82.8
usb-c-hub,store_001,2026-01-12 00:00:00,168.08,45.02
portable-ssd,store_001,2026-01-12 00:00:00,79.57,106.4
smart-display,store_001,2026-01-12 00:00:00,46.42,179.88
robot-vacuum,store_001,2026-01-12 00:00:00,35.62,350.77
action-camera,store_001,2026-01-12 00:00:00,37.57,209.7
wireless-earbuds,store_001,2026-01-13 00:00:00,106.79,91.63
smart-watch,store_001,2026-01-13 00:00:00,50.82,277.3
bluetooth-speaker,store_001,2026-01-13 00:00:00,118.58,58.05
noise-cancelling-headphones,store_001,2026-01-13 00:00:00,59.31,232.61
4k-webcam,store_001,2026-01-13 00:00:00,92.8,112.27
mechanical-keyboard,store_001,2026-01-13 00:00:00,57.03,162.68
gaming-mouse,store_001,2026-01-13 00:00:00,95.76,87.69
usb-c-hub,store_001,2026-01-13 00:00:00,173.89,45.83
portable-ssd,store_001,2026-01-13 00:00:00,55.99,96.02
smart-display,store_001,2026-01-13 00:00:00,39.78,185.01
robot-vacuum,store_001,2026-01-13 00:00:00,37.76,347.26
action-camera,store_001,2026-01-13 00:00:00,39.51,191.02
wireless-earbuds,store_001,2026-01-14 00:00:00,147.92,98.85
smart-watch,store_001,2026-01-14 00:00:00,49.89,261.25
bluetooth-speaker,store_001,2026-01-14 00:00:00,149.2,59.83
noise-cancelling-headphones,store_001,2026-01-14 00:00:00,67.67,250.59
4k-webcam,store_001,2026-01-14 00:00:00,69.53,102.72
mechanical-keyboard,store_001,2026-01-14 00:00:00,76.46,141.5
gaming-mouse,store_001,2026-01-14 00:00:00,118.79,74.43
usb-c-hub,store_001,2026-01-14 00:00:00,149.58,42.77
portable-ssd,store_001,2026-01-14 00:00:00,80.6,110.43
smart-display,store_001,2026-01-14 00:00:00,60.39,164.73
robot-vacuum,store_001,2026-01-14 00:00:00,26.17,354.86
action-camera,store_001,2026-01-14 00:00:00,39.15,227.5
wireless-earbuds,store_001,2026-01-15 00:00:00,139.74,86.67
smart-watch,store_001,2026-01-15 00:00:00,68.69,290.98
bluetooth-speaker,store_001,2026-01-15 00:00:00,138.64,62.69
noise-cancelling-headphones,store_001,2026-01-15 00:00:00,79.89,207.9
4k-webcam,store_001,2026-01-15 00:00:00,106.42,101.11
mechanical-keyboard,store_001,2026-01-15 00:00:00,80.32,138.69
gaming-mouse,store_001,2026-01-15 00:00:00,107.61,80.0
usb-c-hub,store_001,2026-01-15 00:00:00,131.15,47.23
portable-ssd,store_001,2026-01-15 00:00:00,109.13,111.44
smart-display,store_001,2026-01-15 00:00:00,55.22,183.07
robot-vacuum,store_001,2026-01-15 00:00:00,33.41,376.8
action-camera,store_001,2026-01-15 00:00:00,42.84,203.18
wireless-earbuds,store_001,2026-01-16 00:00:00,169.09,89.79
smart-watch,store_001,2026-01-16 00:00:00,48.32,304.1
bluetooth-speaker,store_001,2026-01-16 00:00:00,150.4,54.26
noise-cancelling-headphones,store_001,2026-01-16 00:00:00,97.31,210.01
4k-webcam,store_001,2026-01-16 00:00:00,99.96,104.24
mechanical-keyboard,store_001,2026-01-16 00:00:00,95.65,145.12
gaming-mouse,store_001,2026-01-16 00:00:00,130.08,76.75
usb-c-hub,store_001,2026-01-16 00:00:00,207.19,44.12
portable-ssd,store_001,2026-01-16 00:00:00,93.49,100.45
smart-display,store_001,2026-01-16 00:00:00,64.11,170.04
robot-vacuum,store_001,2026-01-16 00:00:00,48.81,340.45
action-camera,store_001,2026-01-16 00:00:00,63.53,198.7
wireless-earbuds,store_001,2026-01-17 00:00:00,140.77,97.72
smart-watch,store_001,2026-01-17 00:00:00,73.47,288.9
bluetooth-speaker,store_001,2026-01-17 00:00:00,220.71,54.54
noise-cancelling-headphones,store_001,2026-01-17 00:00:00,87.38,236.91
4k-webcam,store_001,2026-01-17 00:00:00,133.76,110.3
mechanical-keyboard,store_001,2026-01-17 00:00:00,93.78,141.83
gaming-mouse,store_001,2026-01-17 00:00:00,157.55,77.87
usb-c-hub,store_001,2026-01-17 00:00:00,214.64,44.66
portable-ssd,store_001,2026-01-17 00:00:00,123.9,94.37
smart-display,store_001,2026-01-17 00:00:00,52.86,156.34
robot-vacuum,store_001,2026-01-17 00:00:00,52.41,361.05
action-camera,store_001,2026-01-17 00:00:00,74.72,205.25
wireless-earbuds,store_001,2026-01-18 00:00:00,124.73,96.74
smart-watch,store_001,2026-01-18 00:00:00,74.94,298.81
bluetooth-speaker,store_001,2026-01-18 00:00:00,131.65,53.37
noise-cancelling-headphones,store_001,2026-01-18 00:00:00,78.55,221.47
4k-webcam,store_001,2026-01-18 00:00:00,83.99,113.21
mechanical-keyboard,store_001,2026-01-18 00:00:00,83.64,151.35
gaming-mouse,store_001,2026-01-18 00:00:00,148.69,88.42
usb-c-hub,store_001,2026-01-18 00:00:00,220.29,41.74
portable-ssd,store_001,2026-01-18 00:00:00,130.49,113.68
smart-display,store_001,2026-01-18 00:00:00,87.58,161.62
robot-vacuum,store_001,2026-01-18 00:00:00,41.33,371.53
action-camera,store_001,2026-01-18 00:00:00,56.49,205.5
wireless-earbuds,store_001,2026-01-19 00:00:00,102.5,87.07
smart-watch,store_001,2026-01-19 00:00:00,59.37,287.0
bluetooth-speaker,store_001,2026-01-19 00:00:00,165.99,60.91
noise-cancelling-headphones,store_001,2026-01-19 00:00:00,50.75,211.62
4k-webcam,store_001,2026-01-19 00:00:00,90.2,98.83
mechanical-keyboard,store_001,2026-01-19 00:00:00,73.32,146.53
gaming-mouse,store_001,2026-01-19 00:00:00,109.87,81.32
usb-c-hub,store_001,2026-01-19 00:00:00,153.7,44.89
portable-ssd,store_001,2026-01-19 00:00:00,93.89,94.2
smart-display,store_001,2026-01-19 00:00:00,63.65,162.95
robot-vacuum,store_001,2026-01-19 00:00:00,37.69,330.68
action-camera,store_001,2026-01-19 00:00:00,42.85,197.03
wireless-earbuds,store_001,2026-01-20 00:00:00,96.09,97.95
smart-watch,store_001,2026-01-20 00:00:00,28.58,292.35
bluetooth-speaker,store_001,2026-01-20 00:00:00,119.61,62.35
noise-cancelling-headphones,store_001,2026-01-20 00:00:00,65.73,223.43
4k-webcam,store_001,2026-01-20 00:00:00,79.45,93.79
mechanical-keyboard,store_001,2026-01-20 00:00:00,57.41,138.6
gaming-mouse,store_001,2026-01-20 00:00:00,103.07,75.66
usb-c-hub,store_001,2026-01-20 00:00:00,175.28,44.93
portable-ssd,store_001,2026-01-20 00:00:00,88.49,99.71
smart-display,store_001,2026-01-20 00:00:00,50.06,188.47
robot-vacuum,store_001,2026-01-20 00:00:00,28.69,363.0
action-camera,store_001,2026-01-20 00:00:00,33.36,190.49
wireless-earbuds,store_001,2026-01-21 00:00:00,123.9,84.97
smart-watch,store_001,2026-01-21 00:00:00,42.04,296.4
bluetooth-speaker,store_001,2026-01-21 00:00:00,137.34,52.42
noise-cancelling-headphones,store_001,2026-01-21 00:00:00,67.66,210.85
4k-webcam,store_001,2026-01-21 00:00:00,84.82,98.0
mechanical-keyboard,store_001,2026-01-21 00:00:00,67.99,144.59
gaming-mouse,store_001,2026-01-21 00:00:00,108.03,77.44
usb-c-hub,store_001,2026-01-21 00:00:00,196.56,44.42
portable-ssd,store_001,2026-01-21 00:00:00,81.22,110.13
smart-display,store_001,2026-01-21 00:00:00,44.51,179.52
robot-vacuum,store_001,2026-01-21 00:00:00,30.61,375.87
action-camera,store_001,2026-01-21 00:00:00,40.32,195.2
wireless-earbuds,store_001,2026-01-22 00:00:00,127.28,93.02
smart-watch,store_001,2026-01-22 00:00:00,35.89,276.48
bluetooth-speaker,store_001,2026-01-22 00:00:00,123.15,59.22
noise-cancelling-headphones,store_001,2026-01-22 00:00:00,99.5,223.98
4k-webcam,store_001,2026-01-22 00:00:00,101.32,110.92
mechanical-keyboard,store_001,2026-01-22 00:00:00,78.44,139.79
gaming-mouse,store_001,2026-01-22 00:00:00,116.31,80.03
usb-c-hub,store_001,2026-01-22 00:00:00,148.39,45.45
portable-ssd,store_001,2026-01-22 00:00:00,83.55,108.01
smart-display,store_001,2026-01-22 00:00:00,64.79,156.08
robot-vacuum,store_001,2026-01-22 00:00:00,33.36,346.46
action-camera,store_001,2026-01-22 00:00:00,47.99,213.07
wireless-earbuds,store_001,2026-01-23 00:00:00,154.49,99.63
smart-watch,store_001,2026-01-23 00:00:00,88.51,260.93
bluetooth-speaker,store_001,2026-01-23 00:00:00,154.49,57.3
noise-cancelling-headphones,store_001,2026-01-23 00:00:00,90.84,236.54
4k-webcam,store_001,2026-01-23 00:00:00,101.79,95.51
mechanical-keyboard,store_001,2026-01-23 00:00:00,103.39,148.52
gaming-mouse,store_001,2026-01-23 00:00:00,138.25,85.46
usb-c-hub,store_001,2026-01-23 00:00:00,216.6,43.35
portable-ssd,store_001,2026-01-23 00:00:00,113.42,107.32
smart-display,store_001,2026-01-23 00:00:00,84.03,157.09
robot-vacuum,store_001,2026-01-23 00:00:00,40.9,321.3
action-camera,store_001,2026-01-23 00:00:00,55.0,196.48
wireless-earbuds,store_001,2026-01-24 00:00:00,162.73,86.8
smart-watch,store_001,2026-01-24 00:00:00,68.78,303.47
bluetooth-speaker,store_001,2026-01-24 00:00:00,225.98,57.65
noise-cancelling-headphones,store_001,2026-01-24 00:00:00,98.18,207.03
4k-webcam,store_001,2026-01-24 00:00:00,111.74,105.95
mechanical-keyboard,store_001,2026-01-24 00:00:00,91.1,145.7
gaming-mouse,store_001,2026-01-24 00:00:00,157.31,72.61
usb-c-hub,store_001,2026-01-24 00:00:00,211.16,41.44
portable-ssd,store_001,2026-01-24 00:00:00,109.83,98.19
smart-display,store_001,2026-01-24 00:00:00,69.44,176.38
robot-vacuum,store_001,2026-01-24 00:00:00,60.93,334.38
action-camera,store_001,2026-01-24 00:00:00,60.06,210.9
wireless-earbuds,store_001,2026-01-25 00:00:00,127.73,87.16
smart-watch,store_001,2026-01-25 00:00:00,56.43,274.39
bluetooth-speaker,store_001,2026-01-25 00:00:00,162.79,56.43
noise-cancelling-headphones,store_001,2026-01-25 00:00:00,70.29,238.24
4k-webcam,store_001,2026-01-25 00:00:00,101.0,96.17
mechanical-keyboard,store_001,2026-01-25 00:00:00,90.18,150.74
gaming-mouse,store_001,2026-01-25 00:00:00,142.58,81.28
usb-c-hub,store_001,2026-01-25 00:00:00,222.88,42.98
portable-ssd,store_001,2026-01-25 00:00:00,136.75,98.2
smart-display,store_001,2026-01-25 00:00:00,75.7,158.71
robot-vacuum,store_001,2026-01-25 00:00:00,47.99,347.43
action-camera,store_001,2026-01-25 00:00:00,56.99,201.26
wireless-earbuds,store_001,2026-01-26 00:00:00,109.6,86.41
smart-watch,store_001,2026-01-26 00:00:00,45.76,309.42
bluetooth-speaker,store_001,2026-01-26 00:00:00,120.36,59.07
noise-cancelling-headphones,store_001,2026-01-26 00:00:00,60.84,245.68
4k-webcam,store_001,2026-01-26 00:00:00,81.22,94.92
mechanical-keyboard,store_001,2026-01-26 00:00:00,73.86,148.86
gaming-mouse,store_001,2026-01-26 00:00:00,112.82,84.5
usb-c-hub,store_001,2026-01-26 00:00:00,166.5,44.21
portable-ssd,store_001,2026-01-26 00:00:00,77.73,93.62
smart-display,store_001,2026-01-26 00:00:00,59.57,164.1
robot-vacuum,store_001,2026-01-26 00:00:00,28.76,373.51
action-camera,store_001,2026-01-26 00:00:00,33.82,204.24
wireless-earbuds,store_001,2026-01-27 00:00:00,94.87,97.41
smart-watch,store_001,2026-01-27 00:00:00,47.45,306.92
bluetooth-speaker,store_001,2026-01-27 00:00:00,126.92,57.82
noise-cancelling-headphones,store_001,2026-01-27 00:00:00,72.87,212.06
4k-webcam,store_001,2026-01-27 00:00:00,79.64,109.67
mechanical-keyboard,store_001,2026-01-27 00:00:00,57.89,142.3
gaming-mouse,store_001,2026-01-27 00:00:00,91.78,78.81
usb-c-hub,store_001,2026-01-27 00:00:00,169.09,48.96
portable-ssd,store_001,2026-01-27 00:00:00,67.62,98.03
smart-display,store_001,2026-01-27 00:00:00,47.21,178.85
robot-vacuum,store_001,2026-01-27 00:00:00,37.28,339.14
action-camera,store_001,2026-01-27 00:00:00,49.33,203.91
wireless-earbuds,store_001,2026-01-28 00:00:00,115.91,90.18
smart-watch,store_001,2026-01-28 00:00:00,43.06,311.85
bluetooth-speaker,store_001,2026-01-28 00:00:00,152.07,55.92
noise-cancelling-headphones,store_001,2026-01-28 00:00:00,76.82,211.52
4k-webcam,store_001,2026-01-28 00:00:00,69.63,99.07
mechanical-keyboard,store_001,2026-01-28 00:00:00,62.56,139.5
gaming-mouse,store_001,2026-01-28 00:00:00,104.31,84.7
usb-c-hub,store_001,2026-01-28 00:00:00,196.0,44.89
portable-ssd,store_001,2026-01-28 00:00:00,95.86,101.03
smart-display,store_001,2026-01-28 00:00:00,59.37,162.3
robot-vacuum,store_001,2026-01-28 00:00:00,35.47,315.43
action-camera,store_001,2026-01-28 00:00:00,49.67,218.54
wireless-earbuds,store_001,2026-01-29 00:00:00,115.31,89.68
smart-watch,store_001,2026-01-29 00:00:00,52.41,271.78
bluetooth-speaker,store_001,2026-01-29 00:00:00,102.15,54.12
noise-cancelling-headphones,store_001,2026-01-29 00:00:00,50.67,219.04
4k-webcam,store_001,2026-01-29 00:00:00,108.23,104.29
mechanical-keyboard,store_001,2026-01-29 00:00:00,81.44,152.27
gaming-mouse,store_001,2026-01-29 00:00:00,147.31,81.31
usb-c-hub,store_001,2026-01-29 00:00:00,133.77,43.52
portable-ssd,store_001,2026-01-29 00:00:00,103.92,105.63
smart-display,store_001,2026-01-29 00:00:00,59.4,169.09
robot-vacuum,store_001,2026-01-29 00:00:00,37.09,350.28
action-camera,store_001,2026-01-29 00:00:00,63.08,225.7
wireless-earbuds,store_001,2026-01-30 00:00:00,137.44,84.88
smart-watch,store_001,2026-01-30 00:00:00,50.64,286.49
bluetooth-speaker,store_001,2026-01-30 00:00:00,221.99,52.48
noise-cancelling-headphones,store_001,2026-01-30 00:00:00,81.83,209.28
4k-webcam,store_001,2026-01-30 00:00:00,111.31,94.84
mechanical-keyboard,store_001,2026-01-30 00:00:00,82.04,138.38
gaming-mouse,store_001,2026-01-30 00:00:00,145.06,72.77
usb-c-hub,store_001,2026-01-30 00:00:00,230.09,45.5
portable-ssd,store_001,2026-01-30 00:00:00,77.37,94.25
smart-display,store_001,2026-01-30 00:00:00,54.53,166.78
robot-vacuum,store_001,2026-01-30 00:00:00,36.46,360.66
action-camera,store_001,2026-01-30 00:00:00,57.82,220.76
wireless-earbuds,store_001,2026-01-31 00:00:00,144.06,94.28
smart-watch,store_001,2026-01-31 00:00:00,79.96,268.01
bluetooth-speaker,store_001,2026-01-31 00:00:00,233.86,54.95
noise-cancelling-headphones,store_001,2026-01-31 00:00:00,83.63,243.35
4k-webcam,store_001,2026-01-31 00:00:00,130.0,104.58
mechanical-keyboard,store_001,2026-01-31 00:00:00,105.96,137.59
gaming-mouse,store_001,2026-01-31 00:00:00,194.38,80.37
usb-c-hub,store_001,2026-01-31 00:00:00,193.85,47.69
portable-ssd,store_001,2026-01-31 00:00:00,144.43,98.17
smart-display,store_001,2026-01-31 00:00:00,65.48,162.14
robot-vacuum,store_001,2026-01-31 00:00:00,50.42,335.78
action-camera,store_001,2026-01-31 00:00:00,70.81,220.15
wireless-earbuds,store_001,2026-02-01 00:00:00,159.77,93.77
smart-watch,store_001,2026-02-01 00:00:00,48.18,271.27
bluetooth-speaker,store_001,2026-02-01 00:00:00,224.85,61.39
noise-cancelling-headphones,store_001,2026-02-01 00:00:00,85.03,246.22
4k-webcam,store_001,2026-02-01 00:00:00,94.43,94.25
mechanical-keyboard,store_001,2026-02-01 00:00:00,78.49,162.88
gaming-mouse,store_001,2026-02-01 00:00:00,137.85,85.69
usb-c-hub,store_001,2026-02-01 00:00:00,189.17,45.31
portable-ssd,store_001,2026-02-01 00:00:00,92.2,96.69
smart-display,store_001,2026-02-01 00:00:00,72.43,182.92
robot-vacuum,store_001,2026-02-01 00:00:00,47.44,368.28
action-camera,store_001,2026-02-01 00:00:00,54.21,211.7
wireless-earbuds,store_001,2026-02-02 00:00:00,114.76,98.39
smart-watch,store_001,2026-02-02 00:00:00,49.75,293.36
bluetooth-speaker,store_001,2026-02-02 00:00:00,171.83,55.85
noise-cancelling-headphones,store_001,2026-02-02 00:00:00,72.86,230.72
4k-webcam,store_001,2026-02-02 00:00:00,77.38,111.85
mechanical-keyboard,store_001,2026-02-02 00:00:00,72.3,141.55
gaming-mouse,store_001,2026-02-02 00:00:00,81.57,74.43
usb-c-hub,store_001,2026-02-02 00:00:00,141.59,43.95
portable-ssd,store_001,2026-02-02 00:00:00,87.47,111.99
smart-display,store_001,2026-02-02 00:00:00,42.07,186.01
robot-vacuum,store_001,2026-02-02 00:00:00,45.66,351.9
action-camera,store_001,2026-02-02 00:00:00,45.27,199.65
wireless-earbuds,store_001,2026-02-03 00:00:00,102.46,100.85
smart-watch,store_001,2026-02-03 00:00:00,38.64,273.35
bluetooth-speaker,store_001,2026-02-03 00:00:00,125.2,62.49
noise-cancelling-headphones,store_001,2026-02-03 00:00:00,57.12,252.59
4k-webcam,store_001,2026-02-03 00:00:00,87.58,107.55
mechanical-keyboard,store_001,2026-02-03 00:00:00,63.05,151.62
gaming-mouse,store_001,2026-02-03 00:00:00,86.19,84.08
usb-c-hub,store_001,2026-02-03 00:00:00,157.52,44.32
portable-ssd,store_001,2026-02-03 00:00:00,78.14,105.62
smart-display,store_001,2026-02-03 00:00:00,61.87,181.87
robot-vacuum,store_001,2026-02-03 00:00:00,27.73,333.79
action-camera,store_001,2026-02-03 00:00:00,36.05,188.2
wireless-earbuds,store_001,2026-02-04 00:00:00,106.01,99.02
smart-watch,store_001,2026-02-04 00:00:00,45.23,285.47
bluetooth-speaker,store_001,2026-02-04 00:00:00,136.74,63.07
noise-cancelling-headphones,store_001,2026-02-04 00:00:00,54.84,246.83
4k-webcam,store_001,2026-02-04 00:00:00,84.0,111.6
mechanical-keyboard,store_001,2026-02-04 00:00:00,71.56,162.81
gaming-mouse,store_001,2026-02-04 00:00:00,118.96,73.51
usb-c-hub,store_001,2026-02-04 00:00:00,168.09,50.25
portable-ssd,store_001,2026-02-04 00:00:00,63.59,103.04
smart-display,store_001,2026-02-04 00:00:00,66.72,171.76
robot-vacuum,store_001,2026-02-04 00:00:00,42.66,373.96
action-camera,store_001,2026-02-04 00:00:00,52.49,213.22
wireless-earbuds,store_001,2026-02-05 00:00:00,98.12,84.52
smart-watch,store_001,2026-02-05 00:00:00,44.26,309.31
bluetooth-speaker,store_001,2026-02-05 00:00:00,150.6,56.47
noise-cancelling-headphones,store_001,2026-02-05 00:00:00,61.08,215.49
4k-webcam,store_001,2026-02-05 00:00:00,86.44,95.09
mechanical-keyboard,store_001,2026-02-05 00:00:00,90.41,153.94
gaming-mouse,store_001,2026-02-05 00:00:00,115.55,88.09
usb-c-hub,store_001,2026-02-05 00:00:00,170.8,43.88
portable-ssd,store_001,2026-02-05 00:00:00,91.49,98.92
smart-display,store_001,2026-02-05 00:00:00,47.27,181.25
robot-vacuum,store_001,2026-02-05 00:00:00,46.41,334.71
action-camera,store_001,2026-02-05 00:00:00,43.21,190.05
wireless-earbuds,store_001,2026-02-06 00:00:00,136.63,100.82
smart-watch,store_001,2026-02-06 00:00:00,58.71,274.49
bluetooth-speaker,store_001,2026-02-06 00:00:00,185.94,57.43
noise-cancelling-headphones,store_001,2026-02-06 00:00:00,87.55,231.79
4k-webcam,store_001,2026-02-06 00:00:00,109.45,99.76
mechanical-keyboard,store_001,2026-02-06 00:00:00,69.02,138.55
gaming-mouse,store_001,2026-02-06 00:00:00,156.06,82.48
usb-c-hub,store_001,2026-02-06 00:00:00,145.94,48.97
portable-ssd,store_001,2026-02-06 00:00:00,95.55,109.28
smart-display,store_001,2026-02-06 00:00:00,86.26,162.13
robot-vacuum,store_001,2026-02-06 00:00:00,45.38,350.36
action-camera,store_001,2026-02-06 00:00:00,56.14,187.75
wireless-earbuds,store_001,2026-02-07 00:00:00,187.52,89.81
smart-watch,store_001,2026-02-07 00:00:00,68.26,312.59
bluetooth-speaker,store_001,2026-02-07 00:00:00,211.53,55.73
noise-cancelling-headphones,store_001,2026-02-07 00:00:00,108.82,224.64
4k-webcam,store_001,2026-02-07 00:00:00,135.05,110.17
mechanical-keyboard,store_001,2026-02-07 00:00:00,99.01,140.28
gaming-mouse,store_001,2026-02-07 00:00:00,124.13,85.05
usb-c-hub,store_001,2026-02-07 00:00:00,193.29,43.97
portable-ssd,store_001,2026-02-07 00:00:00,131.11,101.93
smart-display,store_001,2026-02-07 00:00:00,83.44,180.93
robot-vacuum,store_001,2026-02-07 00:00:00,47.16,357.03
action-camera,store_001,2026-02-07 00:00:00,67.68,195.81
wireless-earbuds,store_001,2026-02-08 00:00:00,153.71,100.07
smart-watch,store_001,2026-02-08 00:00:00,63.89,280.66
bluetooth-speaker,store_001,2026-02-08 00:00:00,221.68,56.74
noise-cancelling-headphones,store_001,2026-02-08 00:00:00,75.12,244.34
4k-webcam,store_001,2026-02-08 00:00:00,114.6,101.08
mechanical-keyboard,store_001,2026-02-08 00:00:00,101.15,138.53
gaming-mouse,store_001,2026-02-08 00:00:00,138.95,77.91
usb-c-hub,store_001,2026-02-08 00:00:00,189.26,46.7
portable-ssd,store_001,2026-02-08 00:00:00,78.67,106.25
smart-display,store_001,2026-02-08 00:00:00,79.54,183.08
robot-vacuum,store_001,2026-02-08 00:00:00,47.85,374.05
action-camera,store_001,2026-02-08 00:00:00,50.19,222.12
wireless-earbuds,store_001,2026-02-09 00:00:00,101.93,98.86
smart-watch,store_001,2026-02-09 00:00:00,56.24,277.53
bluetooth-speaker,store_001,2026-02-09 00:00:00,124.99,56.39
noise-cancelling-headphones,store_001,2026-02-09 00:00:00,78.93,228.05
4k-webcam,store_001,2026-02-09 00:00:00,103.03,108.91
mechanical-keyboard,store_001,2026-02-09 00:00:00,59.36,144.71
gaming-mouse,store_001,2026-02-09 00:00:00,113.47,87.48
usb-c-hub,store_001,2026-02-09 00:00:00,151.77,48.19
portable-ssd,store_001,2026-02-09 00:00:00,77.55,113.07
smart-display,store_001,2026-02-09 00:00:00,51.87,175.56
robot-vacuum,store_001,2026-02-09 00:00:00,37.28,358.84
action-camera,store_001,2026-02-09 00:00:00,41.25,221.62
wireless-earbuds,store_001,2026-02-10 00:00:00,82.39,90.76
smart-watch,store_001,2026-02-10 00:00:00,41.9,307.4
bluetooth-speaker,store_001,2026-02-10 00:00:00,120.81,62.82
noise-cancelling-headphones,store_001,2026-02-10 00:00:00,55.79,231.07
4k-webcam,store_001,2026-02-10 00:00:00,78.35,102.41
mechanical-keyboard,store_001,2026-02-10 00:00:00,52.95,148.9
gaming-mouse,store_001,2026-02-10 00:00:00,93.14,82.95
usb-c-hub,store_001,2026-02-10 00:00:00,182.31,48.09
portable-ssd,store_001,2026-02-10 00:00:00,84.81,103.31
smart-display,store_001,2026-02-10 00:00:00,55.63,174.66
robot-vacuum,store_001,2026-02-10 00:00:00,34.99,324.81
action-camera,store_001,2026-02-10 00:00:00,33.09,211.57
wireless-earbuds,store_001,2026-02-11 00:00:00,111.19,83.13
smart-watch,store_001,2026-02-11 00:00:00,40.85,312.0
bluetooth-speaker,store_001,2026-02-11 00:00:00,127.94,60.73
noise-cancelling-headphones,store_001,2026-02-11 00:00:00,90.25,239.53
4k-webcam,store_001,2026-02-11 00:00:00,98.34,94.08
mechanical-keyboard,store_001,2026-02-11 00:00:00,66.62,156.94
gaming-mouse,store_001,2026-02-11 00:00:00,106.56,73.6
usb-c-hub,store_001,2026-02-11 00:00:00,164.18,46.33
portable-ssd,store_001,2026-02-11 00:00:00,94.15,99.36
smart-display,store_001,2026-02-11 00:00:00,72.34,159.73
robot-vacuum,store_001,2026-02-11 00:00:00,41.74,347.67
action-camera,store_001,2026-02-11 00:00:00,44.91,227.65
wireless-earbuds,store_001,2026-02-12 00:00:00,124.23,98.08
smart-watch,store_001,2026-02-12 00:00:00,56.61,304.14
bluetooth-speaker,store_001,2026-02-12 00:00:00,146.82,59.18
noise-cancelling-headphones,store_001,2026-02-12 00:00:00,63.09,241.89
4k-webcam,store_001,2026-02-12 00:00:00,95.48,101.12
mechanical-keyboard,store_001,2026-02-12 00:00:00,95.87,145.03
gaming-mouse,store_001,2026-02-12 00:00:00,160.1,73.72
usb-c-hub,store_001,2026-02-12 00:00:00,169.38,45.43
portable-ssd,store_001,2026-02-12 00:00:00,88.84,109.83
smart-display,store_001,2026-02-12 00:00:00,55.08,155.29
robot-vacuum,store_001,2026-02-12 00:00:00,33.41,320.66
action-camera,store_001,2026-02-12 00:00:00,55.4,215.6
wireless-earbuds,store_001,2026-02-13 00:00:00,124.74,83.69
smart-watch,store_001,2026-02-13 00:00:00,74.58,277.57
bluetooth-speaker,store_001,2026-02-13 00:00:00,212.65,54.22
noise-cancelling-headphones,store_001,2026-02-13 00:00:00,118.68,219.93
4k-webcam,store_001,2026-02-13 00:00:00,110.69,105.51
mechanical-keyboard,store_001,2026-02-13 00:00:00,89.11,156.03
gaming-mouse,store_001,2026-02-13 00:00:00,135.66,74.86
usb-c-hub,store_001,2026-02-13 00:00:00,266.06,45.43
portable-ssd,store_001,2026-02-13 00:00:00,90.31,111.81
smart-display,store_001,2026-02-13 00:00:00,81.42,162.82
robot-vacuum,store_001,2026-02-13 00:00:00,56.15,335.14
action-camera,store_001,2026-02-13 00:00:00,65.38,204.01
wireless-earbuds,store_001,2026-02-14 00:00:00,155.39,100.14
smart-watch,store_001,2026-02-14 00:00:00,57.28,276.75
bluetooth-speaker,store_001,2026-02-14 00:00:00,218.03,62.26
noise-cancelling-headphones,store_001,2026-02-14 00:00:00,101.07,244.42
4k-webcam,store_001,2026-02-14 00:00:00,118.03,100.89
mechanical-keyboard,store_001,2026-02-14 00:00:00,134.98,143.12
gaming-mouse,store_001,2026-02-14 00:00:00,153.55,77.82
usb-c-hub,store_001,2026-02-14 00:00:00,251.83,49.19
portable-ssd,store_001,2026-02-14 00:00:00,115.0,110.23
smart-display,store_001,2026-02-14 00:00:00,96.81,181.22
robot-vacuum,store_001,2026-02-14 00:00:00,54.39,343.29
action-camera,store_001,2026-02-14 00:00:00,81.55,222.39
wireless-earbuds,store_001,2026-02-15 00:00:00,190.01,89.32
smart-watch,store_001,2026-02-15 00:00:00,69.87,284.33
bluetooth-speaker,store_001,2026-02-15 00:00:00,198.84,57.16
noise-cancelling-headphones,store_001,2026-02-15 00:00:00,99.69,242.73
4k-webcam,store_001,2026-02-15 00:00:00,120.69,106.46
mechanical-keyboard,store_001,2026-02-15 00:00:00,116.94,159.99
gaming-mouse,store_001,2026-02-15 00:00:00,137.17,78.19
usb-c-hub,store_001,2026-02-15 00:00:00,162.68,43.62
portable-ssd,store_001,2026-02-15 00:00:00,113.57,113.49
smart-display,store_001,2026-02-15 00:00:00,72.68,177.83
robot-vacuum,store_001,2026-02-15 00:00:00,37.64,373.54
action-camera,store_001,2026-02-15 00:00:00,53.52,191.68
wireless-earbuds,store_001,2026-02-16 00:00:00,79.38,99.63
smart-watch,store_001,2026-02-16 00:00:00,56.09,259.51
bluetooth-speaker,store_001,2026-02-16 00:00:00,177.56,63.23
noise-cancelling-headphones,store_001,2026-02-16 00:00:00,62.3,210.22
4k-webcam,store_001,2026-02-16 00:00:00,84.54,108.73
mechanical-keyboard,store_001,2026-02-16 00:00:00,61.74,147.14
gaming-mouse,store_001,2026-02-16 00:00:00,118.0,81.58
usb-c-hub,store_001,2026-02-16 00:00:00,163.36,49.06
portable-ssd,store_001,2026-02-16 00:00:00,98.13,111.49
smart-display,store_001,2026-02-16 00:00:00,56.04,181.07
robot-vacuum,store_001,2026-02-16 00:00:00,27.39,315.77
action-camera,store_001,2026-02-16 00:00:00,45.08,205.76
wireless-earbuds,store_001,2026-02-17 00:00:00,100.59,94.71
smart-watch,store_001,2026-02-17 00:00:00,47.95,297.2
bluetooth-speaker,store_001,2026-02-17 00:00:00,129.85,56.34
noise-cancelling-headphones,store_001,2026-02-17 00:00:00,69.85,242.96
4k-webcam,store_001,2026-02-17 00:00:00,64.02,93.47
mechanical-keyboard,store_001,2026-02-17 00:00:00,86.87,138.52
gaming-mouse,store_001,2026-02-17 00:00:00,69.9,72.71
usb-c-hub,store_001,2026-02-17 00:00:00,173.05,42.01
portable-ssd,store_001,2026-02-17 00:00:00,72.62,93.21
smart-display,store_001,2026-02-17 00:00:00,47.07,179.54
robot-vacuum,store_001,2026-02-17 00:00:00,22.73,332.26
action-camera,store_001,2026-02-17 00:00:00,38.07,214.46
wireless-earbuds,store_001,2026-02-18 00:00:00,100.09,84.02
smart-watch,store_001,2026-02-18 00:00:00,54.14,262.61
bluetooth-speaker,store_001,2026-02-18 00:00:00,175.65,55.28
noise-cancelling-headphones,store_001,2026-02-18 00:00:00,68.45,246.9
4k-webcam,store_001,2026-02-18 00:00:00,108.24,102.53
mechanical-keyboard,store_001,2026-02-18 00:00:00,87.73,144.69
gaming-mouse,store_001,2026-02-18 00:00:00,116.18,74.5
usb-c-hub,store_001,2026-02-18 00:00:00,204.0,46.96
portable-ssd,store_001,2026-02-18 00:00:00,79.72,111.22
smart-display,store_001,2026-02-18 00:00:00,66.61,180.15
robot-vacuum,store_001,2026-02-18 00:00:00,42.47,335.15
action-camera,store_001,2026-02-18 00:00:00,45.27,224.2
wireless-earbuds,store_001,2026-02-19 00:00:00,123.23,88.49
smart-watch,store_001,2026-02-19 00:00:00,41.25,287.31
bluetooth-speaker,store_001,2026-02-19 00:00:00,138.35,62.3
noise-cancelling-headphones,store_001,2026-02-19 00:00:00,92.24,238.01
4k-webcam,store_001,2026-02-19 00:00:00,114.41,98.68
mechanical-keyboard,store_001,2026-02-19 00:00:00,76.03,147.05
gaming-mouse,store_001,2026-02-19 00:00:00,111.14,87.75
usb-c-hub,store_001,2026-02-19 00:00:00,191.47,48.53
portable-ssd,store_001,2026-02-19 00:00:00,99.71,104.53
smart-display,store_001,2026-02-19 00:00:00,69.87,185.49
robot-vacuum,store_001,2026-02-19 00:00:00,40.42,331.44
action-camera,store_001,2026-02-19 00:00:00,42.81,219.15
wireless-earbuds,store_001,2026-02-20 00:00:00,146.69,100.8
smart-watch,store_001,2026-02-20 00:00:00,73.58,305.18
bluetooth-speaker,store_001,2026-02-20 00:00:00,255.94,57.04
noise-cancelling-headphones,store_001,2026-02-20 00:00:00,63.1,215.17
4k-webcam,store_001,2026-02-20 00:00:00,96.59,97.7
mechanical-keyboard,store_001,2026-02-20 00:00:00,96.34,163.08
gaming-mouse,store_001,2026-02-20 00:00:00,160.53,84.23
usb-c-hub,store_001,2026-02-20 00:00:00,216.47,50.22
portable-ssd,store_001,2026-02-20 00:00:00,128.94,98.5
smart-display,store_001,2026-02-20 00:00:00,75.27,189.12
robot-vacuum,store_001,2026-02-20 00:00:00,61.47,352.46
action-camera,store_001,2026-02-20 00:00:00,77.22,205.47
wireless-earbuds,store_001,2026-02-21 00:00:00,185.43,98.25
smart-watch,store_001,2026-02-21 00:00:00,50.09,264.58
bluetooth-speaker,store_001,2026-02-21 00:00:00,237.79,53.96
noise-cancelling-headphones,store_001,2026-02-21 00:00:00,117.5,211.0
4k-webcam,store_001,2026-02-21 00:00:00,139.32,100.02
mechanical-keyboard,store_001,2026-02-21 00:00:00,103.74,145.38
gaming-mouse,store_001,2026-02-21 00:00:00,191.18,73.07
usb-c-hub,store_001,2026-02-21 00:00:00,203.38,44.22
portable-ssd,store_001,2026-02-21 00:00:00,157.64,107.88
smart-display,store_001,2026-02-21 00:00:00,75.44,176.51
robot-vacuum,store_001,2026-02-21 00:00:00,57.05,331.4
action-camera,store_001,2026-02-21 00:00:00,56.17,199.53
wireless-earbuds,store_001,2026-02-22 00:00:00,126.06,96.58
smart-watch,store_001,2026-02-22 00:00:00,77.63,315.54
bluetooth-speaker,store_001,2026-02-22 00:00:00,165.26,53.85
noise-cancelling-headphones,store_001,2026-02-22 00:00:00,104.84,213.49
4k-webcam,store_001,2026-02-22 00:00:00,137.85,100.2
mechanical-keyboard,store_001,2026-02-22 00:00:00,102.35,143.71
gaming-mouse,store_001,2026-02-22 00:00:00,147.17,74.1
usb-c-hub,store_001,2026-02-22 00:00:00,233.4,42.35
portable-ssd,store_001,2026-02-22 00:00:00,102.34,107.42
smart-display,store_001,2026-02-22 00:00:00,72.93,157.27
robot-vacuum,store_001,2026-02-22 00:00:00,45.14,346.81
action-camera,store_001,2026-02-22 00:00:00,49.16,213.78
wireless-earbuds,store_001,2026-02-23 00:00:00,137.62,85.39
smart-watch,store_001,2026-02-23 00:00:00,53.06,311.93
bluetooth-speaker,store_001,2026-02-23 00:00:00,138.75,55.83
noise-cancelling-headphones,store_001,2026-02-23 00:00:00,69.66,214.83
4k-webcam,store_001,2026-02-23 00:00:00,92.34,101.03
mechanical-keyboard,store_001,2026-02-23 00:00:00,66.12,150.36
gaming-mouse,store_001,2026-02-23 00:00:00,88.39,83.84
usb-c-hub,store_001,2026-02-23 00:00:00,136.91,41.49
portable-ssd,store_001,2026-02-23 00:00:00,74.21,106.25
smart-display,store_001,2026-02-23 00:00:00,49.1,177.1
robot-vacuum,store_001,2026-02-23 00:00:00,28.94,341.94
action-camera,store_001,2026-02-23 00:00:00,42.93,192.83
wireless-earbuds,store_001,2026-02-24 00:00:00,139.06,99.58
smart-watch,store_001,2026-02-24 00:00:00,53.82,278.27
bluetooth-speaker,store_001,2026-02-24 00:00:00,119.43,58.14
noise-cancelling-headphones,store_001,2026-02-24 00:00:00,57.97,213.65
4k-webcam,store_001,2026-02-24 00:00:00,86.7,107.98
mechanical-keyboard,store_001,2026-02-24 00:00:00,89.06,154.78
gaming-mouse,store_001,2026-02-24 00:00:00,70.17,83.81
usb-c-hub,store_001,2026-02-24 00:00:00,165.68,47.2
portable-ssd,store_001,2026-02-24 00:00:00,81.88,99.1
smart-display,store_001,2026-02-24 00:00:00,60.79,182.54
robot-vacuum,store_001,2026-02-24 00:00:00,37.13,335.23
action-camera,store_001,2026-02-24 00:00:00,41.1,206.04
wireless-earbuds,store_001,2026-02-25 00:00:00,94.94,93.96
smart-watch,store_001,2026-02-25 00:00:00,60.0,300.02
bluetooth-speaker,store_001,2026-02-25 00:00:00,187.27,62.92
noise-cancelling-headphones,store_001,2026-02-25 00:00:00,74.88,222.19
4k-webcam,store_001,2026-02-25 00:00:00,88.69,95.08
mechanical-keyboard,store_001,2026-02-25 00:00:00,94.99,153.29
gaming-mouse,store_001,2026-02-25 00:00:00,105.64,81.44
usb-c-hub,store_001,2026-02-25 00:00:00,202.42,49.91
portable-ssd,store_001,2026-02-25 00:00:00,73.18,107.57
smart-display,store_001,2026-02-25 00:00:00,58.88,176.4
robot-vacuum,store_001,2026-02-25 00:00:00,41.27,376.66
action-camera,store_001,2026-02-25 00:00:00,46.95,191.59
wireless-earbuds,store_001,2026-02-26 00:00:00,182.21,84.41
smart-watch,store_001,2026-02-26 00:00:00,56.92,300.54
bluetooth-speaker,store_001,2026-02-26 00:00:00,152.98,57.28
noise-cancelling-headphones,store_001,2026-02-26 00:00:00,84.9,237.6
4k-webcam,store_001,2026-02-26 00:00:00,72.27,105.88
mechanical-keyboard,store_001,2026-02-26 00:00:00,101.95,135.04
gaming-mouse,store_001,2026-02-26 00:00:00,101.47,86.23
usb-c-hub,store_001,2026-02-26 00:00:00,215.94,48.73
portable-ssd,store_001,2026-02-26 00:00:00,96.98,112.82
smart-display,store_001,2026-02-26 00:00:00,51.07,165.87
robot-vacuum,store_001,2026-02-26 00:00:00,36.66,366.3
action-camera,store_001,2026-02-26 00:00:00,42.46,225.91
wireless-earbuds,store_001,2026-02-27 00:00:00,161.71,93.62
smart-watch,store_001,2026-02-27 00:00:00,70.18,313.78
bluetooth-speaker,store_001,2026-02-27 00:00:00,209.73,58.23
noise-cancelling-headphones,store_001,2026-02-27 00:00:00,93.25,212.79
4k-webcam,store_001,2026-02-27 00:00:00,110.86,98.44
mechanical-keyboard,store_001,2026-02-27 00:00:00,91.27,150.0
gaming-mouse,store_001,2026-02-27 00:00:00,142.66,85.88
usb-c-hub,store_001,2026-02-27 00:00:00,202.33,47.72
portable-ssd,store_001,2026-02-27 00:00:00,139.87,106.87
smart-display,store_001,2026-02-27 00:00:00,90.13,178.13
robot-vacuum,store_001,2026-02-27 00:00:00,47.02,359.95
action-camera,store_001,2026-02-27 00:00:00,52.08,217.76
wireless-earbuds,store_001,2026-02-28 00:00:00,201.22,86.65
smart-watch,store_001,2026-02-28 00:00:00,81.06,288.06
bluetooth-speaker,store_001,2026-02-28 00:00:00,212.55,62.57
noise-cancelling-headphones,store_001,2026-02-28 00:00:00,118.96,248.69
4k-webcam,store_001,2026-02-28 00:00:00,118.29,101.4
mechanical-keyboard,store_001,2026-02-28 00:00:00,108.18,151.03
gaming-mouse,store_001,2026-02-28 00:00:00,152.13,77.68
usb-c-hub,store_001,2026-02-28 00:00:00,241.84,44.47
portable-ssd,store_001,2026-02-28 00:00:00,152.15,112.55
smart-display,store_001,2026-02-28 00:00:00,94.3,167.13
robot-vacuum,store_001,2026-02-28 00:00:00,54.29,374.23
action-camera,store_001,2026-02-28 00:00:00,56.82,206.51
wireless-earbuds,store_001,2026-03-01 00:00:00,167.06,87.46
smart-watch,store_001,2026-03-01 00:00:00,82.7,256.8
bluetooth-speaker,store_001,2026-03-01 00:00:00,234.75,54.27
noise-cancelling-headphones,store_001,2026-03-01 00:00:00,106.79,192.92
4k-webcam,store_001,2026-03-01 00:00:00,171.66,92.1
mechanical-keyboard,store_001,2026-03-01 00:00:00,136.91,123.68
gaming-mouse,store_001,2026-03-01 00:00:00,173.9,67.45
usb-c-hub,store_001,2026-03-01 00:00:00,278.78,42.22
portable-ssd,store_001,2026-03-01 00:00:00,100.04,88.92
smart-display,store_001,2026-03-01 00:00:00,95.41,142.12
robot-vacuum,store_001,2026-03-01 00:00:00,59.28,327.31
action-camera,store_001,2026-03-01 00:00:00,52.95,180.15
wireless-earbuds,store_001,2026-03-02 00:00:00,158.6,75.06
smart-watch,store_001,2026-03-02 00:00:00,80.3,262.92
bluetooth-speaker,store_001,2026-03-02 00:00:00,160.77,46.72
noise-cancelling-headphones,store_001,2026-03-02 00:00:00,97.55,185.04
4k-webcam,store_001,2026-03-02 00:00:00,99.68,86.49
mechanical-keyboard,store_001,2026-03-02 00:00:00,103.43,121.34
gaming-mouse,store_001,2026-03-02 00:00:00,111.71,70.27
usb-c-hub,store_001,2026-03-02 00:00:00,227.14,41.23
portable-ssd,store_001,2026-03-02 00:00:00,105.02,90.1
smart-display,store_001,2026-03-02 00:00:00,76.23,135.23
robot-vacuum,store_001,2026-03-02 00:00:00,46.96,274.31
action-camera,store_001,2026-03-02 00:00:00,62.79,193.33
wireless-earbuds,store_001,2026-03-03 00:00:00,115.91,80.42
smart-watch,store_001,2026-03-03 00:00:00,60.53,262.33
bluetooth-speaker,store_001,2026-03-03 00:00:00,189.96,49.16
noise-cancelling-headphones,store_001,2026-03-03 00:00:00,92.15,189.79
4k-webcam,store_001,2026-03-03 00:00:00,106.27,88.86
mechanical-keyboard,store_001,2026-03-03 00:00:00,89.79,141.21
gaming-mouse,store_001,2026-03-03 00:00:00,121.92,69.93
usb-c-hub,store_001,2026-03-03 00:00:00,179.98,38.65
portable-ssd,store_001,2026-03-03 00:00:00,97.08,86.37
smart-display,store_001,2026-03-03 00:00:00,80.67,138.2
robot-vacuum,store_001,2026-03-03 00:00:00,36.32,290.93
action-camera,store_001,2026-03-03 00:00:00,42.43,184.55
wireless-earbuds,store_001,2026-03-04 00:00:00,141.8,72.67
smart-watch,store_001,2026-03-04 00:00:00,46.99,268.96
bluetooth-speaker,store_001,2026-03-04 00:00:00,233.84,53.49
noise-cancelling-headphones,store_001,2026-03-04 00:00:00,77.58,206.24
4k-webcam,store_001,2026-03-04 00:00:00,86.18,89.16
mechanical-keyboard,store_001,2026-03-04 00:00:00,84.13,131.26
gaming-mouse,store_001,2026-03-04 00:00:00,153.08,66.63
usb-c-hub,store_001,2026-03-04 00:00:00,197.6,38.96
portable-ssd,store_001,2026-03-04 00:00:00,98.07,88.11
smart-display,store_001,2026-03-04 00:00:00,75.41,153.28
robot-vacuum,store_001,2026-03-04 00:00:00,48.82,274.92
action-camera,store_001,2026-03-04 00:00:00,43.55,182.24
wireless-earbuds,store_001,2026-03-05 00:00:00,152.2,79.29
smart-watch,store_001,2026-03-05 00:00:00,68.65,228.42
bluetooth-speaker,store_001,2026-03-05 00:00:00,173.02,52.92
noise-cancelling-headphones,store_001,2026-03-05 00:00:00,84.62,186.6
4k-webcam,store_001,2026-03-05 00:00:00,113.16,92.15
mechanical-keyboard,store_001,2026-03-05 00:00:00,117.77,136.73
gaming-mouse,store_001,2026-03-05 00:00:00,140.88,72.27
usb-c-hub,store_001,2026-03-05 00:00:00,190.1,39.51
portable-ssd,store_001,2026-03-05 00:00:00,107.4,97.15
smart-display,store_001,2026-03-05 00:00:00,81.35,145.84
robot-vacuum,store_001,2026-03-05 00:00:00,45.68,312.49
action-camera,store_001,2026-03-05 00:00:00,68.38,173.0
wireless-earbuds,store_001,2026-03-06 00:00:00,220.67,79.87
smart-watch,store_001,2026-03-06 00:00:00,84.86,245.52
bluetooth-speaker,store_001,2026-03-06 00:00:00,168.15,53.29
noise-cancelling-headphones,store_001,2026-03-06 00:00:00,105.76,204.49
4k-webcam,store_001,2026-03-06 00:00:00,149.4,93.48
mechanical-keyboard,store_001,2026-03-06 00:00:00,121.65,119.92
gaming-mouse,store_001,2026-03-06 00:00:00,182.65,76.91
usb-c-hub,store_001,2026-03-06 00:00:00,300.26,36.87
portable-ssd,store_001,2026-03-06 00:00:00,165.3,96.45
smart-display,store_001,2026-03-06 00:00:00,84.21,153.43
robot-vacuum,store_001,2026-03-06 00:00:00,55.76,309.55
action-camera,store_001,2026-03-06 00:00:00,83.49,179.41
wireless-earbuds,store_001,2026-03-07 00:00:00,242.06,80.0
smart-watch,store_001,2026-03-07 00:00:00,116.02,230.18
bluetooth-speaker,store_001,2026-03-07 00:00:00,227.29,49.87
noise-cancelling-headphones,store_001,2026-03-07 00:00:00,153.94,201.35
4k-webcam,store_001,2026-03-07 00:00:00,184.21,92.96
mechanical-keyboard,store_001,2026-03-07 00:00:00,136.54,139.37
gaming-mouse,store_001,2026-03-07 00:00:00,136.22,63.24
usb-c-hub,store_001,2026-03-07 00:00:00,256.95,41.99
portable-ssd,store_001,2026-03-07 00:00:00,161.93,91.75
smart-display,store_001,2026-03-07 00:00:00,74.32,145.85
robot-vacuum,store_001,2026-03-07 00:00:00,55.41,279.31
action-camera,store_001,2026-03-07 00:00:00,73.96,181.1
wireless-earbuds,store_001,2026-03-08 00:00:00,230.21,75.09
smart-watch,store_001,2026-03-08 00:00:00,77.6,235.66
bluetooth-speaker,store_001,2026-03-08 00:00:00,221.88,49.43
noise-cancelling-headphones,store_001,2026-03-08 00:00:00,90.15,198.59
4k-webcam,store_001,2026-03-08 00:00:00,127.65,88.99
mechanical-keyboard,store_001,2026-03-08 00:00:00,142.93,123.61
gaming-mouse,store_001,2026-03-08 00:00:00,198.03,74.32
usb-c-hub,store_001,2026-03-08 00:00:00,236.1,37.95
portable-ssd,store_001,2026-03-08 00:00:00,124.77,91.28
smart-display,store_001,2026-03-08 00:00:00,93.51,150.54
robot-vacuum,store_001,2026-03-08 00:00:00,63.1,315.98
action-camera,store_001,2026-03-08 00:00:00,99.14,178.6
wireless-earbuds,store_001,2026-03-09 00:00:00,169.43,73.24
smart-watch,store_001,2026-03-09 00:00:00,77.28,258.88
bluetooth-speaker,store_001,2026-03-09 00:00:00,190.81,52.49
noise-cancelling-headphones,store_001,2026-03-09 00:00:00,75.36,198.39
4k-webcam,store_001,2026-03-09 00:00:00,123.25,90.76
mechanical-keyboard,store_001,2026-03-09 00:00:00,82.86,121.62
gaming-mouse,store_001,2026-03-09 00:00:00,126.17,75.64
usb-c-hub,store_001,2026-03-09 00:00:00,209.89,41.98
portable-ssd,store_001,2026-03-09 00:00:00,94.6,90.88
smart-display,store_001,2026-03-09 00:00:00,76.79,152.55
robot-vacuum,store_001,2026-03-09 00:00:00,38.49,281.87
action-camera,store_001,2026-03-09 00:00:00,59.23,197.98
wireless-earbuds,store_001,2026-03-10 00:00:00,123.82,80.42
smart-watch,store_001,2026-03-10 00:00:00,67.55,249.44
bluetooth-speaker,store_001,2026-03-10 00:00:00,158.37,47.69
noise-cancelling-headphones,store_001,2026-03-10 00:00:00,88.52,188.54
4k-webcam,store_001,2026-03-10 00:00:00,105.53,92.01
mechanical-keyboard,store_001,2026-03-10 00:00:00,76.82,121.92
gaming-mouse,store_001,2026-03-10 00:00:00,100.72,69.88
usb-c-hub,store_001,2026-03-10 00:00:00,164.76,40.91
portable-ssd,store_001,2026-03-10 00:00:00,71.43,86.64
smart-display,store_001,2026-03-10 00:00:00,69.44,156.8
robot-vacuum,store_001,2026-03-10 00:00:00,32.33,327.03
action-camera,store_001,2026-03-10 00:00:00,60.1,196.67
wireless-earbuds,store_001,2026-03-11 00:00:00,149.45,82.67
smart-watch,store_001,2026-03-11 00:00:00,76.26,270.7
bluetooth-speaker,store_001,2026-03-11 00:00:00,189.19,51.28
noise-cancelling-headphones,store_001,2026-03-11 00:00:00,77.9,202.42
4k-webcam,store_001,2026-03-11 00:00:00,131.84,98.53
mechanical-keyboard,store_001,2026-03-11 00:00:00,123.63,141.65
gaming-mouse,store_001,2026-03-11 00:00:00,126.53,74.33
usb-c-hub,store_001,2026-03-11 00:00:00,179.13,41.65
portable-ssd,store_001,2026-03-11 00:00:00,114.04,94.73
smart-display,store_001,2026-03-11 00:00:00,71.43,163.16
robot-vacuum,store_001,2026-03-11 00:00:00,54.36,327.4
action-camera,store_001,2026-03-11 00:00:00,62.45,167.98
wireless-earbuds,store_001,2026-03-12 00:00:00,166.81,74.54
smart-watch,store_001,2026-03-12 00:00:00,84.2,271.15
bluetooth-speaker,store_001,2026-03-12 00:00:00,164.55,53.05
noise-cancelling-headphones,store_001,2026-03-12 00:00:00,91.53,193.32
4k-webcam,store_001,2026-03-12 00:00:00,103.81,94.65
mechanical-keyboard,store_001,2026-03-12 00:00:00,100.68,123.86
gaming-mouse,store_001,2026-03-12 00:00:00,138.31,66.0
usb-c-hub,store_001,2026-03-12 00:00:00,211.68,42.54
portable-ssd,store_001,2026-03-12 00:00:00,121.15,82.75
smart-display,store_001,2026-03-12 00:00:00,94.68,150.96
robot-vacuum,store_001,2026-03-12 00:00:00,60.38,282.82
action-camera,store_001,2026-03-12 00:00:00,44.85,168.74
wireless-earbuds,store_001,2026-03-13 00:00:00,250.77,75.29
smart-watch,store_001,2026-03-13 00:00:00,76.34,257.16
bluetooth-speaker,store_001,2026-03-13 00:00:00,281.65,54.5
noise-cancelling-headphones,store_001,2026-03-13 00:00:00,129.27,192.03
4k-webcam,store_001,2026-03-13 00:00:00,183.86,89.93
mechanical-keyboard,store_001,2026-03-13 00:00:00,158.26,126.92
gaming-mouse,store_001,2026-03-13 00:00:00,196.87,72.26
usb-c-hub,store_001,2026-03-13 00:00:00,294.11,37.93
portable-ssd,store_001,2026-03-13 00:00:00,154.7,84.31
smart-display,store_001,2026-03-13 00:00:00,106.5,141.2
robot-vacuum,store_001,2026-03-13 00:00:00,57.79,322.7
action-camera,store_001,2026-03-13 00:00:00,80.82,172.47
wireless-earbuds,store_001,2026-03-14 00:00:00,219.91,87.85
smart-watch,store_001,2026-03-14 00:00:00,87.77,249.15
bluetooth-speaker,store_001,2026-03-14 00:00:00,283.6,48.76
noise-cancelling-headphones,store_001,2026-03-14 00:00:00,132.23,194.92
4k-webcam,store_001,2026-03-14 00:00:00,130.54,82.17
mechanical-keyboard,store_001,2026-03-14 00:00:00,146.87,141.91
gaming-mouse,store_001,2026-03-14 00:00:00,185.57,74.83
usb-c-hub,store_001,2026-03-14 00:00:00,304.93,36.39
portable-ssd,store_001,2026-03-14 00:00:00,140.52,84.99
smart-display,store_001,2026-03-14 00:00:00,125.07,159.8
robot-vacuum,store_001,2026-03-14 00:00:00,73.05,317.74
action-camera,store_001,2026-03-14 00:00:00,103.08,177.45
wireless-earbuds,store_001,2026-03-15 00:00:00,197.04,72.58
smart-watch,store_001,2026-03-15 00:00:00,90.05,259.22
bluetooth-speaker,store_001,2026-03-15 00:00:00,247.85,54.11
noise-cancelling-headphones,store_001,2026-03-15 00:00:00,124.35,202.75
4k-webcam,store_001,2026-03-15 00:00:00,163.38,92.6
mechanical-keyboard,store_001,2026-03-15 00:00:00,126.47,120.39
gaming-mouse,store_001,2026-03-15 00:00:00,191.65,71.34
usb-c-hub,store_001,2026-03-15 00:00:00,154.94,36.98
portable-ssd,store_001,2026-03-15 00:00:00,166.41,82.79
smart-display,store_001,2026-03-15 00:00:00,103.62,151.33
robot-vacuum,store_001,2026-03-15 00:00:00,57.43,286.63
action-camera,store_001,2026-03-15 00:00:00,72.99,173.95
wireless-earbuds,store_001,2026-03-16 00:00:00,144.48,78.36
smart-watch,store_001,2026-03-16 00:00:00,78.88,268.72
bluetooth-speaker,store_001,2026-03-16 00:00:00,225.5,46.73
noise-cancelling-headphones,store_001,2026-03-16 00:00:00,84.97,209.39
4k-webcam,store_001,2026-03-16 00:00:00,112.81,87.59
mechanical-keyboard,store_001,2026-03-16 00:00:00,85.97,117.26
gaming-mouse,store_001,2026-03-16 00:00:00,165.28,73.81
usb-c-hub,store_001,2026-03-16 00:00:00,166.29,37.84
portable-ssd,store_001,2026-03-16 00:00:00,92.87,92.18
smart-display,store_001,2026-03-16 00:00:00,77.27,147.24
robot-vacuum,store_001,2026-03-16 00:00:00,36.28,275.06
action-camera,store_001,2026-03-16 00:00:00,62.89,195.05
wireless-earbuds,store_001,2026-03-17 00:00:00,126.32,77.51
smart-watch,store_001,2026-03-17 00:00:00,69.25,233.14
bluetooth-speaker,store_001,2026-03-17 00:00:00,168.07,45.88
noise-cancelling-headphones,store_001,2026-03-17 00:00:00,76.56,189.77
4k-webcam,store_001,2026-03-17 00:00:00,115.44,92.42
mechanical-keyboard,store_001,2026-03-17 00:00:00,92.66,131.71
gaming-mouse,store_001,2026-03-17 00:00:00,127.5,75.06
usb-c-hub,store_001,2026-03-17 00:00:00,195.76,39.93
portable-ssd,store_001,2026-03-17 00:00:00,74.18,84.45
smart-display,store_001,2026-03-17 00:00:00,70.28,150.0
robot-vacuum,store_001,2026-03-17 00:00:00,54.64,277.76
action-camera,store_001,2026-03-17 00:00:00,41.88,187.14
wireless-earbuds,store_001,2026-03-18 00:00:00,169.61,80.64
smart-watch,store_001,2026-03-18 00:00:00,71.14,256.72
bluetooth-speaker,store_001,2026-03-18 00:00:00,185.49,48.84
noise-cancelling-headphones,store_001,2026-03-18 00:00:00,93.39,210.23
4k-webcam,store_001,2026-03-18 00:00:00,94.4,96.57
mechanical-keyboard,store_001,2026-03-18 00:00:00,111.45,118.57
gaming-mouse,store_001,2026-03-18 00:00:00,136.78,76.35
usb-c-hub,store_001,2026-03-18 00:00:00,213.79,43.44
portable-ssd,store_001,2026-03-18 00:00:00,115.53,96.15
smart-display,store_001,2026-03-18 00:00:00,61.96,154.16
robot-vacuum,store_001,2026-03-18 00:00:00,47.11,280.61
action-camera,store_001,2026-03-18 00:00:00,59.73,177.12
wireless-earbuds,store_001,2026-03-19 00:00:00,188.25,84.07
smart-watch,store_001,2026-03-19 00:00:00,59.24,273.99
bluetooth-speaker,store_001,2026-03-19 00:00:00,217.0,48.01
noise-cancelling-headphones,store_001,2026-03-19 00:00:00,101.73,201.32
4k-webcam,store_001,2026-03-19 00:00:00,128.67,88.89
mechanical-keyboard,store_001,2026-03-19 00:00:00,105.55,138.93
gaming-mouse,store_001,2026-03-19 00:00:00,98.65,74.98
usb-c-hub,store_001,2026-03-19 00:00:00,194.04,37.29
portable-ssd,store_001,2026-03-19 00:00:00,129.6,97.03
smart-display,store_001,2026-03-19 00:00:00,87.06,152.38
robot-vacuum,store_001,2026-03-19 00:00:00,61.46,277.03
action-camera,store_001,2026-03-19 00:00:00,58.85,179.42
wireless-earbuds,store_001,2026-03-20 00:00:00,238.96,79.18
smart-watch,store_001,2026-03-20 00:00:00,89.74,262.15
bluetooth-speaker,store_001,2026-03-20 00:00:00,221.72,52.89
noise-cancelling-headphones,store_001,2026-03-20 00:00:00,135.36,195.49
4k-webcam,store_001,2026-03-20 00:00:00,144.54,97.97
mechanical-keyboard,store_001,2026-03-20 00:00:00,121.99,136.7
gaming-mouse,store_001,2026-03-20 00:00:00,162.99,72.58
usb-c-hub,store_001,2026-03-20 00:00:00,255.83,38.78
portable-ssd,store_001,2026-03-20 00:00:00,120.2,91.61
smart-display,store_001,2026-03-20 00:00:00,106.95,162.65
robot-vacuum,store_001,2026-03-20 00:00:00,75.75,283.1
action-camera,store_001,2026-03-20 00:00:00,78.0,176.74
wireless-earbuds,store_001,2026-03-21 00:00:00,202.74,79.08
smart-watch,store_001,2026-03-21 00:00:00,94.65,247.8
bluetooth-speaker,store_001,2026-03-21 00:00:00,231.18,47.04
noise-cancelling-headphones,store_001,2026-03-21 00:00:00,117.98,213.01
4k-webcam,store_001,2026-03-21 00:00:00,177.44,84.3
mechanical-keyboard,store_001,2026-03-21 00:00:00,146.82,136.72
gaming-mouse,store_001,2026-03-21 00:00:00,178.43,76.24
usb-c-hub,store_001,2026-03-21 00:00:00,306.61,43.9
portable-ssd,store_001,2026-03-21 00:00:00,180.21,84.36
smart-display,store_001,2026-03-21 00:00:00,111.06,147.2
robot-vacuum,store_001,2026-03-21 00:00:00,85.57,282.09
action-camera,store_001,2026-03-21 00:00:00,85.07,186.63
wireless-earbuds,store_001,2026-03-22 00:00:00,210.14,81.86
smart-watch,store_001,2026-03-22 00:00:00,73.24,237.6
bluetooth-speaker,store_001,2026-03-22 00:00:00,192.01,53.89
noise-cancelling-headphones,store_001,2026-03-22 00:00:00,122.11,218.07
4k-webcam,store_001,2026-03-22 00:00:00,116.21,85.07
mechanical-keyboard,store_001,2026-03-22 00:00:00,145.28,127.36
gaming-mouse,store_001,2026-03-22 00:00:00,173.93,70.52
usb-c-hub,store_001,2026-03-22 00:00:00,289.15,42.22
portable-ssd,store_001,2026-03-22 00:00:00,134.96,85.35
smart-display,store_001,2026-03-22 00:00:00,87.3,136.45
robot-vacuum,store_001,2026-03-22 00:00:00,66.67,301.85
action-camera,store_001,2026-03-22 00:00:00,53.0,174.1
wireless-earbuds,store_001,2026-03-23 00:00:00,,79.99
smart-watch,store_001,2026-03-23 00:00:00,,249.99
bluetooth-speaker,store_001,2026-03-23 00:00:00,,49.99
noise-cancelling-headphones,store_001,2026-03-23 00:00:00,,199.99
4k-webcam,store_001,2026-03-23 00:00:00,,89.99
mechanical-keyboard,store_001,2026-03-23 00:00:00,,129.99
gaming-mouse,store_001,2026-03-23 00:00:00,,69.99
usb-c-hub,store_001,2026-03-23 00:00:00,,39.99
portable-ssd,store_001,2026-03-23 00:00:00,,89.99
smart-display,store_001,2026-03-23 00:00:00,,149.99
robot-vacuum,store_001,2026-03-23 00:00:00,,299.99
action-camera,store_001,2026-03-23 00:00:00,,179.99
wireless-earbuds,store_001,2026-03-24 00:00:00,,79.99
smart-watch,store_001,2026-03-24 00:00:00,,249.99
bluetooth-speaker,store_001,2026-03-24 00:00:00,,49.99
noise-cancelling-headphones,store_001,2026-03-24 00:00:00,,199.99
4k-webcam,store_001,2026-03-24 00:00:00,,89.99
mechanical-keyboard,store_001,2026-03-24 00:00:00,,129.99
gaming-mouse,store_001,2026-03-24 00:00:00,,69.99
usb-c-hub,store_001,2026-03-24 00:00:00,,39.99
portable-ssd,store_001,2026-03-24 00:00:00,,89.99
smart-display,store_001,2026-03-24 00:00:00,,149.99
robot-vacuum,store_001,2026-03-24 00:00:00,,299.99
action-camera,store_001,2026-03-24 00:00:00,,179.99
wireless-earbuds,store_001,2026-03-25 00:00:00,,79.99
smart-watch,store_001,2026-03-25 00:00:00,,249.99
bluetooth-speaker,store_001,2026-03-25 00:00:00,,49.99
noise-cancelling-headphones,store_001,2026-03-25 00:00:00,,199.99
4k-webcam,store_001,2026-03-25 00:00:00,,89.99
mechanical-keyboard,store_001,2026-03-25 00:00:00,,129.99
gaming-mouse,store_001,2026-03-25 00:00:00,,69.99
usb-c-hub,store_001,2026-03-25 00:00:00,,39.99
portable-ssd,store_001,2026-03-25 00:00:00,,89.99
smart-display,store_001,2026-03-25 00:00:00,,149.99
robot-vacuum,store_001,2026-03-25 00:00:00,,299.99
action-camera,store_001,2026-03-25 00:00:00,,179.99
wireless-earbuds,store_001,2026-03-26 00:00:00,,79.99
smart-watch,store_001,2026-03-26 00:00:00,,249.99
bluetooth-speaker,store_001,2026-03-26 00:00:00,,49.99
noise-cancelling-headphones,store_001,2026-03-26 00:00:00,,199.99
4k-webcam,store_001,2026-03-26 00:00:00,,89.99
mechanical-keyboard,store_001,2026-03-26 00:00:00,,129.99
gaming-mouse,store_001,2026-03-26 00:00:00,,69.99
usb-c-hub,store_001,2026-03-26 00:00:00,,39.99
portable-ssd,store_001,2026-03-26 00:00:00,,89.99
smart-display,store_001,2026-03-26 00:00:00,,149.99
robot-vacuum,store_001,2026-03-26 00:00:00,,299.99
action-camera,store_001,2026-03-26 00:00:00,,179.99
wireless-earbuds,store_001,2026-03-27 00:00:00,,79.99
smart-watch,store_001,2026-03-27 00:00:00,,249.99
bluetooth-speaker,store_001,2026-03-27 00:00:00,,49.99
noise-cancelling-headphones,store_001,2026-03-27 00:00:00,,199.99
4k-webcam,store_001,2026-03-27 00:00:00,,89.99
mechanical-keyboard,store_001,2026-03-27 00:00:00,,129.99
gaming-mouse,store_001,2026-03-27 00:00:00,,69.99
usb-c-hub,store_001,2026-03-27 00:00:00,,39.99
portable-ssd,store_001,2026-03-27 00:00:00,,89.99
smart-display,store_001,2026-03-27 00:00:00,,149.99
robot-vacuum,store_001,2026-03-27 00:00:00,,299.99
action-camera,store_001,2026-03-27 00:00:00,,179.99
wireless-earbuds,store_001,2026-03-28 00:00:00,,79.99
smart-watch,store_001,2026-03-28 00:00:00,,249.99
bluetooth-speaker,store_001,2026-03-28 00:00:00,,49.99
noise-cancelling-headphones,store_001,2026-03-28 00:00:00,,199.99
4k-webcam,store_001,2026-03-28 00:00:00,,89.99
mechanical-keyboard,store_001,2026-03-28 00:00:00,,129.99
gaming-mouse,store_001,2026-03-28 00:00:00,,69.99
usb-c-hub,store_001,2026-03-28 00:00:00,,39.99
portable-ssd,store_001,2026-03-28 00:00:00,,89.99
smart-display,store_001,2026-03-28 00:00:00,,149.99
robot-vacuum,store_001,2026-03-28 00:00:00,,299.99
action-camera,store_001,2026-03-28 00:00:00,,179.99
wireless-earbuds,store_001,2026-03-29 00:00:00,,79.99
smart-watch,store_001,2026-03-29 00:00:00,,249.99
bluetooth-speaker,store_001,2026-03-29 00:00:00,,49.99
noise-cancelling-headphones,store_001,2026-03-29 00:00:00,,199.99
4k-webcam,store_001,2026-03-29 00:00:00,,89.99
mechanical-keyboard,store_001,2026-03-29 00:00:00,,129.99
gaming-mouse,store_001,2026-03-29 00:00:00,,69.99
usb-c-hub,store_001,2026-03-29 00:00:00,,39.99
portable-ssd,store_001,2026-03-29 00:00:00,,89.99
smart-display,store_001,2026-03-29 00:00:00,,149.99
robot-vacuum,store_001,2026-03-29 00:00:00,,299.99
action-camera,store_001,2026-03-29 00:00:00,,179.99
wireless-earbuds,store_001,2026-03-30 00:00:00,,79.99
smart-watch,store_001,2026-03-30 00:00:00,,249.99
bluetooth-speaker,store_001,2026-03-30 00:00:00,,49.99
noise-cancelling-headphones,store_001,2026-03-30 00:00:00,,199.99
4k-webcam,store_001,2026-03-30 00:00:00,,89.99
mechanical-keyboard,store_001,2026-03-30 00:00:00,,129.99
gaming-mouse,store_001,2026-03-30 00:00:00,,69.99
usb-c-hub,store_001,2026-03-30 00:00:00,,39.99
portable-ssd,store_001,2026-03-30 00:00:00,,89.99
smart-display,store_001,2026-03-30 00:00:00,,149.99
robot-vacuum,store_001,2026-03-30 00:00:00,,299.99
action-camera,store_001,2026-03-30 00:00:00,,179.99
wireless-earbuds,store_001,2026-03-31 00:00:00,,79.99
smart-watch,store_001,2026-03-31 00:00:00,,249.99
bluetooth-speaker,store_001,2026-03-31 00:00:00,,49.99
noise-cancelling-headphones,store_001,2026-03-31 00:00:00,,199.99
4k-webcam,store_001,2026-03-31 00:00:00,,89.99
mechanical-keyboard,store_001,2026-03-31 00:00:00,,129.99
gaming-mouse,store_001,2026-03-31 00:00:00,,69.99
usb-c-hub,store_001,2026-03-31 00:00:00,,39.99
portable-ssd,store_001,2026-03-31 00:00:00,,89.99
smart-display,store_001,2026-03-31 00:00:00,,149.99
robot-vacuum,store_001,2026-03-31 00:00:00,,299.99
action-camera,store_001,2026-03-31 00:00:00,,179.99
wireless-earbuds,store_001,2026-04-01 00:00:00,,79.99
smart-watch,store_001,2026-04-01 00:00:00,,249.99
bluetooth-speaker,store_001,2026-04-01 00:00:00,,49.99
noise-cancelling-headphones,store_001,2026-04-01 00:00:00,,199.99
4k-webcam,store_001,2026-04-01 00:00:00,,89.99
mechanical-keyboard,store_001,2026-04-01 00:00:00,,129.99
gaming-mouse,store_001,2026-04-01 00:00:00,,69.99
usb-c-hub,store_001,2026-04-01 00:00:00,,39.99
portable-ssd,store_001,2026-04-01 00:00:00,,89.99
smart-display,store_001,2026-04-01 00:00:00,,149.99
robot-vacuum,store_001,2026-04-01 00:00:00,,299.99
action-camera,store_001,2026-04-01 00:00:00,,179.99
wireless-earbuds,store_001,2026-04-02 00:00:00,,79.99
smart-watch,store_001,2026-04-02 00:00:00,,249.99
bluetooth-speaker,store_001,2026-04-02 00:00:00,,49.99
noise-cancelling-headphones,store_001,2026-04-02 00:00:00,,199.99
4k-webcam,store_001,2026-04-02 00:00:00,,89.99
mechanical-keyboard,store_001,2026-04-02 00:00:00,,129.99
gaming-mouse,store_001,2026-04-02 00:00:00,,69.99
usb-c-hub,store_001,2026-04-02 00:00:00,,39.99
portable-ssd,store_001,2026-04-02 00:00:00,,89.99
smart-display,store_001,2026-04-02 00:00:00,,149.99
robot-vacuum,store_001,2026-04-02 00:00:00,,299.99
action-camera,store_001,2026-04-02 00:00:00,,179.99
wireless-earbuds,store_001,2026-04-03 00:00:00,,79.99
smart-watch,store_001,2026-04-03 00:00:00,,249.99
bluetooth-speaker,store_001,2026-04-03 00:00:00,,49.99
noise-cancelling-headphones,store_001,2026-04-03 00:00:00,,199.99
4k-webcam,store_001,2026-04-03 00:00:00,,89.99
mechanical-keyboard,store_001,2026-04-03 00:00:00,,129.99
gaming-mouse,store_001,2026-04-03 00:00:00,,69.99
usb-c-hub,store_001,2026-04-03 00:00:00,,39.99
portable-ssd,store_001,2026-04-03 00:00:00,,89.99
smart-display,store_001,2026-04-03 00:00:00,,149.99
robot-vacuum,store_001,2026-04-03 00:00:00,,299.99
action-camera,store_001,2026-04-03 00:00:00,,179.99
wireless-earbuds,store_001,2026-04-04 00:00:00,,79.99
smart-watch,store_001,2026-04-04 00:00:00,,249.99
bluetooth-speaker,store_001,2026-04-04 00:00:00,,49.99
noise-cancelling-headphones,store_001,2026-04-04 00:00:00,,199.99
4k-webcam,store_001,2026-04-04 00:00:00,,89.99
mechanical-keyboard,store_001,2026-04-04 00:00:00,,129.99
gaming-mouse,store_001,2026-04-04 00:00:00,,69.99
usb-c-hub,store_001,2026-04-04 00:00:00,,39.99
portable-ssd,store_001,2026-04-04 00:00:00,,89.99
smart-display,store_001,2026-04-04 00:00:00,,149.99
robot-vacuum,store_001,2026-04-04 00:00:00,,299.99
action-camera,store_001,2026-04-04 00:00:00,,179.99
wireless-earbuds,store_001,2026-04-05 00:00:00,,79.99
smart-watch,store_001,2026-04-05 00:00:00,,249.99
bluetooth-speaker,store_001,2026-04-05 00:00:00,,49.99
noise-cancelling-headphones,store_001,2026-04-05 00:00:00,,199.99
4k-webcam,store_001,2026-04-05 00:00:00,,89.99
mechanical-keyboard,store_001,2026-04-05 00:00:00,,129.99
gaming-mouse,store_001,2026-04-05 00:00:00,,69.99
usb-c-hub,store_001,2026-04-05 00:00:00,,39.99
portable-ssd,store_001,2026-04-05 00:00:00,,89.99
smart-display,store_001,2026-04-05 00:00:00,,149.99
robot-vacuum,store_001,2026-04-05 00:00:00,,299.99
action-camera,store_001,2026-04-05 00:00:00,,179.99
